status,station,city,state,country,location,timezone,latitude,longitude,uid,city_lat,city_lon,state_lat,state_lon,updated_at,isOnline,AQI_IN,aqi,co,no2,o3,pm10,pm25,so2,t,clouds,condition,feels_like_c,feels_like_f,gust_kph,gust_mph,humidity,precip_in,precip_mm,pressure_in,pressure_mb,temp_c,temp_f,uv,vis_km,vis_miles,wind_degree,wind_dir,wind_kph,wind_mph,uv_condition,Date
success,"Soni Ni Chali, Ahmedabad, Gujarat, India",Ahmedabad,Gujarat,India,Ahmedabad,Asia/Kolkata,23.0225,72.5714,VIR215,23.0225,72.5714,22.385,71.7453,2026-02-01T11:51:01.000Z,TRUE,311,209,288,46,22,169,141,17,,0,Mist,24.4,75.9,5.8,3.6,61,0,0,30.06,1018,24.1,75.4,5,1.2,0,51,NE,5,3.1,Moderate,2/1/2026
success,"ISRO Colony, Bangalore, Karnataka, India",Bangalore,Karnataka,India,Bangalore,Asia/Kolkata,12.9789,77.5917,PLLODA000328,12.9789,77.5917,14.5204,75.7224,2026-02-01T11:51:01.000Z,TRUE,87,135,271,17,29,68,52,2,,25,Mist,24.7,76.5,20.3,12.6,47,0,0,30.18,1022,24.3,75.7,10.5,5,3,100,E,17.6,11,Extreme,2/1/2026
success,"Kazhikundram, Chennai, Tamil Nadu, India",Chennai,Tamil Nadu,India,Chennai,Asia/Kolkata,13.0825,80.275,11279,13.0825,80.275,10.9094,78.3665,2026-02-01T11:41:01.000Z,TRUE,87,141,366,4,11,66,52,2,,50,Partly cloudy,31.2,88.1,24.8,15.4,70,0,0.01,30.03,1017,29,84.2,8.8,6,3,51,NE,21.6,13.4,Very High,2/1/2026
success,"Kompally, Hyderabad, Telangana, India",Hyderabad,Telangana,India,Hyderabad,Asia/Kolkata,17.4399,78.4983,14149,17.4399,78.4983,17.8496,79.1152,2026-02-01T11:41:01.000Z,TRUE,239,181,262,7,17,127,102,3,,25,Mist,25,77,16.2,10,57,0,0,30.18,1022,24,75.2,7.6,4,2,121,ESE,14,8.7,Very High,2/1/2026
success,"Kamardanga, Kolkata, West Bengal, India",Kolkata,West Bengal,India,Kolkata,Asia/Kolkata,22.62,88.42,VIR5520,22.62,88.42,22.9965,87.6856,2026-02-01T11:41:01.000Z,TRUE,232,179,356,22,12,122,100,2,,50,Mist,22.6,72.7,15.3,9.5,50,0,0,30.09,1019,23,73.4,6.3,2.8,1,348,NNW,13.3,8.3,High,2/1/2026
success,"Mahim, Mumbai, Maharashtra, India",Mumbai,Maharashtra,India,Mumbai,Asia/Kolkata,19.0761,72.8775,13715,19.0761,72.8775,18.9068,75.6742,2026-02-01T11:41:01.000Z,TRUE,291,202,252,30,17,152,127,4,,0,Mist,32.7,90.9,8.9,5.5,55,0,0,30.03,1017,29.3,84.7,5.8,1.6,0,354,N,6.1,3.8,High,2/1/2026
success,"Dwarka, New Delhi, Delhi, India",New Delhi,Delhi,India,New Delhi,Asia/Kolkata,28.6325,77.2205,8181,28.6325,77.2205,28.6274,77.1717,2026-02-01T11:51:01.000Z,TRUE,182,169,168,49,25,109,85,10,,75,Moderate or heavy rain with thunder,17,62.6,10.5,6.6,63,0.01,0.15,30.15,1021,17,62.6,3.5,2.5,1,164,SSE,8.6,5.4,Moderate,2/1/2026
success,"Manjri, Pune, Maharashtra, India",Pune,Maharashtra,India,Pune,Asia/Kolkata,18.5203,73.8567,3767,18.5203,73.8567,18.9068,75.6742,2026-02-01T11:41:00.000Z,TRUE,244,184,233,30,26,127,104,2,,6,Sunny,26.6,79.9,16.6,10.3,30,0,0,30.03,1017,27.6,81.7,6.8,10,6,123,ESE,14.4,8.9,High,2/1/2026
success,"Talkatora, Lucknow, Uttar Pradesh, India",Lucknow,Uttar Pradesh,India,Lucknow,Asia/Kolkata,26.85,80.95,8188,26.85,80.95,27.1303,80.8597,2026-02-01T11:41:01.000Z,TRUE,353,262,234,28,15,235,190,6,,0,Mist,17.3,63.1,7.5,4.6,83,0,0,30.15,1021,17.3,63.1,4.5,1.2,0,333,NNW,6.5,4,Moderate,2/1/2026
success,"Phase 2, Ludhiana, Punjab, India",Ludhiana,Punjab,India,Ludhiana,Asia/Kolkata,30.91,75.85,VIR13356,30.91,75.85,30.9293,75.5005,2026-02-01T11:51:01.000Z,TRUE,371,280,166,7,24,260,212,20,,86,Patchy rain nearby,18.2,64.7,6.5,4,64,0,0.01,30.12,1020,18.2,64.7,2.8,10,6,133,SE,5.4,3.4,Moderate,2/1/2026
success,"Sector D Industrial Area, Bhopal, Madhya Pradesh, India",Bhopal,Madhya Pradesh,India,Bhopal,Asia/Kolkata,23.2599,77.4126,11275,23.2599,77.4126,23.8143,77.5341,2026-02-01T11:41:00.000Z,TRUE,82,132,281,38,24,66,49,5,,50,Mist,23.7,74.7,14.5,9,36,0,0,30.15,1021,23.2,73.8,4.4,5,3,141,SE,12.6,7.8,Moderate,2/1/2026
success,"Baliawas, Gurgaon, Haryana, India",Gurgaon,Haryana,India,Gurgaon,Asia/Kolkata,28.456,77.029,11300,28.456,77.029,29,76,2026-02-01T11:41:00.000Z,TRUE,266,189,338,12,24,143,113,2,,75,Moderate or heavy rain with thunder,17,62.6,11.9,7.4,63,0.02,0.49,30.15,1021,17,62.6,2.9,2.5,1,175,S,9.7,6,Moderate,2/1/2026
success,"Kathrikadavu, Kochi, Kerala, India",Kochi,Kerala,India,Kochi,Asia/Kolkata,9.9312,76.2673,PLLODA000140,9.9312,76.2673,10.3529,76.512,2026-02-01T11:41:01.000Z,TRUE,80,130,380,7,25,58,48,2,,0,Mist,31.6,88.8,9.5,5.9,46,0,0,29.97,1015,30,86,9.7,5,3,265,W,8.3,5.1,Very High,2/1/2026
success,"Arunika Vihar, Bhubaneswar, Odisha, India",Bhubaneswar,Odisha,India,Bhubaneswar,Asia/Kolkata,20.2644,85.8281,VIR2431,20.2644,85.8281,20.5431,84.6897,2026-02-01T11:41:01.000Z,TRUE,263,189,404,7,27,138,112,2,,0,Mist,26.3,79.4,8.7,5.4,54,0,0,30.09,1019,26.4,79.5,6.2,2,1,65,ENE,7.6,4.7,High,2/1/2026
success,"Gandhi Nagar Colony, Ranchi, Jharkhand, India",Ranchi,Jharkhand,India,Ranchi,Asia/Kolkata,23.36,85.33,VIR18962,23.36,85.33,23.456,85.2557,2026-02-01T11:41:01.000Z,TRUE,266,182,395,7,26,132,110,2,,50,Overcast,20.3,68.5,10.8,6.7,60,0,0,30.21,1023,20.3,68.5,6.1,1.5,0,326,NNW,3.6,2.2,High,2/1/2026
success,"Vidya Nagar, Madgaon, Goa, India",Madgaon,Goa,India,Madgaon,Asia/Kolkata,15.33,73.98,ACA704868534,15.33,73.98,15.3005,74.0855,2026-02-01T11:41:36.000Z,TRUE,94,148,,,,68,56,,,0,Sunny,31.5,88.7,6.2,3.9,27,0,0,29.95,1014,32.6,90.7,7.9,10,6,123,ESE,5.4,3.4,Very High,2/1/2026
success,"Jhotwara, Jaipur, Rajasthan, India",Jaipur,Rajasthan,India,Jaipur,Asia/Kolkata,26.8845,75.7933,11304,26.8845,75.7933,26.8106,73.7685,2026-02-01T11:41:01.000Z,TRUE,146,162,443,46,8,91,74,5,,50,Mist,20.1,68.2,13.2,8.2,64,0,0,30.15,1021,20.1,68.2,3.9,2.5,1,151,SSE,11.5,7.2,Moderate,2/1/2026
success,"Ie, Raipur, Chhattisgarh, India",Raipur,Chhattisgarh,India,Raipur,Asia/Kolkata,21.2444,81.6306,VIR18914,21.2444,81.6306,21.6637,81.8406,2026-02-01T11:41:01.000Z,TRUE,217,175,69,36,5,109,95,22,,4,Sunny,25.3,77.5,11.2,7,19,0,0,30.06,1018,27.1,80.7,6.2,10,6,67,ENE,9.7,6,High,2/1/2026
success,"Bongshar, Guwahati, Assam, India",Guwahati,Assam,India,Guwahati,Asia/Kolkata,26.1722,91.7458,VIR8658,26.1722,91.7458,26.4074,93.2551,2026-02-01T11:41:01.000Z,TRUE,320,211,443,1,6,183,146,13,,50,Mist,23.3,73.9,9.5,5.9,73,0,0,30.06,1018,22.3,72.1,4.4,1.5,0,61,ENE,8.3,5.1,Moderate,2/1/2026
success,"Gulzarbagh, Patna, Bihar, India",Patna,Bihar,India,Patna,Asia/Kolkata,25.594,85.1376,VIR17517,25.594,85.1376,25.6441,85.9065,2026-02-01T11:41:01.000Z,TRUE,320,208,211,10,13,183,147,2,,50,Mist,19.1,66.4,7.9,4.9,68,0,0,30.15,1021,19.1,66.4,4.4,2,1,254,WSW,6.8,4.3,Moderate,2/1/2026
success,"Landour, Dehradun, Uttarakhand, India",Dehradun,Uttarakhand,India,Dehradun,Asia/Kolkata,30.345,78.029,12541,30.345,78.029,30.0417,79.0897,2026-02-01T11:41:00.000Z,TRUE,83,120,269,5,20,58,46,2,,55,Partly Cloudy,15.2,59.3,9.1,5.6,29,0,0,30.11,1020,15.2,59.3,3.5,10,6,214,SW,6.1,3.8,Moderate,2/1/2026
success,"Bani, Shimla, Himachal Pradesh, India",Shimla,Himachal Pradesh,India,Shimla,Asia/Kolkata,31.1033,77.1722,VIR21213,31.1033,77.1722,31.9292,77.1828,2026-02-01T11:41:01.000Z,TRUE,32,70,393,2,30,24,20,35,,74,Patchy rain nearby,12.7,54.8,5.5,3.4,40,0,0.02,30.12,1020,12.2,53.9,3.4,10,6,193,SSW,3.6,2.2,Moderate,2/1/2026
success,"Nhpc Quarters, Gangtok, Sikkim, India",Gangtok,Sikkim,India,Gangtok,Asia/Kolkata,27.33,88.62,VIR7722,27.33,88.62,27.601,88.4541,2026-02-01T11:41:01.000Z,TRUE,46,82,115,3,8,45,27,2,,3,Sunny,17,62.6,12.9,8,38,0,0,30.08,1019,17,62.6,5.4,10,6,211,SSW,11.2,6.9,High,2/1/2026
success,"CP Nagar 1, Ahmedabad, Gujarat, India",Ahmedabad,Gujarat,India,Ahmedabad,Asia/Kolkata,23.0225,72.5714,PLLODA000123,23.0225,72.5714,22.385,71.7453,2026-02-01T22:11:01.000Z,TRUE,168,167,195,51,48,97,81,20,,0,Mist,24.1,75.4,29.9,18.6,61,0,0,30.03,1017,23.3,73.9,0,2,1,339,NNW,15.1,9.4,Low,2/1/2026
success,"Tavarekere, Bangalore, Karnataka, India",Bangalore,Karnataka,India,Bangalore,Asia/Kolkata,12.9789,77.5917,VIR1721,12.9789,77.5917,14.5204,75.7224,2026-02-01T22:11:01.000Z,TRUE,108,152,244,20,34,77,61,2,,0,Mist,21.1,70,31.6,19.7,69,0,0,30.15,1021,21.1,70,0,5,3,109,ESE,21.2,13.2,Low,2/1/2026
success,"Sivakami Nagar, Chennai, Tamil Nadu, India",Chennai,Tamil Nadu,India,Chennai,Asia/Kolkata,13.0825,80.275,14144,13.0825,80.275,10.9094,78.3665,2026-02-01T22:21:02.000Z,TRUE,193,171,177,11,25,104,88,2,,50,Mist,28.1,82.5,23.5,14.6,79,0,0,30,1016,26.1,79,0,5,3,52,NE,14.8,9.2,Low,2/1/2026
success,"Ramachandrapuram, Hyderabad, Telangana, India",Hyderabad,Telangana,India,Hyderabad,Asia/Kolkata,17.4399,78.4983,14140,17.4399,78.4983,17.8496,79.1152,2026-02-01T22:11:01.000Z,TRUE,284,200,217,13,31,159,125,2,,25,Mist,24.7,76.5,21.3,13.2,65,0,0,30.12,1020,23.2,73.8,0,3,1,118,ESE,10.8,6.7,Low,2/1/2026
success,"Kamardanga, Kolkata, West Bengal, India",Kolkata,West Bengal,India,Kolkata,Asia/Kolkata,22.62,88.42,VIR5520,22.62,88.42,22.9965,87.6856,2026-02-01T22:21:02.000Z,TRUE,314,215,156,37,37,178,148,2,,25,Mist,19.2,66.6,17.4,10.8,64,0,0,30.06,1018,19.2,66.6,0,2.8,1,13,NNE,8.3,5.1,Low,2/1/2026
success,"Mahim, Mumbai, Maharashtra, India",Mumbai,Maharashtra,India,Mumbai,Asia/Kolkata,19.0761,72.8775,13715,19.0761,72.8775,18.9068,75.6742,2026-02-01T22:21:02.000Z,TRUE,307,208,230,40,50,163,138,2,,0,Overcast,29.8,85.6,23.4,14.5,62,0,0,30,1016,27.3,81.1,0,2.1,1,344,NNW,12.6,7.8,Low,2/1/2026
success,"Dwarka, New Delhi, Delhi, India",New Delhi,Delhi,India,New Delhi,Asia/Kolkata,28.6325,77.2205,8181,28.6325,77.2205,28.6274,77.1717,2026-02-01T22:11:01.000Z,TRUE,353,262,239,46,41,236,191,9,,50,Mist,16.2,61.2,9.4,5.9,77,0,0,30.15,1021,16.2,61.2,0,3.2,1,222,SW,4.7,2.9,Low,2/1/2026
success,"Manjri, Pune, Maharashtra, India",Pune,Maharashtra,India,Pune,Asia/Kolkata,18.5203,73.8567,3767,18.5203,73.8567,18.9068,75.6742,2026-02-01T22:11:01.000Z,TRUE,190,172,216,34,53,108,88,2,,10,Clear,21.6,70.8,6,3.8,37,0,0,30.02,1017,21.6,70.8,0,10,6,156,SSE,3.6,2.2,Low,2/1/2026
success,"Talkatora, Lucknow, Uttar Pradesh, India",Lucknow,Uttar Pradesh,India,Lucknow,Asia/Kolkata,26.85,80.95,8188,26.85,80.95,27.1303,80.8597,2026-02-01T22:11:01.000Z,TRUE,368,290,114,35,38,262,211,9,,0,Mist,16.3,61.3,6,3.8,94,0,0.04,30.12,1020,16.3,61.3,0,3,1,298,WNW,3.6,2.2,Low,2/1/2026
success,"Phase 2, Ludhiana, Punjab, India",Ludhiana,Punjab,India,Ludhiana,Asia/Kolkata,30.91,75.85,VIR13356,30.91,75.85,30.9293,75.5005,2026-02-01T22:11:01.000Z,TRUE,365,268,119,11,25,251,205,21,,13,Clear,11.2,52.1,16.6,10.3,93,0,0,30.13,1020,11.8,53.3,0,10,6,33,NNE,7.9,4.9,Low,2/1/2026
success,"Kasera Bazar, Bhopal, Madhya Pradesh, India",Bhopal,Madhya Pradesh,India,Bhopal,Asia/Kolkata,23.2599,77.4126,PLLODA000552,23.2599,77.4126,23.8143,77.5341,2026-02-01T22:11:01.000Z,TRUE,155,164,53,52,52,93,76,7,,45,Partly Cloudy,21.8,71.3,8.3,5.2,42,0,0,30.04,1017,21.8,71.3,0,10,6,176,S,4,2.5,Low,2/1/2026
success,"Baliawas, Gurgaon, Haryana, India",Gurgaon,Haryana,India,Gurgaon,Asia/Kolkata,28.456,77.029,11300,28.456,77.029,29,76,2026-02-01T22:21:01.000Z,TRUE,349,262,354,15,25,231,186,3,,50,Mist,16.2,61.2,11.3,7,77,0,0,30.15,1021,16.2,61.2,0,3.2,1,212,SSW,5.4,3.4,Low,2/1/2026
success,"Edayar, Kochi, Kerala, India",Kochi,Kerala,India,Kochi,Asia/Kolkata,9.9312,76.2673,11919,9.9312,76.2673,10.3529,76.512,2026-02-01T22:11:01.000Z,TRUE,173,166,370,11,22,94,82,2,,50,Mist,32.2,89.9,7.2,4.5,70,0,0,29.94,1014,28.3,82.9,0,4,2,6,N,4.7,2.9,Low,2/1/2026
success,"Arunika Vihar, Bhubaneswar, Odisha, India",Bhubaneswar,Odisha,India,Bhubaneswar,Asia/Kolkata,20.2644,85.8281,VIR2431,20.2644,85.8281,20.5431,84.6897,2026-02-01T22:11:01.000Z,TRUE,312,219,400,10,22,175,146,2,,50,Mist,20.4,68.7,10.8,6.7,83,0,0,30.06,1018,20.4,68.7,0,1.8,1,359,N,3.6,2.2,Low,2/1/2026
success,"Gandhi Nagar Colony, Ranchi, Jharkhand, India",Ranchi,Jharkhand,India,Ranchi,Asia/Kolkata,23.36,85.33,VIR18962,23.36,85.33,23.456,85.2557,2026-02-01T22:21:02.000Z,TRUE,178,167,378,12,22,106,83,2,,25,Mist,16.1,61,16.6,10.3,59,0,0,30.18,1022,16.1,61,0,3,1,332,NNW,7.9,4.9,Low,2/1/2026
success,"Vidya Nagar, Madgaon, Goa, India",Madgaon,Goa,India,Madgaon,Asia/Kolkata,15.33,73.98,ACA704868534,15.33,73.98,15.3005,74.0855,2026-02-01T22:21:35.000Z,TRUE,261,188,,,,125,109,,,0,Clear,21.5,70.7,12.9,8,76,0,0,29.98,1015,21.5,70.7,0,10,6,3,N,6.1,3.8,Low,2/1/2026
success,"Ward 27, Jaipur, Rajasthan, India",Jaipur,Rajasthan,India,Jaipur,Asia/Kolkata,26.8845,75.7933,VIR10340,26.8845,75.7933,26.8106,73.7685,2026-02-01T22:21:02.000Z,TRUE,285,204,58,62,46,161,129,2,,25,Mist,18.1,64.6,29.5,18.3,83,0,0,30.15,1021,18.1,64.6,0,1.8,1,359,N,14,8.7,Low,2/1/2026
success,"Ie, Raipur, Chhattisgarh, India",Raipur,Chhattisgarh,India,Raipur,Asia/Kolkata,21.2444,81.6306,VIR18914,21.2444,81.6306,21.6637,81.8406,2026-02-01T22:21:02.000Z,TRUE,165,166,30,46,29,88,80,38,,3,Clear,21.3,70.3,15.9,9.9,27,0,0,30.04,1017,21.3,70.3,0,10,6,103,ESE,7.6,4.7,Low,2/1/2026
success,"Bongshar, Guwahati, Assam, India",Guwahati,Assam,India,Guwahati,Asia/Kolkata,26.1722,91.7458,VIR8658,26.1722,91.7458,26.4074,93.2551,2026-02-01T22:11:01.000Z,TRUE,340,234,36,11,24,210,171,30,,50,Mist,18.3,64.9,9.8,6.1,94,0,0,30.06,1018,18.3,64.9,0,2,1,225,SW,4.7,2.9,Low,2/1/2026
success,"Gulzarbagh, Patna, Bihar, India",Patna,Bihar,India,Patna,Asia/Kolkata,25.594,85.1376,VIR17517,25.594,85.1376,25.6441,85.9065,2026-02-01T22:11:01.000Z,TRUE,367,273,43,14,61,241,206,2,,25,Mist,15.3,59.5,16.6,10.3,82,0,0,30.09,1019,15.3,59.5,0,2.5,1,263,W,7.9,4.9,Low,2/1/2026
success,"Landour, Dehradun, Uttarakhand, India",Dehradun,Uttarakhand,India,Dehradun,Asia/Kolkata,30.345,78.029,12541,30.345,78.029,30.0417,79.0897,2026-02-01T22:11:00.000Z,TRUE,100,134,385,11,30,70,55,2,,84,Patchy light rain in area with thunder,8.7,47.6,16.3,10.2,86,0.04,1.06,30.17,1022,9.9,49.8,0,10,6,49,NE,9,5.6,Low,2/1/2026
success,"Bani, Shimla, Himachal Pradesh, India",Shimla,Himachal Pradesh,India,Shimla,Asia/Kolkata,31.1033,77.1722,VIR21213,31.1033,77.1722,31.9292,77.1828,2026-02-01T22:21:02.000Z,TRUE,54,95,56,10,63,44,32,52,,83,Patchy rain nearby,6.7,44.1,12.5,7.8,85,0.01,0.25,30.18,1022,8,46.4,0,9,5,98,E,7.9,4.9,Low,2/1/2026
success,"Nhpc Quarters, Gangtok, Sikkim, India",Gangtok,Sikkim,India,Gangtok,Asia/Kolkata,27.33,88.62,VIR7722,27.33,88.62,27.601,88.4541,2026-02-01T22:21:02.000Z,TRUE,112,136,50,12,64,64,58,2,,4,Clear,0.1,32.1,15.1,9.4,56,0,0,30.18,1022,2.2,35.9,0,10,6,33,NNE,7.2,4.5,Low,2/1/2026
success,"Bopal, Ahmedabad, Gujarat, India",Ahmedabad,Gujarat,India,Ahmedabad,Asia/Kolkata,23.0225,72.5714,13747,23.0225,72.5714,22.385,71.7453,2026-02-02T22:31:00.000Z,TRUE,139,160,395,12,16,86,72,2,,0,Overcast,25.6,78,29.7,18.4,44,0,0,30,1016,25.2,77.4,0,2.5,1,5,N,14.8,9.2,Low,2/2/2026
success,"Tavarekere, Bangalore, Karnataka, India",Bangalore,Karnataka,India,Bangalore,Asia/Kolkata,12.9789,77.5917,VIR1721,12.9789,77.5917,14.5204,75.7224,2026-02-02T22:31:00.000Z,TRUE,199,173,466,13,19,115,90,3,,0,Mist,21.3,70.3,31.6,19.6,73,0,0,30.12,1020,21.3,70.3,0,3.5,2,93,E,21.2,13.2,Low,2/2/2026
success,"Sivakami Nagar, Chennai, Tamil Nadu, India",Chennai,Tamil Nadu,India,Chennai,Asia/Kolkata,13.0825,80.275,14144,13.0825,80.275,10.9094,78.3665,2026-02-02T22:21:01.000Z,TRUE,268,186,504,5,10,136,112,2,,50,Mist,26.8,80.2,23.5,14.6,83,0,0,30,1016,25.1,77.2,0,4,2,54,NE,14.8,9.2,Low,2/2/2026
success,"Kompally, Hyderabad, Telangana, India",Hyderabad,Telangana,India,Hyderabad,Asia/Kolkata,17.4399,78.4983,14149,17.4399,78.4983,17.8496,79.1152,2026-02-02T22:31:00.000Z,TRUE,238,182,466,8,14,129,103,2,,25,Mist,24.9,76.7,18,11.2,65,0,0,30.12,1020,23.3,73.9,0,3,1,118,ESE,9.4,5.8,Low,2/2/2026
success,"Kamarhati, Kolkata, West Bengal, India",Kolkata,West Bengal,India,Kolkata,Asia/Kolkata,22.6686,88.3704,VIR10804,22.6686,88.3704,22.9965,87.6856,2026-02-02T22:21:01.000Z,TRUE,328,227,917,25,6,193,162,3,,25,Mist,20.3,68.5,15.1,9.4,46,0,0,30.03,1017,20.3,68.5,0,3.2,1,36,NE,7.2,4.5,Low,2/2/2026
success,"Worli, Mumbai, Maharashtra, India",Mumbai,Maharashtra,India,Mumbai,Asia/Kolkata,19.0761,72.8775,13706,19.0761,72.8775,18.9068,75.6742,2026-02-02T22:31:00.000Z,TRUE,222,177,535,19,16,118,97,7,,0,Overcast,30.7,87.2,19.9,12.4,45,0,0,29.97,1015,28,82.4,0,3,1,17,NNE,11.5,7.2,Low,2/2/2026
success,"Dwarka, New Delhi, Delhi, India",New Delhi,Delhi,India,New Delhi,Asia/Kolkata,28.6325,77.2205,8181,28.6325,77.2205,28.6274,77.1717,2026-02-02T22:31:00.000Z,TRUE,387,312,438,12,19,315,233,2,,25,Mist,12.7,54.8,17.4,10.8,94,0,0,30.09,1019,13.3,55.9,0,1.2,0,347,NNW,9.4,5.8,Low,2/2/2026
success,"Manjri, Pune, Maharashtra, India",Pune,Maharashtra,India,Pune,Asia/Kolkata,18.5203,73.8567,3767,18.5203,73.8567,18.9068,75.6742,2026-02-02T22:31:00.000Z,TRUE,225,181,372,11,21,123,100,2,,11,Clear,21.2,70.2,16.6,10.3,43,0,0,30,1016,21.2,70.2,0,10,6,283,WNW,7.9,4.9,Low,2/2/2026
success,"Haibat Mau Mawaiya, Lucknow, Uttar Pradesh, India",Lucknow,Uttar Pradesh,India,Lucknow,Asia/Kolkata,26.85,80.95,VIR13353,26.85,80.95,27.1303,80.8597,2026-02-02T22:31:00.000Z,TRUE,304,206,384,10,14,164,135,4,,50,Mist,19.3,66.7,16.6,10.3,78,0,0,30.06,1018,19.3,66.7,0,3,1,315,NW,7.9,4.9,Low,2/2/2026
success,"Phase 2, Ludhiana, Punjab, India",Ludhiana,Punjab,India,Ludhiana,Asia/Kolkata,30.91,75.85,VIR13356,30.91,75.85,30.9293,75.5005,2026-02-02T22:31:00.000Z,TRUE,313,207,443,11,18,181,141,2,,17,Clear,11.2,52.2,14.4,8.9,82,0,0,30.1,1019,11.7,53,0,10,6,314,NW,6.8,4.3,Low,2/2/2026
success,"Bagsewaniya, Bhopal, Madhya Pradesh, India",Bhopal,Madhya Pradesh,India,Bhopal,Asia/Kolkata,23.2599,77.4126,VIR2430,23.2599,77.4126,23.8143,77.5341,2026-02-02T22:21:01.000Z,TRUE,122,158,921,19,15,84,66,4,,50,Mist,19.1,66.4,24.2,15,100,0,0,30.09,1019,19.1,66.4,0,3.5,2,45,NE,11.5,7.2,Low,2/2/2026
success,"Baliawas, Gurgaon, Haryana, India",Gurgaon,Haryana,India,Gurgaon,Asia/Kolkata,28.456,77.029,11300,28.456,77.029,29,76,2026-02-02T22:31:00.000Z,TRUE,381,306,429,10,20,306,225,2,,25,Mist,12.7,54.8,17.7,11,94,0,0,30.09,1019,13.3,55.9,0,1.2,0,354,N,9.4,5.8,Low,2/2/2026
success,"Athirappilly, Kochi, Kerala, India",Kochi,Kerala,India,Kochi,Asia/Kolkata,9.9312,76.2673,VIR11633,9.9312,76.2673,10.3529,76.512,2026-02-02T22:21:01.000Z,TRUE,97,152,382,10,21,70,58,2,,50,Mist,32.2,89.9,10.3,6.4,79,0,0.05,29.94,1014,28.1,82.6,0,4,2,338,NNW,6.1,3.8,Low,2/2/2026
success,"Arunika Vihar, Bhubaneswar, Odisha, India",Bhubaneswar,Odisha,India,Bhubaneswar,Asia/Kolkata,20.2644,85.8281,VIR2431,20.2644,85.8281,20.5431,84.6897,2026-02-02T22:31:00.000Z,TRUE,310,217,386,11,20,172,143,2,,0,Mist,20.1,68.2,9.1,5.6,78,0,0,30.03,1017,20.1,68.2,0,1.8,1,115,ESE,4.3,2.7,Low,2/2/2026
success,"Gandhi Nagar Colony, Ranchi, Jharkhand, India",Ranchi,Jharkhand,India,Ranchi,Asia/Kolkata,23.36,85.33,VIR18962,23.36,85.33,23.456,85.2557,2026-02-02T22:21:01.000Z,TRUE,118,156,381,10,21,80,65,2,,0,Mist,15.2,59.4,18.1,11.3,63,0,0,30.18,1022,15.2,59.4,0,3,1,357,N,8.6,5.4,Low,2/2/2026
success,"Vidya Nagar, Madgaon, Goa, India",Madgaon,Goa,India,Madgaon,Asia/Kolkata,15.33,73.98,ACA704868534,15.33,73.98,15.3005,74.0855,2026-02-02T22:31:00.000Z,TRUE,200,176,,,,106,90,,,26,Partly Cloudy,22,71.6,12.9,8,72,0,0,29.95,1014,22,71.6,0,10,6,8,N,6.1,3.8,Low,2/2/2026
success,"Ward 27, Jaipur, Rajasthan, India",Jaipur,Rajasthan,India,Jaipur,Asia/Kolkata,26.8845,75.7933,VIR10340,26.8845,75.7933,26.8106,73.7685,2026-02-02T22:31:00.000Z,TRUE,141,158,463,13,20,91,71,3,,0,Mist,18.2,64.8,21.9,13.6,52,0,0,30.12,1020,18.2,64.8,0,4,2,9,N,10.4,6.5,Low,2/2/2026
success,"Ie, Raipur, Chhattisgarh, India",Raipur,Chhattisgarh,India,Raipur,Asia/Kolkata,21.2444,81.6306,VIR18914,21.2444,81.6306,21.6637,81.8406,2026-02-02T22:21:01.000Z,TRUE,195,171,1000,200,16,110,88,4,,13,Clear,23.4,74.1,19.7,12.2,31,0,0,30,1016,22.2,72,0,10,6,119,ESE,9.4,5.8,Low,2/2/2026
success,"Pan Bazaar, Guwahati, Assam, India",Guwahati,Assam,India,Guwahati,Asia/Kolkata,26.1722,91.7458,13729,26.1722,91.7458,26.4074,93.2551,2026-02-02T22:31:00.000Z,TRUE,333,225,826,8,6,201,162,8,,25,Mist,18.1,64.6,9.8,6.1,88,0,0,30.03,1017,18.1,64.6,0,2.5,1,216,SW,4.7,2.9,Low,2/2/2026
success,"Gulzarbagh, Patna, Bihar, India",Patna,Bihar,India,Patna,Asia/Kolkata,25.594,85.1376,VIR17517,25.594,85.1376,25.6441,85.9065,2026-02-02T22:31:00.000Z,TRUE,372,283,805,11,12,272,214,2,,50,Mist,20,68,12.1,7.5,78,0,0,30.06,1018,20,68,0,2.1,1,268,W,5.8,3.6,Low,2/2/2026
success,"Landour, Dehradun, Uttarakhand, India",Dehradun,Uttarakhand,India,Dehradun,Asia/Kolkata,30.345,78.029,12541,30.345,78.029,30.0417,79.0897,2026-02-02T22:31:00.000Z,TRUE,205,169,366,10,19,114,91,2,,13,Clear,11.6,52.8,10.3,6.4,69,0,0,30.1,1019,11.9,53.4,0,10,6,43,NE,6.5,4,Low,2/2/2026
success,"Bani, Shimla, Himachal Pradesh, India",Shimla,Himachal Pradesh,India,Shimla,Asia/Kolkata,31.1033,77.1722,VIR21213,31.1033,77.1722,31.9292,77.1828,2026-02-02T22:31:00.000Z,TRUE,55,97,1000,13,7,45,33,10,,9,Clear,9.8,49.6,7.3,4.5,68,0,0,30.12,1020,10,50,0,10,6,84,E,5,3.1,Low,2/2/2026
success,"Nhpc Quarters, Gangtok, Sikkim, India",Gangtok,Sikkim,India,Gangtok,Asia/Kolkata,27.33,88.62,VIR7722,27.33,88.62,27.601,88.4541,2026-02-02T22:31:00.000Z,TRUE,73,114,167,2,8,61,42,1,,10,Clear,1,33.8,13.6,8.5,62,0,0,30.17,1022,2.8,37,0,10,6,33,NNE,6.5,4,Low,2/2/2026
success,"Soni Ni Chali, Ahmedabad, Gujarat, India",Ahmedabad,Gujarat,India,Ahmedabad,Asia/Kolkata,23.0225,72.5714,VIR215,23.0225,72.5714,22.385,71.7453,2026-02-03T22:41:01.000Z,TRUE,206,173,150,40,41,110,92,19,,0,Overcast,24.8,76.6,24.2,15,57,0,0,30.03,1017,24.2,75.6,0,3,1,357,N,11.5,7.2,Low,2/3/2026
success,"Tavarekere, Bangalore, Karnataka, India",Bangalore,Karnataka,India,Bangalore,Asia/Kolkata,12.9789,77.5917,VIR1721,12.9789,77.5917,14.5204,75.7224,2026-02-03T22:51:01.000Z,TRUE,79,127,164,26,31,61,47,2,,0,Clear,20.3,68.5,30.2,18.7,68,0,0,30.15,1021,20.3,68.5,0,6,3,90,E,18.7,11.6,Low,2/3/2026
success,"Sivakami Nagar, Chennai, Tamil Nadu, India",Chennai,Tamil Nadu,India,Chennai,Asia/Kolkata,13.0825,80.275,14144,13.0825,80.275,10.9094,78.3665,2026-02-03T22:41:01.000Z,TRUE,53,92,142,13,26,39,31,2,,50,Partly cloudy,26.5,79.7,24.9,15.5,74,0,0,30,1016,25,77,0,6,3,48,NE,15.5,9.6,Low,2/3/2026
success,"Kompally, Hyderabad, Telangana, India",Hyderabad,Telangana,India,Hyderabad,Asia/Kolkata,17.4399,78.4983,14149,17.4399,78.4983,17.8496,79.1152,2026-02-03T22:51:01.000Z,TRUE,262,189,132,15,30,142,113,2,,50,Mist,24.6,76.2,17.7,11,65,0,0,30.15,1021,23,73.4,0,3,1,117,ESE,9.4,5.8,Low,2/3/2026
success,"Kamardanga, Kolkata, West Bengal, India",Kolkata,West Bengal,India,Kolkata,Asia/Kolkata,22.62,88.42,VIR5520,22.62,88.42,22.9965,87.6856,2026-02-03T22:41:01.000Z,TRUE,323,222,77,45,31,185,155,2,,25,Mist,20.2,68.4,15.9,9.9,64,0,0,30.06,1018,20.2,68.4,0,3,1,32,NNE,7.6,4.7,Low,2/3/2026
success,"Mahim, Mumbai, Maharashtra, India",Mumbai,Maharashtra,India,Mumbai,Asia/Kolkata,19.0761,72.8775,13715,19.0761,72.8775,18.9068,75.6742,2026-02-03T22:41:01.000Z,TRUE,245,183,155,48,48,124,105,17,,0,Overcast,30.2,86.3,23.4,14.5,45,0,0,29.97,1015,28.1,82.6,0,2.5,1,12,NNE,12.2,7.6,Low,2/3/2026
success,"Dwarka, New Delhi, Delhi, India",New Delhi,Delhi,India,New Delhi,Asia/Kolkata,28.6325,77.2205,8181,28.6325,77.2205,28.6274,77.1717,2026-02-03T22:41:00.000Z,TRUE,426,387,247,48,53,367,283,7,,25,Mist,15.4,59.7,14.4,8.9,72,0,0,30.18,1022,15.4,59.7,0,2,1,5,N,7.2,4.5,Low,2/3/2026
success,"Manjri, Pune, Maharashtra, India",Pune,Maharashtra,India,Pune,Asia/Kolkata,18.5203,73.8567,3767,18.5203,73.8567,18.9068,75.6742,2026-02-03T22:51:00.000Z,TRUE,224,187,185,35,39,126,103,2,,46,Partly Cloudy,24.3,75.8,5,3.1,36,0,0,30.01,1016,23.5,74.2,0,10,6,278,W,3.6,2.2,Low,2/3/2026
success,"Haibat Mau Mawaiya, Lucknow, Uttar Pradesh, India",Lucknow,Uttar Pradesh,India,Lucknow,Asia/Kolkata,26.85,80.95,VIR13353,26.85,80.95,27.1303,80.8597,2026-02-03T22:51:01.000Z,TRUE,338,246,98,32,31,204,173,9,,0,Mist,15.2,59.4,13.6,8.5,94,0,0,30.18,1022,15.2,59.4,0,2,1,315,NW,6.5,4,Low,2/3/2026
success,"Phase 2, Ludhiana, Punjab, India",Ludhiana,Punjab,India,Ludhiana,Asia/Kolkata,30.91,75.85,VIR13356,30.91,75.85,30.9293,75.5005,2026-02-03T22:41:01.000Z,TRUE,464,433,128,29,33,398,321,18,,44,Partly Cloudy,12,53.5,13.6,8.5,70,0,0,30.18,1022,12.3,54.1,0,10,6,26,NNE,6.5,4,Low,2/3/2026
success,"Bagsewaniya, Bhopal, Madhya Pradesh, India",Bhopal,Madhya Pradesh,India,Bhopal,Asia/Kolkata,23.2599,77.4126,VIR2430,23.2599,77.4126,23.8143,77.5341,2026-02-03T22:41:01.000Z,TRUE,101,150,46,44,59,77,59,10,,0,Mist,17.2,63,31.3,19.5,88,0,0,30.15,1021,17.2,63,0,3,1,51,NE,18,11.2,Low,2/3/2026
success,"Baliawas, Gurgaon, Haryana, India",Gurgaon,Haryana,India,Gurgaon,Asia/Kolkata,28.456,77.029,11300,28.456,77.029,29,76,2026-02-03T22:41:00.000Z,TRUE,388,319,212,19,26,301,234,3,,25,Mist,15.4,59.7,14.2,8.8,72,0,0,30.18,1022,15.4,59.7,0,2,1,9,N,6.8,4.3,Low,2/3/2026
success,"Athirappilly, Kochi, Kerala, India",Kochi,Kerala,India,Kochi,Asia/Kolkata,9.9312,76.2673,VIR11633,9.9312,76.2673,10.3529,76.512,2026-02-03T22:51:01.000Z,TRUE,193,168,243,13,22,105,87,2,,75,Mist,29.4,85,11.6,7.2,84,0,0.01,29.94,1014,26.3,79.3,0,3,1,60,ENE,6.5,4,Low,2/3/2026
success,"Arunika Vihar, Bhubaneswar, Odisha, India",Bhubaneswar,Odisha,India,Bhubaneswar,Asia/Kolkata,20.2644,85.8281,VIR2431,20.2644,85.8281,20.5431,84.6897,2026-02-03T22:51:01.000Z,TRUE,306,216,85,66,130,167,142,2,,0,Mist,20.1,68.2,10.8,6.7,68,0,0,30.06,1018,20.1,68.2,0,2.5,1,143,SE,3.6,2.2,Low,2/3/2026
success,"Gandhi Nagar Colony, Ranchi, Jharkhand, India",Ranchi,Jharkhand,India,Ranchi,Asia/Kolkata,23.36,85.33,VIR18962,23.36,85.33,23.456,85.2557,2026-02-03T22:41:01.000Z,TRUE,235,177,288,13,22,132,100,2,,25,Mist,17,62.6,18.1,11.3,77,0,0,30.21,1023,17,62.6,0,3,1,3,N,9,5.6,Low,2/3/2026
success,"Vidya Nagar, Madgaon, Goa, India",Madgaon,Goa,India,Madgaon,Asia/Kolkata,15.33,73.98,ACA704868534,15.33,73.98,15.3005,74.0855,2026-02-03T22:51:36.000Z,TRUE,255,186,,,,126,106,,,9,Clear,25,77,9.8,6.1,74,0,0,29.97,1015,22.9,73.3,0,10,6,32,NNE,4.7,2.9,Low,2/3/2026
success,"Ward 27, Jaipur, Rajasthan, India",Jaipur,Rajasthan,India,Jaipur,Asia/Kolkata,26.8845,75.7933,VIR10340,26.8845,75.7933,26.8106,73.7685,2026-02-03T22:51:01.000Z,TRUE,173,171,53,76,65,109,85,2,,50,Mist,17.1,62.8,25,15.5,59,0,0,30.21,1023,17.1,62.8,0,2.5,1,59,ENE,12.2,7.6,Low,2/3/2026
success,"Ie, Raipur, Chhattisgarh, India",Raipur,Chhattisgarh,India,Raipur,Asia/Kolkata,21.2444,81.6306,VIR18914,21.2444,81.6306,21.6637,81.8406,2026-02-03T22:51:01.000Z,TRUE,181,170,46,42,22,103,84,30,,10,Clear,21.6,70.9,20.4,12.7,37,0,0,30.04,1017,21.6,70.9,0,10,6,117,ESE,9.7,6,Low,2/3/2026
success,"Bongshar, Guwahati, Assam, India",Guwahati,Assam,India,Guwahati,Asia/Kolkata,26.1722,91.7458,VIR8658,26.1722,91.7458,26.4074,93.2551,2026-02-03T22:51:01.000Z,TRUE,240,183,33,12,22,128,106,32,,25,Mist,18.3,64.9,11.3,7,83,0,0,30.03,1017,18.3,64.9,0,2.5,1,220,SW,5.4,3.4,Low,2/3/2026
success,"Gulzarbagh, Patna, Bihar, India",Patna,Bihar,India,Patna,Asia/Kolkata,25.594,85.1376,VIR17517,25.594,85.1376,25.6441,85.9065,2026-02-03T22:51:01.000Z,TRUE,312,202,96,37,59,163,136,2,,25,Mist,18.1,64.6,19.7,12.2,83,0,0,30.09,1019,18.1,64.6,0,2.5,1,318,NW,9.4,5.8,Low,2/3/2026
success,"Landour, Dehradun, Uttarakhand, India",Dehradun,Uttarakhand,India,Dehradun,Asia/Kolkata,30.345,78.029,12541,30.345,78.029,30.0417,79.0897,2026-02-03T22:51:00.000Z,TRUE,175,158,210,12,43,105,82,2,,6,Clear,9.6,49.3,12.2,7.6,68,0,0,30.21,1023,10.4,50.8,0,10,6,48,NE,7.6,4.7,Low,2/3/2026
success,"Bani, Shimla, Himachal Pradesh, India",Shimla,Himachal Pradesh,India,Shimla,Asia/Kolkata,31.1033,77.1722,VIR21213,31.1033,77.1722,31.9292,77.1828,2026-02-03T22:51:01.000Z,TRUE,53,93,56,28,66,41,32,50,,9,Clear,7.5,45.5,9.7,6,79,0,0,30.22,1024,8.4,47.1,0,10,6,72,ENE,6.5,4,Low,2/3/2026
success,"Nhpc Quarters, Gangtok, Sikkim, India",Gangtok,Sikkim,India,Gangtok,Asia/Kolkata,27.33,88.62,VIR7722,27.33,88.62,27.601,88.4541,2026-02-03T22:51:01.000Z,TRUE,87,126,44,12,59,54,50,2,,7,Clear,0.1,32.1,16.6,10.3,65,0,0,30.21,1023,2.4,36.2,0,10,6,30,NNE,7.9,4.9,Low,2/3/2026
success,"Soni Ni Chali, Ahmedabad, Gujarat, India",Ahmedabad,Gujarat,India,Ahmedabad,Asia/Kolkata,23.0225,72.5714,VIR215,23.0225,72.5714,22.385,71.7453,2026-02-04T22:31:00.000Z,TRUE,118,155,373,26,31,80,65,12,,0,Overcast,24.7,76.4,25.7,16,54,0,0,30.03,1017,24.2,75.6,0,3,1,57,ENE,12.2,7.6,Low,2/4/2026
success,"Peenya, Bangalore, Karnataka, India",Bangalore,Karnataka,India,Bangalore,Asia/Kolkata,12.9789,77.5917,3758,12.9789,77.5917,14.5204,75.7224,2026-02-04T22:31:00.000Z,TRUE,66,109,347,23,20,50,39,3,,0,Clear,20.1,68.2,29.5,18.3,68,0,0,30.15,1021,20.1,68.2,0,6,3,77,ENE,17.3,10.7,Low,2/4/2026
success,"Sivakami Nagar, Chennai, Tamil Nadu, India",Chennai,Tamil Nadu,India,Chennai,Asia/Kolkata,13.0825,80.275,14144,13.0825,80.275,10.9094,78.3665,2026-02-04T22:31:00.000Z,TRUE,72,115,270,14,15,51,42,2,,25,Partly Cloudy,26.7,80.1,26.6,16.5,79,0,0,30,1016,25,77,0,6,3,46,NE,16.6,10.3,Low,2/4/2026
success,"Saidabad, Hyderabad, Telangana, India",Hyderabad,Telangana,India,Hyderabad,Asia/Kolkata,17.3617,78.4747,PLLODA000055,17.3617,78.4747,17.8496,79.1152,2026-02-04T22:31:00.000Z,TRUE,249,185,340,13,16,131,106,3,,50,Mist,24.7,76.4,21.2,13.2,65,0,0,30.15,1021,23.2,73.8,0,3,1,121,ESE,10.1,6.3,Low,2/4/2026
success,"Kamardanga, Kolkata, West Bengal, India",Kolkata,West Bengal,India,Kolkata,Asia/Kolkata,22.62,88.42,VIR5520,22.62,88.42,22.9965,87.6856,2026-02-04T22:31:00.000Z,TRUE,339,255,609,37,20,216,182,2,,0,Mist,24.1,75.4,15.1,9.4,57,0,0,30.06,1018,22.2,72,0,3.5,2,78,ENE,7.2,4.5,Low,2/4/2026
success,"Worli, Mumbai, Maharashtra, India",Mumbai,Maharashtra,India,Mumbai,Asia/Kolkata,19.0761,72.8775,13706,19.0761,72.8775,18.9068,75.6742,2026-02-04T22:31:00.000Z,TRUE,221,178,278,38,38,119,98,13,,25,Overcast,32,89.5,23.6,14.7,45,0,0,29.97,1015,29.1,84.4,0,2.5,1,15,NNE,13.3,8.3,Low,2/4/2026
success,"Lajpat Nagar, New Delhi, Delhi, India",New Delhi,Delhi,India,New Delhi,Asia/Kolkata,28.6325,77.2205,PLLODA000003,28.6325,77.2205,28.6274,77.1717,2026-02-04T22:31:00.000Z,TRUE,341,240,375,49,46,226,174,7,,0,Mist,13.8,56.8,17.2,10.7,77,0,0,30.15,1021,14.2,57.6,0,2.8,1,298,WNW,9,5.6,Low,2/4/2026
success,"Alandi, Pune, Maharashtra, India",Pune,Maharashtra,India,Pune,Asia/Kolkata,18.5203,73.8567,3762,18.5203,73.8567,18.9068,75.6742,2026-02-04T22:41:00.000Z,TRUE,203,177,359,40,38,113,93,2,,19,Clear,24.7,76.4,5.6,3.5,30,0,0,30.01,1016,24.9,76.8,0,10,6,349,N,3.6,2.2,Low,2/4/2026
success,"Talkatora, Lucknow, Uttar Pradesh, India",Lucknow,Uttar Pradesh,India,Lucknow,Asia/Kolkata,26.85,80.95,8188,26.85,80.95,27.1303,80.8597,2026-02-04T22:41:00.000Z,TRUE,291,199,343,22,15,159,126,6,,0,Mist,13.3,55.9,27.2,16.9,88,0,0,30.12,1020,14.2,57.6,0,3.5,2,288,WNW,13,8.1,Low,2/4/2026
success,"Haibowal Khurd, Ludhiana, Punjab, India",Ludhiana,Punjab,India,Ludhiana,Asia/Kolkata,30.91,75.85,11272,30.91,75.85,30.9293,75.5005,2026-02-04T22:31:00.000Z,TRUE,281,191,396,23,13,151,120,13,,12,Clear,9.6,49.3,24.2,15,74,0,0,30.15,1021,11,51.8,0,10,6,328,NNW,11.5,7.2,Low,2/4/2026
success,"Kasera Bazar, Bhopal, Madhya Pradesh, India",Bhopal,Madhya Pradesh,India,Bhopal,Asia/Kolkata,23.2599,77.4126,PLLODA000552,23.2599,77.4126,23.8143,77.5341,2026-02-04T22:31:00.000Z,TRUE,113,155,523,19,40,83,63,9,,0,Mist,16.3,61.3,27.8,17.3,88,0,0,30.15,1021,16.3,61.3,0,2,1,34,NE,14,8.7,Low,2/4/2026
success,"Khoh, Gurgaon, Haryana, India",Gurgaon,Haryana,India,Gurgaon,Asia/Kolkata,28.456,77.029,12445,28.456,77.029,29,76,2026-02-04T22:41:00.000Z,TRUE,333,234,496,20,21,215,165,2,,0,Mist,13,55.4,15.1,9.4,77,0,0,30.15,1021,13.3,55.9,0,2.7,1,298,WNW,7.2,4.5,Low,2/4/2026
success,"Edayar, Kochi, Kerala, India",Kochi,Kerala,India,Kochi,Asia/Kolkata,9.9312,76.2673,11919,9.9312,76.2673,10.3529,76.512,2026-02-04T22:31:00.000Z,TRUE,140,160,389,14,16,88,72,2,,25,Mist,28.8,83.9,5.5,3.4,84,0,0,29.94,1014,26.3,79.3,0,4,2,65,ENE,3.6,2.2,Low,2/4/2026
success,"Arunika Vihar, Bhubaneswar, Odisha, India",Bhubaneswar,Odisha,India,Bhubaneswar,Asia/Kolkata,20.2644,85.8281,VIR2431,20.2644,85.8281,20.5431,84.6897,2026-02-04T22:31:00.000Z,TRUE,273,197,504,16,18,146,121,2,,50,Mist,21.4,70.5,8.3,5.2,64,0,0,30.06,1018,21.4,70.5,0,2.5,1,133,SE,4,2.5,Low,2/4/2026
success,"Gandhi Nagar Colony, Ranchi, Jharkhand, India",Ranchi,Jharkhand,India,Ranchi,Asia/Kolkata,23.36,85.33,VIR18962,23.36,85.33,23.456,85.2557,2026-02-04T22:31:00.000Z,TRUE,97,148,474,17,18,72,57,2,,0,Mist,16.2,61.2,11.3,7,72,0,0,30.18,1022,16.2,61.2,0,2.5,1,338,NNW,6.1,3.8,Low,2/4/2026
success,"Vidya Nagar, Madgaon, Goa, India",Madgaon,Goa,India,Madgaon,Asia/Kolkata,15.33,73.98,ACA704868534,15.33,73.98,15.3005,74.0855,2026-02-04T22:41:33.000Z,TRUE,165,168,,,,90,80,,,24,Clear,25.2,77.4,11.3,7,68,0,0,29.94,1014,23.4,74.1,0,10,6,23,NNE,5.4,3.4,Low,2/4/2026
success,"Dholai, Jaipur, Rajasthan, India",Jaipur,Rajasthan,India,Jaipur,Asia/Kolkata,26.8845,75.7933,48F6EE56C1E4,26.8845,75.7933,26.8106,73.7685,2026-02-04T22:31:00.000Z,TRUE,198,178,344,59,44,119,94,5,,0,Mist,17,62.6,23.4,14.6,55,0,0,30.18,1022,17,62.6,0,3,1,28,NNE,11.2,6.9,Low,2/4/2026
success,"Ie, Raipur, Chhattisgarh, India",Raipur,Chhattisgarh,India,Raipur,Asia/Kolkata,21.2444,81.6306,VIR18914,21.2444,81.6306,21.6637,81.8406,2026-02-04T22:31:00.000Z,TRUE,315,211,53,47,18,174,140,44,,22,Clear,21.7,71.1,20.4,12.7,36,0,0,30.03,1017,21.7,71.1,0,10,6,126,SE,9.7,6,Low,2/4/2026
success,"Pan Bazaar, Guwahati, Assam, India",Guwahati,Assam,India,Guwahati,Asia/Kolkata,26.1722,91.7458,13729,26.1722,91.7458,26.4074,93.2551,2026-02-04T22:41:01.000Z,TRUE,252,184,127,14,18,129,108,32,,25,Mist,19.1,66.4,14.4,8.9,78,0,0,30,1016,19.1,66.4,0,2.5,1,212,SSW,6.8,4.3,Low,2/4/2026
success,"Gulzarbagh, Patna, Bihar, India",Patna,Bihar,India,Patna,Asia/Kolkata,25.594,85.1376,VIR17517,25.594,85.1376,25.6441,85.9065,2026-02-04T22:31:00.000Z,TRUE,222,176,296,24,28,120,97,2,,0,Mist,18,64.4,26.5,16.4,83,0,0,30.09,1019,18,64.4,0,3.5,2,293,WNW,12.6,7.8,Low,2/4/2026
success,"New Subhash Nagar, Dehradun, Uttarakhand, India",Dehradun,Uttarakhand,India,Dehradun,Asia/Kolkata,30.345,78.029,VIR5694,30.345,78.029,30.0417,79.0897,2026-02-04T22:31:00.000Z,TRUE,144,150,335,17,37,87,70,2,,0,Clear,8.9,48,17.4,10.8,58,0,0,30.13,1020,9.9,49.9,0,10,6,39,NE,8.3,5.1,Low,2/4/2026
success,"Bani, Shimla, Himachal Pradesh, India",Shimla,Himachal Pradesh,India,Shimla,Asia/Kolkata,31.1033,77.1722,VIR21213,31.1033,77.1722,31.9292,77.1828,2026-02-04T22:31:00.000Z,TRUE,46,86,263,11,43,35,28,52,,1,Clear,6.6,43.9,18.4,11.4,50,0,0,30.2,1023,8.3,46.9,0,10,6,67,ENE,9.7,6,Low,2/4/2026
success,"Nhpc Quarters, Gangtok, Sikkim, India",Gangtok,Sikkim,India,Gangtok,Asia/Kolkata,27.33,88.62,VIR7722,27.33,88.62,27.601,88.4541,2026-02-04T22:31:00.000Z,TRUE,74,120,382,3,11,53,44,2,,82,Thundery outbreaks in nearby,5.1,41.2,8.7,5.4,75,0,0.01,30.15,1021,5.6,42.2,0,9,5,43,NE,4.3,2.7,Low,2/4/2026
success,"Bopal, Ahmedabad, Gujarat, India",Ahmedabad,Gujarat,India,Ahmedabad,Asia/Kolkata,23.0225,72.5714,13747,23.0225,72.5714,22.385,71.7453,2026-02-05T22:31:00.000Z,TRUE,184,169,273,33,38,104,85,15,,0,Overcast,24.3,75.8,22.7,14.1,57,0,0,30.06,1018,24,75.2,0,2.5,1,51,NE,10.8,6.7,Low,2/5/2026
success,"ISRO Colony, Bangalore, Karnataka, India",Bangalore,Karnataka,India,Bangalore,Asia/Kolkata,12.9789,77.5917,PLLODA000328,12.9789,77.5917,14.5204,75.7224,2026-02-05T22:31:00.000Z,TRUE,68,110,388,23,22,50,40,3,,0,Clear,21,69.8,30.4,18.9,64,0,0,30.18,1022,21,69.8,0,6,3,83,E,18.4,11.4,Low,2/5/2026
success,"Kazhikundram, Chennai, Tamil Nadu, India",Chennai,Tamil Nadu,India,Chennai,Asia/Kolkata,13.0825,80.275,11279,13.0825,80.275,10.9094,78.3665,2026-02-05T22:31:00.000Z,TRUE,97,136,365,7,15,67,55,2,,50,Mist,27.1,80.7,25.4,15.8,83,0,0.01,30.06,1018,25.2,77.4,0,5,3,32,NNE,16.2,10.1,Low,2/5/2026
success,"Kompally, Hyderabad, Telangana, India",Hyderabad,Telangana,India,Hyderabad,Asia/Kolkata,17.4399,78.4983,14149,17.4399,78.4983,17.8496,79.1152,2026-02-05T22:31:00.000Z,TRUE,204,174,313,10,20,112,92,2,,50,Mist,24.6,76.3,16.7,10.4,61,0,0,30.18,1022,23.2,73.8,0,4,2,121,ESE,8.3,5.1,Low,2/5/2026
success,"Dhakuria, Kolkata, West Bengal, India",Kolkata,West Bengal,India,Kolkata,Asia/Kolkata,22.5325,88.3521,12458,22.5325,88.3521,22.9965,87.6856,2026-02-05T22:41:01.000Z,TRUE,286,228,709,34,9,177,145,2,,0,Mist,20.4,68.7,12.1,7.5,56,0,0,30.06,1018,20.4,68.7,0,3.2,1,13,NNE,5.8,3.6,Low,2/5/2026
success,"Malad, Mumbai, Maharashtra, India",Mumbai,Maharashtra,India,Mumbai,Asia/Kolkata,19.0761,72.8775,VIR15287,19.0761,72.8775,18.9068,75.6742,2026-02-05T22:31:00.000Z,TRUE,200,172,303,39,35,108,90,13,,0,Overcast,30.7,87.2,21.4,13.3,48,0,0,30.03,1017,28.3,82.9,0,3,1,4,N,12.2,7.6,Low,2/5/2026
success,"Dwarka, New Delhi, Delhi, India",New Delhi,Delhi,India,New Delhi,Asia/Kolkata,28.6325,77.2205,8181,28.6325,77.2205,28.6274,77.1717,2026-02-05T22:31:00.000Z,TRUE,354,259,252,49,61,239,192,6,,25,Mist,13.8,56.9,16.6,10.3,77,0,0,30.15,1021,14.1,57.4,0,3,1,310,NW,7.9,4.9,Low,2/5/2026
success,"Manjri, Pune, Maharashtra, India",Pune,Maharashtra,India,Pune,Asia/Kolkata,18.5203,73.8567,3767,18.5203,73.8567,18.9068,75.6742,2026-02-05T22:31:00.000Z,TRUE,199,175,244,42,45,111,91,2,,13,Clear,23.9,75,12.9,8,30,0,0,30.06,1018,23.4,74.2,0,10,6,3,N,6.8,4.3,Low,2/5/2026
success,"Talkatora, Lucknow, Uttar Pradesh, India",Lucknow,Uttar Pradesh,India,Lucknow,Asia/Kolkata,26.85,80.95,8188,26.85,80.95,27.1303,80.8597,2026-02-05T22:41:01.000Z,TRUE,235,181,189,22,18,126,101,5,,0,Mist,13.4,56.2,24.9,15.5,88,0,0,30.09,1019,14.2,57.6,0,3.5,2,283,WNW,11.9,7.4,Low,2/5/2026
success,"Phase 2, Ludhiana, Punjab, India",Ludhiana,Punjab,India,Ludhiana,Asia/Kolkata,30.91,75.85,VIR13356,30.91,75.85,30.9293,75.5005,2026-02-05T22:31:00.000Z,TRUE,334,227,361,21,15,204,166,11,,0,Clear,10.2,50.4,18.9,11.7,68,0,0,30.13,1020,11.2,52.2,0,10,6,358,N,9,5.6,Low,2/5/2026
success,"Sector D Industrial Area, Bhopal, Madhya Pradesh, India",Bhopal,Madhya Pradesh,India,Bhopal,Asia/Kolkata,23.2599,77.4126,11275,23.2599,77.4126,23.8143,77.5341,2026-02-05T22:41:01.000Z,TRUE,84,129,148,30,54,64,49,4,,0,Mist,16.3,61.3,28.7,17.9,82,0,0,30.18,1022,16.3,61.3,0,3.5,2,18,NNE,13.7,8.5,Low,2/5/2026
success,"Baliawas, Gurgaon, Haryana, India",Gurgaon,Haryana,India,Gurgaon,Asia/Kolkata,28.456,77.029,11300,28.456,77.029,29,76,2026-02-05T22:31:00.000Z,TRUE,312,217,389,14,23,179,145,3,,25,Mist,13.8,56.9,16.6,10.3,77,0,0,30.15,1021,14.1,57.4,0,3,1,299,WNW,7.9,4.9,Low,2/5/2026
success,"Edayar, Kochi, Kerala, India",Kochi,Kerala,India,Kochi,Asia/Kolkata,9.9312,76.2673,11919,9.9312,76.2673,10.3529,76.512,2026-02-05T22:31:00.000Z,TRUE,124,157,332,11,16,79,67,2,,25,Mist,26.8,80.3,4.2,2.6,79,0,0,29.97,1015,25.1,77.2,0,4,2,349,N,3.6,2.2,Low,2/5/2026
success,"Arunika Vihar, Bhubaneswar, Odisha, India",Bhubaneswar,Odisha,India,Bhubaneswar,Asia/Kolkata,20.2644,85.8281,VIR2431,20.2644,85.8281,20.5431,84.6897,2026-02-05T22:41:02.000Z,TRUE,230,179,363,14,20,119,100,2,,0,Mist,21.3,70.3,13.6,8.5,69,0,0,30.06,1018,21.3,70.3,0,3,1,246,WSW,6.5,4,Low,2/5/2026
success,"Gandhi Nagar Colony, Ranchi, Jharkhand, India",Ranchi,Jharkhand,India,Ranchi,Asia/Kolkata,23.36,85.33,VIR18962,23.36,85.33,23.456,85.2557,2026-02-05T22:41:02.000Z,TRUE,76,126,399,14,20,59,46,2,,0,Mist,18.4,65.1,28,17.4,49,0,0,30.18,1022,18.4,65.1,0,4.5,2,323,NW,13.3,8.3,Low,2/5/2026
success,"Vidya Nagar, Madgaon, Goa, India",Madgaon,Goa,India,Madgaon,Asia/Kolkata,15.33,73.98,ACA704868534,15.33,73.98,15.3005,74.0855,2026-02-05T22:31:00.000Z,TRUE,222,180,,,,111,96,,,4,Clear,24.9,76.8,12.1,7.5,71,0,0,29.99,1016,22.8,73,0,10,6,31,NNE,5.8,3.6,Low,2/5/2026
success,"Jhotwara, Jaipur, Rajasthan, India",Jaipur,Rajasthan,India,Jaipur,Asia/Kolkata,26.8845,75.7933,11304,26.8845,75.7933,26.8106,73.7685,2026-02-05T22:41:01.000Z,TRUE,221,182,318,70,40,123,102,7,,0,Mist,16.3,61.3,19.7,12.2,39,0,0,30.18,1022,16.3,61.3,0,3,1,2,N,9.4,5.8,Low,2/5/2026
success,"Ie, Raipur, Chhattisgarh, India",Raipur,Chhattisgarh,India,Raipur,Asia/Kolkata,21.2444,81.6306,VIR18914,21.2444,81.6306,21.6637,81.8406,2026-02-05T22:41:02.000Z,TRUE,323,220,46,46,18,179,149,45,,10,Clear,24,75.3,10.8,6.7,36,0,0,30.04,1017,22.9,73.2,0,10,6,245,WSW,3.6,2.2,Low,2/5/2026
success,"Pan Bazaar, Guwahati, Assam, India",Guwahati,Assam,India,Guwahati,Asia/Kolkata,26.1722,91.7458,13729,26.1722,91.7458,26.4074,93.2551,2026-02-05T22:41:02.000Z,TRUE,209,173,747,10,5,112,93,23,,25,Mist,17.2,63,9.8,6.1,72,0,0,30.06,1018,17.2,63,0,2.5,1,200,SSW,4.7,2.9,Low,2/5/2026
success,"Gulzarbagh, Patna, Bihar, India",Patna,Bihar,India,Patna,Asia/Kolkata,25.594,85.1376,VIR17517,25.594,85.1376,25.6441,85.9065,2026-02-05T22:31:00.000Z,TRUE,261,185,246,15,24,136,111,2,,0,Mist,18,64.4,25.7,16,64,0,0,30.09,1019,18,64.4,0,3.5,2,278,W,12.2,7.6,Low,2/5/2026
success,"Landour, Dehradun, Uttarakhand, India",Dehradun,Uttarakhand,India,Dehradun,Asia/Kolkata,30.345,78.029,12541,30.345,78.029,30.0417,79.0897,2026-02-05T22:31:00.000Z,TRUE,186,166,270,8,28,104,86,2,,0,Clear,9.8,49.6,20.1,12.5,47,0,0,30.15,1021,10.9,51.7,0,10,6,40,NE,9.7,6,Low,2/5/2026
success,"Bani, Shimla, Himachal Pradesh, India",Shimla,Himachal Pradesh,India,Shimla,Asia/Kolkata,31.1033,77.1722,VIR21213,31.1033,77.1722,31.9292,77.1828,2026-02-05T22:41:02.000Z,TRUE,31,68,51,36,73,24,19,68,,6,Clear,7.8,46,17.2,10.7,41,0,0,30.17,1022,9,48.3,0,10,6,65,ENE,8.6,5.4,Low,2/5/2026
success,"Nhpc Quarters, Gangtok, Sikkim, India",Gangtok,Sikkim,India,Gangtok,Asia/Kolkata,27.33,88.62,VIR7722,27.33,88.62,27.601,88.4541,2026-02-05T22:31:00.000Z,TRUE,100,131,79,11,70,62,54,2,,7,Clear,-0.1,31.7,15.9,9.9,56,0,0,30.15,1021,2.1,35.8,0,10,6,34,NE,7.6,4.7,Low,2/5/2026
success,"Bopal, Ahmedabad, Gujarat, India",Ahmedabad,Gujarat,India,Ahmedabad,Asia/Kolkata,23.0225,72.5714,13747,23.0225,72.5714,22.385,71.7453,2026-02-06T22:31:00.000Z,TRUE,296,203,289,38,47,159,132,13,,0,Overcast,26.2,79.2,28.7,17.9,48,0,0,30.03,1017,26.4,79.5,0,2.5,1,335,NNW,13.7,8.5,Low,2/6/2026
success,"Tavarekere, Bangalore, Karnataka, India",Bangalore,Karnataka,India,Bangalore,Asia/Kolkata,12.9789,77.5917,VIR1721,12.9789,77.5917,14.5204,75.7224,2026-02-06T22:31:00.000Z,TRUE,78,125,354,22,25,59,46,3,,0,Clear,21.2,70.2,30.7,19.1,53,0,0,30.15,1021,21.2,70.2,0,6,3,92,E,18.7,11.6,Low,2/6/2026
success,"Sivakami Nagar, Chennai, Tamil Nadu, India",Chennai,Tamil Nadu,India,Chennai,Asia/Kolkata,13.0825,80.275,14144,13.0825,80.275,10.9094,78.3665,2026-02-06T22:21:02.000Z,TRUE,90,135,358,6,17,65,52,2,,25,Mist,26.5,79.8,23.7,14.7,79,0,0,30.03,1017,25,77,0,5,3,58,ENE,14.4,8.9,Low,2/6/2026
success,"Kompally, Hyderabad, Telangana, India",Hyderabad,Telangana,India,Hyderabad,Asia/Kolkata,17.4399,78.4983,14149,17.4399,78.4983,17.8496,79.1152,2026-02-06T22:21:02.000Z,TRUE,163,167,312,11,18,97,80,3,,25,Mist,24.2,75.6,14.6,9.1,53,0,0,30.15,1021,23.1,73.6,0,4,2,83,E,7.2,4.5,Low,2/6/2026
success,"Kamardanga, Kolkata, West Bengal, India",Kolkata,West Bengal,India,Kolkata,Asia/Kolkata,22.62,88.42,VIR5520,22.62,88.42,22.9965,87.6856,2026-02-06T22:21:01.000Z,TRUE,279,196,664,31,24,147,123,2,,0,Mist,20.3,68.5,16.6,10.3,49,0,0,30,1016,20.3,68.5,0,2.6,1,29,NNE,7.9,4.9,Low,2/6/2026
success,"Mahalakshmi, Mumbai, Maharashtra, India",Mumbai,Maharashtra,India,Mumbai,Asia/Kolkata,19.0761,72.8775,11921,19.0761,72.8775,18.9068,75.6742,2026-02-06T22:31:00.000Z,TRUE,185,171,264,38,33,103,86,18,,0,Overcast,30,86.1,26.7,16.6,40,0,0,30.03,1017,28.2,82.8,0,3,1,358,N,14.4,8.9,Low,2/6/2026
success,"Dwarka, New Delhi, Delhi, India",New Delhi,Delhi,India,New Delhi,Asia/Kolkata,28.6325,77.2205,8181,28.6325,77.2205,28.6274,77.1717,2026-02-06T22:31:00.000Z,TRUE,346,248,270,48,53,227,181,10,,0,Mist,15.3,59.5,17.4,10.8,77,0,0,30.09,1019,15.3,59.5,0,3.5,2,294,WNW,8.3,5.1,Low,2/6/2026
success,"Manjri, Pune, Maharashtra, India",Pune,Maharashtra,India,Pune,Asia/Kolkata,18.5203,73.8567,3767,18.5203,73.8567,18.9068,75.6742,2026-02-06T22:31:00.000Z,TRUE,150,163,151,45,48,92,75,2,,0,Clear,21.5,70.6,11.3,7,31,0,0,30.04,1017,21.5,70.6,0,10,6,75,ENE,5.4,3.4,Low,2/6/2026
success,"Haibat Mau Mawaiya, Lucknow, Uttar Pradesh, India",Lucknow,Uttar Pradesh,India,Lucknow,Asia/Kolkata,26.85,80.95,VIR13353,26.85,80.95,27.1303,80.8597,2026-02-06T22:31:00.000Z,TRUE,317,216,298,22,18,174,146,6,,0,Mist,15.1,59.2,26.5,16.4,88,0,0,30.06,1018,15.1,59.2,0,3,1,278,W,12.6,7.8,Low,2/6/2026
success,"Phase 2, Ludhiana, Punjab, India",Ludhiana,Punjab,India,Ludhiana,Asia/Kolkata,30.91,75.85,VIR13356,30.91,75.85,30.9293,75.5005,2026-02-06T22:31:00.000Z,TRUE,313,202,418,22,15,174,139,12,,16,Clear,11.8,53.2,18.9,11.7,50,0,0,30.07,1018,12.5,54.5,0,10,6,10,N,9,5.6,Low,2/6/2026
success,"Sector D Industrial Area, Bhopal, Madhya Pradesh, India",Bhopal,Madhya Pradesh,India,Bhopal,Asia/Kolkata,23.2599,77.4126,11275,23.2599,77.4126,23.8143,77.5341,2026-02-06T22:31:00.000Z,TRUE,196,174,116,48,68,112,90,6,,0,Mist,17.3,63.1,20.4,12.7,83,0,0,30.15,1021,17.3,63.1,0,3.5,2,25,NNE,9.7,6,Low,2/6/2026
success,"Khoh, Gurgaon, Haryana, India",Gurgaon,Haryana,India,Gurgaon,Asia/Kolkata,28.456,77.029,12445,28.456,77.029,29,76,2026-02-06T22:31:00.000Z,TRUE,333,237,288,13,27,205,165,3,,0,Mist,15.3,59.5,16.6,10.3,77,0,0,30.09,1019,15.3,59.5,0,3.2,1,282,WNW,7.9,4.9,Low,2/6/2026
success,"Edayar, Kochi, Kerala, India",Kochi,Kerala,India,Kochi,Asia/Kolkata,9.9312,76.2673,11919,9.9312,76.2673,10.3529,76.512,2026-02-06T22:31:00.000Z,TRUE,177,168,237,8,21,95,83,2,,25,Mist,27.2,80.9,11.7,7.3,83,0,0,29.91,1013,25.3,77.5,0,4,2,116,ESE,6.8,4.3,Low,2/6/2026
success,"Arunika Vihar, Bhubaneswar, Odisha, India",Bhubaneswar,Odisha,India,Bhubaneswar,Asia/Kolkata,20.2644,85.8281,VIR2431,20.2644,85.8281,20.5431,84.6897,2026-02-06T22:21:01.000Z,TRUE,238,182,302,9,24,127,105,2,,0,Mist,24.7,76.4,18.9,11.7,88,0,0,30,1016,22.3,72.1,0,1.8,1,182,S,9,5.6,Low,2/6/2026
success,"Gandhi Nagar Colony, Ranchi, Jharkhand, India",Ranchi,Jharkhand,India,Ranchi,Asia/Kolkata,23.36,85.33,VIR18962,23.36,85.33,23.456,85.2557,2026-02-06T22:31:00.000Z,TRUE,94,148,282,9,25,72,56,2,,0,Mist,13.2,55.8,31,19.3,44,0,0,30.12,1020,14.3,57.7,0,3.5,2,316,NW,14.8,9.2,Low,2/6/2026
success,"Vidya Nagar, Madgaon, Goa, India",Madgaon,Goa,India,Madgaon,Asia/Kolkata,15.33,73.98,ACA704868534,15.33,73.98,15.3005,74.0855,2026-02-06T22:31:00.000Z,TRUE,152,165,,,,86,76,,,3,Clear,24.7,76.5,14.4,8.9,66,0,0,29.96,1014,22.5,72.5,0,10,6,19,NNE,6.8,4.3,Low,2/6/2026
success,"Ward 27, Jaipur, Rajasthan, India",Jaipur,Rajasthan,India,Jaipur,Asia/Kolkata,26.8845,75.7933,VIR10340,26.8845,75.7933,26.8106,73.7685,2026-02-06T22:31:00.000Z,TRUE,201,172,162,88,43,113,91,7,,0,Mist,17.1,62.8,21.2,13.2,45,0,0,30.12,1020,17.1,62.8,0,3,1,355,N,10.1,6.3,Low,2/6/2026
success,"Ie, Raipur, Chhattisgarh, India",Raipur,Chhattisgarh,India,Raipur,Asia/Kolkata,21.2444,81.6306,VIR18914,21.2444,81.6306,21.6637,81.8406,2026-02-06T22:31:00.000Z,TRUE,131,160,56,38,4,88,69,2,,0,Clear,21.4,70.4,17.4,10.8,27,0,0,30.02,1017,21.4,70.4,0,10,6,358,N,8.3,5.1,Low,2/6/2026
success,"Bongshar, Guwahati, Assam, India",Guwahati,Assam,India,Guwahati,Asia/Kolkata,26.1722,91.7458,VIR8658,26.1722,91.7458,26.4074,93.2551,2026-02-06T22:31:00.000Z,TRUE,280,191,1000,8,6,153,119,22,,50,Mist,19.3,66.7,8.3,5.2,73,0,0,29.97,1015,19.3,66.7,0,2.5,1,223,SW,4,2.5,Low,2/6/2026
success,"Gulzarbagh, Patna, Bihar, India",Patna,Bihar,India,Patna,Asia/Kolkata,25.594,85.1376,VIR17517,25.594,85.1376,25.6441,85.9065,2026-02-06T22:31:00.000Z,TRUE,261,184,475,20,29,134,110,3,,0,Mist,18.3,64.9,24.2,15,64,0,0,30.03,1017,18.3,64.9,0,3.5,2,271,W,11.5,7.2,Low,2/6/2026
success,"Landour, Dehradun, Uttarakhand, India",Dehradun,Uttarakhand,India,Dehradun,Asia/Kolkata,30.345,78.029,12541,30.345,78.029,30.0417,79.0897,2026-02-06T22:21:01.000Z,TRUE,152,156,203,6,33,88,74,2,,1,Clear,9.8,49.7,18.4,11.4,51,0,0,30.08,1019,10.9,51.5,0,10,6,39,NE,9,5.6,Low,2/6/2026
success,"Bani, Shimla, Himachal Pradesh, India",Shimla,Himachal Pradesh,India,Shimla,Asia/Kolkata,31.1033,77.1722,VIR21213,31.1033,77.1722,31.9292,77.1828,2026-02-06T22:21:01.000Z,TRUE,38,75,439,21,51,28,23,59,,7,Clear,8.4,47.1,12.6,7.9,52,0,0,30.11,1020,9.2,48.6,0,10,6,56,ENE,6.8,4.3,Low,2/6/2026
success,"Nhpc Quarters, Gangtok, Sikkim, India",Gangtok,Sikkim,India,Gangtok,Asia/Kolkata,27.33,88.62,VIR7722,27.33,88.62,27.601,88.4541,2026-02-06T22:31:00.000Z,TRUE,124,141,114,8,69,68,63,2,,12,Clear,-0.1,31.8,15.1,9.4,63,0,0,30.07,1018,2,35.6,0,10,6,35,NE,7.2,4.5,Low,2/6/2026
success,"Bopal, Ahmedabad, Gujarat, India",Ahmedabad,Gujarat,India,Ahmedabad,Asia/Kolkata,23.0225,72.5714,13747,23.0225,72.5714,22.385,71.7453,2026-02-08T09:21:01.000Z,TRUE,169,168,156,41,29,97,82,16,0,0,Overcast,20.3,68.5,18.3,11.4,53,0,0,30,1016,20.3,68.5,2.3,2.5,1,95,E,15.5,9.6,Moderate,2/8/2026
success,"Tavarekere, Bangalore, Karnataka, India",Bangalore,Karnataka,India,Bangalore,Asia/Kolkata,12.9789,77.5917,VIR1721,12.9789,77.5917,14.5204,75.7224,2026-02-08T09:21:01.000Z,TRUE,150,164,208,33,44,92,75,2,0,0,Mist,21.2,70.2,15.3,9.5,56,0,0,30.12,1020,21.2,70.2,4.5,5,3,60,ENE,13.3,8.3,Moderate,2/8/2026
success,"Sivakami Nagar, Chennai, Tamil Nadu, India",Chennai,Tamil Nadu,India,Chennai,Asia/Kolkata,13.0825,80.275,14144,13.0825,80.275,10.9094,78.3665,2026-02-08T09:11:02.000Z,TRUE,254,182,132,7,27,132,107,2,25,50,Fog,25,77,5.2,3.2,89,0,0,29.97,1015,23.1,73.6,4.3,0.4,0,14,NNE,4,2.5,Moderate,2/8/2026
success,"Kphb Phase Iii, Hyderabad, Telangana, India",Hyderabad,Telangana,India,Hyderabad,Asia/Kolkata,17.3617,78.4747,VIR9820,17.3617,78.4747,17.8496,79.1152,2026-02-08T09:21:01.000Z,TRUE,134,158,158,13,28,85,70,2,0,0,Mist,23.5,74.2,13.7,8.5,47,0,0,30.09,1019,23.1,73.6,4,5,3,60,ENE,11.9,7.4,Moderate,2/8/2026
success,"Kamardanga, Kolkata, West Bengal, India",Kolkata,West Bengal,India,Kolkata,Asia/Kolkata,22.62,88.42,VIR5520,22.62,88.42,22.9965,87.6856,2026-02-08T09:21:01.000Z,TRUE,204,172,113,40,27,108,91,2,0,1,Mist,21.4,70.5,12.9,8,53,0,0,30,1016,21.4,70.5,4.4,2.2,1,334,NNW,11.2,6.9,Moderate,2/8/2026
success,"Mahim, Mumbai, Maharashtra, India",Mumbai,Maharashtra,India,Mumbai,Asia/Kolkata,19.0761,72.8775,13715,19.0761,72.8775,18.9068,75.6742,2026-02-08T09:11:01.000Z,TRUE,233,184,165,46,28,125,106,18,0,7,Overcast,27.2,81,15.4,9.6,42,0,0,29.97,1015,27.1,80.8,2.5,2.2,1,77,ENE,10.4,6.5,Moderate,2/8/2026
success,"Dwarka, New Delhi, Delhi, India",New Delhi,Delhi,India,New Delhi,Asia/Kolkata,28.6325,77.2205,8181,28.6325,77.2205,28.6274,77.1717,2026-02-08T09:21:00.000Z,TRUE,283,194,346,38,22,153,122,8,0,12,Mist,12.2,54,13.8,8.6,82,0,0,30.03,1017,13.1,55.6,2.2,1.7,1,280,W,10.8,6.7,Moderate,2/8/2026
success,"Manjri, Pune, Maharashtra, India",Pune,Maharashtra,India,Pune,Asia/Kolkata,18.5203,73.8567,3767,18.5203,73.8567,18.9068,75.6742,2026-02-08T09:21:00.000Z,TRUE,254,191,163,44,27,136,113,2,0,0,Sunny,24.2,75.5,12,7.5,31,0,0,30.04,1017,23.9,75,3,10,6,98,E,10.4,6.5,Moderate,2/8/2026
success,"Haibat Mau Mawaiya, Lucknow, Uttar Pradesh, India",Lucknow,Uttar Pradesh,India,Lucknow,Asia/Kolkata,26.85,80.95,VIR13353,26.85,80.95,27.1303,80.8597,2026-02-08T09:11:01.000Z,TRUE,324,228,89,28,25,195,159,9,25,0,Mist,13,55.5,17.2,10.7,88,0,0,30,1016,14.1,57.4,2.8,1.8,1,278,W,14.4,8.9,Moderate,2/8/2026
success,"Phase 2, Ludhiana, Punjab, India",Ludhiana,Punjab,India,Ludhiana,Asia/Kolkata,30.91,75.85,VIR13356,30.91,75.85,30.9293,75.5005,2026-02-08T09:21:01.000Z,TRUE,342,233,104,34,28,206,174,19,0,50,Sunny,13,55.3,16.1,10,52,0,0,30.04,1017,13.7,56.7,1.9,10,6,307,NW,10.8,6.7,Low,2/8/2026
success,"Bagsewaniya, Bhopal, Madhya Pradesh, India",Bhopal,Madhya Pradesh,India,Bhopal,Asia/Kolkata,23.2599,77.4126,VIR2430,23.2599,77.4126,23.8143,77.5341,2026-02-08T09:11:01.000Z,TRUE,194,171,47,60,47,108,89,2,0,0,Mist,18,64.4,8.3,5.1,100,0,0,30.12,1020,18,64.4,3.1,3,1,117,ESE,7.2,4.5,Moderate,2/8/2026
success,"Baliawas, Gurgaon, Haryana, India",Gurgaon,Haryana,India,Gurgaon,Asia/Kolkata,28.456,77.029,11300,28.456,77.029,29,76,2026-02-08T09:21:00.000Z,TRUE,304,205,248,13,26,166,133,3,0,1,Mist,12.1,53.8,14.4,8.9,82,0,0,30.03,1017,13.1,55.6,2.3,1.7,1,278,W,11.5,7.2,Moderate,2/8/2026
success,"Athirappilly, Kochi, Kerala, India",Kochi,Kerala,India,Kochi,Asia/Kolkata,9.9312,76.2673,VIR11633,9.9312,76.2673,10.3529,76.512,2026-02-08T09:11:01.000Z,TRUE,158,164,290,8,25,90,77,2,0,7,Mist,26.3,79.3,6.6,4.1,69,0,0,29.94,1014,25.1,77.2,4.4,4,2,29,NNE,5.8,3.6,Moderate,2/8/2026
success,"Arunika Vihar, Bhubaneswar, Odisha, India",Bhubaneswar,Odisha,India,Bhubaneswar,Asia/Kolkata,20.2644,85.8281,VIR2431,20.2644,85.8281,20.5431,84.6897,2026-02-08T09:21:01.000Z,TRUE,247,188,280,6,28,134,111,2,0,12,Mist,20.1,68.2,10.4,6.4,83,0,0,30.03,1017,20.1,68.2,4.5,1.5,0,348,NNW,9,5.6,Moderate,2/8/2026
success,"Gandhi Nagar Colony, Ranchi, Jharkhand, India",Ranchi,Jharkhand,India,Ranchi,Asia/Kolkata,23.36,85.33,VIR18962,23.36,85.33,23.456,85.2557,2026-02-08T09:11:01.000Z,TRUE,70,116,272,8,26,54,42,2,0,0,Mist,18.1,64.6,18.6,11.6,45,0,0,30.12,1020,18.1,64.6,4.3,3.5,2,315,NW,16.2,10.1,Moderate,2/8/2026
success,"Vidya Nagar, Madgaon, Goa, India",Madgaon,Goa,India,Madgaon,Asia/Kolkata,15.33,73.98,ACA704868534,15.33,73.98,15.3005,74.0855,2026-02-08T09:21:36.000Z,TRUE,195,174,,,,102,88,,0,0,Sunny,28,82.5,10.4,6.4,30,0,0,29.96,1014,29.2,84.6,3.3,10,6,60,ENE,9,5.6,Moderate,2/8/2026
success,"Ward 27, Jaipur, Rajasthan, India",Jaipur,Rajasthan,India,Jaipur,Asia/Kolkata,26.8845,75.7933,VIR10340,26.8845,75.7933,26.8106,73.7685,2026-02-08T09:21:01.000Z,TRUE,190,184,79,84,27,116,96,7,0,50,Mist,16.4,61.5,10.8,6.7,55,0,0,30.09,1019,16.4,61.5,2.2,2.5,1,217,SW,3.6,2.2,Moderate,2/8/2026
success,"Ie, Raipur, Chhattisgarh, India",Raipur,Chhattisgarh,India,Raipur,Asia/Kolkata,21.2444,81.6306,VIR18914,21.2444,81.6306,21.6637,81.8406,2026-02-08T09:21:01.000Z,TRUE,76,126,72,34,29,56,46,2,0,0,Sunny,22,71.5,9.5,5.9,24,0,0,30.08,1019,22,71.5,3.9,10,6,42,NE,8.3,5.1,Moderate,2/8/2026
success,"Bongshar, Guwahati, Assam, India",Guwahati,Assam,India,Guwahati,Asia/Kolkata,26.1722,91.7458,VIR8658,26.1722,91.7458,26.4074,93.2551,2026-02-08T09:21:01.000Z,TRUE,329,220,29,7,26,189,157,30,25,1,Mist,19.1,66.4,10.8,6.7,78,0,0,29.97,1015,19.1,66.4,3.8,1.7,1,324,NW,3.6,2.2,Moderate,2/8/2026
success,"Gulzarbagh, Patna, Bihar, India",Patna,Bihar,India,Patna,Asia/Kolkata,25.594,85.1376,VIR17517,25.594,85.1376,25.6441,85.9065,2026-02-08T09:21:01.000Z,TRUE,300,195,37,19,30,149,127,2,0,7,Mist,17.3,63.1,14.9,9.3,72,0,0,30,1016,17.3,63.1,3.3,2.5,1,260,W,13,8.1,Moderate,2/8/2026
success,"Landour, Dehradun, Uttarakhand, India",Dehradun,Uttarakhand,India,Dehradun,Asia/Kolkata,30.345,78.029,12541,30.345,78.029,30.0417,79.0897,2026-02-08T09:21:00.000Z,TRUE,141,153,210,7,36,89,72,2,0,12,Sunny,12.4,54.3,8.3,5.1,21,0,0,30.02,1017,12.3,54.2,2.4,10,6,34,NE,5,3.1,Moderate,2/8/2026
success,"Bani, Shimla, Himachal Pradesh, India",Shimla,Himachal Pradesh,India,Shimla,Asia/Kolkata,31.1033,77.1722,VIR21213,31.1033,77.1722,31.9292,77.1828,2026-02-08T09:21:01.000Z,TRUE,21,56,48,7,39,15,12,67,6,50,Sunny,7.3,45.2,15.4,9.6,22,0,0,30.06,1018,8.7,47.6,2.3,10,6,63,ENE,8.6,5.4,Moderate,2/8/2026
success,"Nhpc Quarters, Gangtok, Sikkim, India",Gangtok,Sikkim,India,Gangtok,Asia/Kolkata,27.33,88.62,VIR7722,27.33,88.62,27.601,88.4541,2026-02-08T09:21:01.000Z,TRUE,122,144,60,6,57,70,63,2,12,12,Sunny,13.5,56.3,9.9,6.2,50,0,0,30.04,1017,13.9,57.1,3.9,10,6,208,SSW,8.6,5.4,Moderate,2/8/2026
success,"Bopal, Ahmedabad, Gujarat, India",Ahmedabad,Gujarat,India,Ahmedabad,Asia/Kolkata,23.0225,72.5714,13747,23.0225,72.5714,22.385,71.7453,2026-02-08T09:31:00.000Z,TRUE,162,165,159,41,29,96,79,15,0,0,Overcast,20.3,68.5,18.3,11.4,53,0,0,30,1016,20.3,68.5,2.3,2.5,1,95,E,15.5,9.6,Moderate,2/8/2026
success,"Tavarekere, Bangalore, Karnataka, India",Bangalore,Karnataka,India,Bangalore,Asia/Kolkata,12.9789,77.5917,VIR1721,12.9789,77.5917,14.5204,75.7224,2026-02-08T09:31:00.000Z,TRUE,147,163,208,33,45,91,74,2,0,0,Mist,21.2,70.2,15.3,9.5,56,0,0,30.12,1020,21.2,70.2,4.5,5,3,60,ENE,13.3,8.3,Moderate,2/8/2026
success,"Kazhikundram, Chennai, Tamil Nadu, India",Chennai,Tamil Nadu,India,Chennai,Asia/Kolkata,13.0825,80.275,11279,13.0825,80.275,10.9094,78.3665,2026-02-08T09:31:00.000Z,TRUE,235,178,129,7,28,125,101,2,0,25,Fog,25.2,77.3,5.5,3.4,94,0,0,29.97,1015,23.4,74.1,4.4,1,0,10,N,4.3,2.7,Moderate,2/8/2026
success,"Kphb Phase Iii, Hyderabad, Telangana, India",Hyderabad,Telangana,India,Hyderabad,Asia/Kolkata,17.3617,78.4747,VIR9820,17.3617,78.4747,17.8496,79.1152,2026-02-08T09:31:00.000Z,TRUE,116,153,159,13,28,78,63,2,0,0,Mist,23.5,74.2,13.7,8.5,47,0,0,30.09,1019,23.1,73.6,4,5,3,60,ENE,11.9,7.4,Moderate,2/8/2026
success,"Dhakuria, Kolkata, West Bengal, India",Kolkata,West Bengal,India,Kolkata,Asia/Kolkata,22.5325,88.3521,12458,22.5325,88.3521,22.9965,87.6856,2026-02-08T09:31:00.000Z,TRUE,204,171,111,41,27,106,91,2,0,0,Mist,23.6,74.5,12.4,7.7,46,0,0,30.03,1017,22.2,72,4.4,2.4,1,335,NNW,10.8,6.7,Moderate,2/8/2026
success,"Mahalakshmi, Mumbai, Maharashtra, India",Mumbai,Maharashtra,India,Mumbai,Asia/Kolkata,19.0761,72.8775,11921,19.0761,72.8775,18.9068,75.6742,2026-02-08T09:31:00.000Z,TRUE,228,185,164,46,29,122,104,19,0,0,Overcast,28.7,83.7,16.5,10.2,40,0,0,29.97,1015,28.1,82.6,2.5,2.2,1,79,E,10.4,6.5,Moderate,2/8/2026
success,"Dwarka, New Delhi, Delhi, India",New Delhi,Delhi,India,New Delhi,Asia/Kolkata,28.6325,77.2205,8181,28.6325,77.2205,28.6274,77.1717,2026-02-08T09:31:00.000Z,TRUE,276,194,359,38,23,151,120,8,0,0,Mist,12.2,54,13.8,8.6,82,0,0,30.03,1017,13.1,55.6,2.2,1.7,1,280,W,10.8,6.7,Moderate,2/8/2026
success,"Manjri, Pune, Maharashtra, India",Pune,Maharashtra,India,Pune,Asia/Kolkata,18.5203,73.8567,3767,18.5203,73.8567,18.9068,75.6742,2026-02-08T09:31:00.000Z,TRUE,257,189,161,42,27,134,111,2,0,0,Sunny,24.2,75.5,12,7.5,31,0,0,30.04,1017,23.9,75,3,10,6,98,E,10.4,6.5,Moderate,2/8/2026
success,"Talkatora, Lucknow, Uttar Pradesh, India",Lucknow,Uttar Pradesh,India,Lucknow,Asia/Kolkata,26.85,80.95,8188,26.85,80.95,27.1303,80.8597,2026-02-08T09:31:00.000Z,TRUE,324,228,90,29,26,193,159,9,0,25,Mist,15.2,59.4,17.2,10.7,94,0,0,30.03,1017,15.2,59.4,2.8,1.8,1,278,W,14.4,8.9,Moderate,2/8/2026
success,"Phase 2, Ludhiana, Punjab, India",Ludhiana,Punjab,India,Ludhiana,Asia/Kolkata,30.91,75.85,VIR13356,30.91,75.85,30.9293,75.5005,2026-02-08T09:31:00.000Z,TRUE,342,232,108,35,28,208,174,19,0,0,Sunny,13,55.3,16.1,10,52,0,0,30.04,1017,13.7,56.7,1.9,10,6,307,NW,10.8,6.7,Low,2/8/2026
success,"Sector D Industrial Area, Bhopal, Madhya Pradesh, India",Bhopal,Madhya Pradesh,India,Bhopal,Asia/Kolkata,23.2599,77.4126,11275,23.2599,77.4126,23.8143,77.5341,2026-02-08T09:31:00.000Z,TRUE,156,164,45,56,47,94,77,2,0,0,Mist,20.1,68.2,8.3,5.1,64,0,0,30.12,1020,20.1,68.2,3.1,3.5,2,117,ESE,7.2,4.5,Moderate,2/8/2026
success,"Baliawas, Gurgaon, Haryana, India",Gurgaon,Haryana,India,Gurgaon,Asia/Kolkata,28.456,77.029,11300,28.456,77.029,29,76,2026-02-08T09:31:00.000Z,TRUE,292,199,249,13,27,156,125,3,0,0,Mist,12.1,53.8,14.4,8.9,82,0,0,30.03,1017,13.1,55.6,2.3,1.7,1,278,W,11.5,7.2,Moderate,2/8/2026
success,"Athirappilly, Kochi, Kerala, India",Kochi,Kerala,India,Kochi,Asia/Kolkata,9.9312,76.2673,VIR11633,9.9312,76.2673,10.3529,76.512,2026-02-08T09:31:00.000Z,TRUE,135,159,284,7,26,81,71,2,0,0,Mist,26.3,79.3,6.6,4.1,69,0,0,29.94,1014,25.1,77.2,4.4,4,2,29,NNE,5.8,3.6,Moderate,2/8/2026
success,"Arunika Vihar, Bhubaneswar, Odisha, India",Bhubaneswar,Odisha,India,Bhubaneswar,Asia/Kolkata,20.2644,85.8281,VIR2431,20.2644,85.8281,20.5431,84.6897,2026-02-08T09:31:00.000Z,TRUE,231,180,284,6,28,125,102,2,0,0,Mist,20.1,68.2,10.4,6.4,83,0,0,30.03,1017,20.1,68.2,4.5,1.5,0,348,NNW,9,5.6,Moderate,2/8/2026
success,"Gandhi Nagar Colony, Ranchi, Jharkhand, India",Ranchi,Jharkhand,India,Ranchi,Asia/Kolkata,23.36,85.33,VIR18962,23.36,85.33,23.456,85.2557,2026-02-08T09:31:00.000Z,TRUE,64,108,280,6,26,50,38,2,0,0,Mist,18.1,64.6,18.6,11.6,45,0,0,30.12,1020,18.1,64.6,4.3,3.5,2,315,NW,16.2,10.1,Moderate,2/8/2026
success,"Vidya Nagar, Madgaon, Goa, India",Madgaon,Goa,India,Madgaon,Asia/Kolkata,15.33,73.98,ACA704868534,15.33,73.98,15.3005,74.0855,2026-02-08T09:41:35.000Z,TRUE,116,156,,,,76,64,,0,0,Sunny,28,82.5,10.4,6.4,30,0,0,29.96,1014,29.2,84.6,3.3,10,6,60,ENE,9,5.6,Moderate,2/8/2026
success,"Ward 27, Jaipur, Rajasthan, India",Jaipur,Rajasthan,India,Jaipur,Asia/Kolkata,26.8845,75.7933,VIR10340,26.8845,75.7933,26.8106,73.7685,2026-02-08T09:31:00.000Z,TRUE,162,165,81,82,28,98,79,8,0,0,Mist,16.4,61.5,10.8,6.7,55,0,0,30.09,1019,16.4,61.5,2.2,2.5,1,217,SW,3.6,2.2,Moderate,2/8/2026
success,"Ie, Raipur, Chhattisgarh, India",Raipur,Chhattisgarh,India,Raipur,Asia/Kolkata,21.2444,81.6306,VIR18914,21.2444,81.6306,21.6637,81.8406,2026-02-08T09:41:01.000Z,TRUE,78,128,71,34,28,62,47,2,0,0,Sunny,22,71.5,9.5,5.9,24,0,0,30.08,1019,22,71.5,3.9,10,6,42,NE,8.3,5.1,Moderate,2/8/2026
success,"Pan Bazaar, Guwahati, Assam, India",Guwahati,Assam,India,Guwahati,Asia/Kolkata,26.1722,91.7458,13729,26.1722,91.7458,26.4074,93.2551,2026-02-08T09:41:01.000Z,TRUE,357,284,290,7,26,226,190,31,0,25,Mist,20.3,68.5,10.8,6.7,73,0,0,30,1016,20.3,68.5,3.8,1.8,1,318,NW,3.6,2.2,Moderate,2/8/2026
success,"Gulzarbagh, Patna, Bihar, India",Patna,Bihar,India,Patna,Asia/Kolkata,25.594,85.1376,VIR17517,25.594,85.1376,25.6441,85.9065,2026-02-08T09:31:00.000Z,TRUE,309,199,38,18,29,154,135,2,0,0,Mist,17.3,63.1,14.9,9.3,72,0,0,30,1016,17.3,63.1,3.3,2.5,1,260,W,13,8.1,Moderate,2/8/2026
success,"Landour, Dehradun, Uttarakhand, India",Dehradun,Uttarakhand,India,Dehradun,Asia/Kolkata,30.345,78.029,12541,30.345,78.029,30.0417,79.0897,2026-02-08T09:31:00.000Z,TRUE,135,145,202,7,36,81,67,2,0,0,Sunny,12.4,54.3,8.3,5.1,21,0,0,30.02,1017,12.3,54.2,2.4,10,6,34,NE,5,3.1,Moderate,2/8/2026
success,"Bani, Shimla, Himachal Pradesh, India",Shimla,Himachal Pradesh,India,Shimla,Asia/Kolkata,31.1033,77.1722,VIR21213,31.1033,77.1722,31.9292,77.1828,2026-02-08T09:31:00.000Z,TRUE,23,57,52,6,35,16,14,65,0,6,Sunny,7.3,45.2,15.4,9.6,22,0,0,30.06,1018,8.7,47.6,2.3,10,6,63,ENE,8.6,5.4,Moderate,2/8/2026
success,"Nhpc Quarters, Gangtok, Sikkim, India",Gangtok,Sikkim,India,Gangtok,Asia/Kolkata,27.33,88.62,VIR7722,27.33,88.62,27.601,88.4541,2026-02-08T09:31:00.000Z,TRUE,122,141,59,7,58,70,62,2,0,12,Sunny,13.5,56.3,9.9,6.2,50,0,0,30.04,1017,13.9,57.1,3.9,10,6,208,SSW,8.6,5.4,Moderate,2/8/2026
success,"Soni Ni Chali, Ahmedabad, Gujarat, India",Ahmedabad,Gujarat,India,Ahmedabad,Asia/Kolkata,23.0225,72.5714,VIR215,23.0225,72.5714,22.385,71.7453,2026-02-08T22:21:01.000Z,TRUE,189,170,234,39,50,102,87,17,0,0,Overcast,23,73.5,26.5,16.4,41,0,0,29.91,1013,23,73.4,0,3,1,341,NNW,12.6,7.8,Low,2/8/2026
success,"Tavarekere, Bangalore, Karnataka, India",Bangalore,Karnataka,India,Bangalore,Asia/Kolkata,12.9789,77.5917,VIR1721,12.9789,77.5917,14.5204,75.7224,2026-02-08T22:11:01.000Z,TRUE,130,160,214,33,60,84,70,2,0,0,Clear,24.5,76,25.2,15.6,53,0,0,30.09,1019,22.1,71.8,0,6,3,106,ESE,15.1,9.4,Low,2/8/2026
success,"Sivakami Nagar, Chennai, Tamil Nadu, India",Chennai,Tamil Nadu,India,Chennai,Asia/Kolkata,13.0825,80.275,14144,13.0825,80.275,10.9094,78.3665,2026-02-08T22:11:01.000Z,TRUE,128,158,133,9,27,82,68,2,0,50,Mist,26.7,80.1,25.6,15.9,83,0,0,29.94,1014,25.2,77.4,0,5,3,82,E,15.5,9.6,Low,2/8/2026
success,"Kompally, Hyderabad, Telangana, India",Hyderabad,Telangana,India,Hyderabad,Asia/Kolkata,17.4399,78.4983,14149,17.4399,78.4983,17.8496,79.1152,2026-02-08T22:11:01.000Z,TRUE,91,139,139,16,28,67,53,2,0,0,Mist,23.1,73.6,18.9,11.7,41,0,0,30.06,1018,22.3,72.1,0,5,3,45,NE,9,5.6,Low,2/8/2026
success,"Kamardanga, Kolkata, West Bengal, India",Kolkata,West Bengal,India,Kolkata,Asia/Kolkata,22.62,88.42,VIR5520,22.62,88.42,22.9965,87.6856,2026-02-08T22:11:01.000Z,TRUE,295,216,128,42,36,165,140,2,0,0,Mist,20.3,68.5,18.9,11.7,64,0,0,29.94,1014,20.3,68.5,0,3.2,1,43,NE,9,5.6,Low,2/8/2026
success,"Mahim, Mumbai, Maharashtra, India",Mumbai,Maharashtra,India,Mumbai,Asia/Kolkata,19.0761,72.8775,13715,19.0761,72.8775,18.9068,75.6742,2026-02-08T22:11:01.000Z,TRUE,168,167,185,46,50,96,81,16,0,0,Overcast,29.8,85.6,14.9,9.3,40,0,0,29.91,1013,28.3,82.9,0,2.5,1,24,NNE,8.6,5.4,Low,2/8/2026
success,"Dwarka, New Delhi, Delhi, India",New Delhi,Delhi,India,New Delhi,Asia/Kolkata,28.6325,77.2205,8181,28.6325,77.2205,28.6274,77.1717,2026-02-08T22:11:00.000Z,TRUE,345,248,311,44,59,217,180,12,0,25,Mist,15.1,59.2,12.1,7.5,67,0,0,29.97,1015,15.1,59.2,0,5,3,292,WNW,5.8,3.6,Low,2/8/2026
success,"Manjri, Pune, Maharashtra, India",Pune,Maharashtra,India,Pune,Asia/Kolkata,18.5203,73.8567,3767,18.5203,73.8567,18.9068,75.6742,2026-02-08T22:21:00.000Z,TRUE,181,170,192,44,55,101,85,2,0,2,Clear,21.3,70.4,11.3,7,31,0,0,29.95,1014,21.3,70.4,0,10,6,288,WNW,5.4,3.4,Low,2/8/2026
success,"Haibat Mau Mawaiya, Lucknow, Uttar Pradesh, India",Lucknow,Uttar Pradesh,India,Lucknow,Asia/Kolkata,26.85,80.95,VIR13353,26.85,80.95,27.1303,80.8597,2026-02-08T22:11:01.000Z,TRUE,341,255,95,29,35,209,178,6,0,0,Mist,16.1,61,15.9,9.9,77,0,0,29.97,1015,16.1,61,0,4,2,323,NW,7.6,4.7,Low,2/8/2026
success,"Phase 2, Ludhiana, Punjab, India",Ludhiana,Punjab,India,Ludhiana,Asia/Kolkata,30.91,75.85,VIR13356,30.91,75.85,30.9293,75.5005,2026-02-08T22:11:01.000Z,TRUE,290,189,108,38,36,142,121,22,0,100,Overcast,12.9,55.3,13.6,8.5,61,0,0,29.97,1015,13.1,55.6,0,10,6,10,N,6.5,4,Low,2/8/2026
success,"Bagsewaniya, Bhopal, Madhya Pradesh, India",Bhopal,Madhya Pradesh,India,Bhopal,Asia/Kolkata,23.2599,77.4126,VIR2430,23.2599,77.4126,23.8143,77.5341,2026-02-08T22:11:01.000Z,TRUE,117,154,81,58,76,81,64,2,0,0,Mist,18.2,64.8,10.6,6.6,56,0,0,30.03,1017,18.2,64.8,0,5,3,74,ENE,5,3.1,Low,2/8/2026
success,"Baliawas, Gurgaon, Haryana, India",Gurgaon,Haryana,India,Gurgaon,Asia/Kolkata,28.456,77.029,11300,28.456,77.029,29,76,2026-02-08T22:21:00.000Z,TRUE,355,280,250,15,33,240,198,3,0,25,Mist,15.2,59.4,12.1,7.5,72,0,0,29.97,1015,15.2,59.4,0,5,3,302,WNW,5.8,3.6,Low,2/8/2026
success,"Athirappilly, Kochi, Kerala, India",Kochi,Kerala,India,Kochi,Asia/Kolkata,9.9312,76.2673,VIR11633,9.9312,76.2673,10.3529,76.512,2026-02-08T22:21:01.000Z,TRUE,226,176,281,10,25,112,98,2,0,25,Mist,26.6,79.9,5.5,3.4,83,0,0,29.91,1013,25,77,0,4,2,85,E,3.6,2.2,Low,2/8/2026
success,"Arunika Vihar, Bhubaneswar, Odisha, India",Bhubaneswar,Odisha,India,Bhubaneswar,Asia/Kolkata,20.2644,85.8281,VIR2431,20.2644,85.8281,20.5431,84.6897,2026-02-08T22:11:01.000Z,TRUE,200,170,293,10,26,104,89,2,0,0,Mist,19.3,66.7,5.3,3.3,73,0,0,29.94,1014,19.3,66.7,0,3.5,2,231,SW,3.6,2.2,Low,2/8/2026
success,"Gandhi Nagar Colony, Ranchi, Jharkhand, India",Ranchi,Jharkhand,India,Ranchi,Asia/Kolkata,23.36,85.33,VIR18962,23.36,85.33,23.456,85.2557,2026-02-08T22:21:01.000Z,TRUE,84,136,280,10,26,64,50,2,0,0,Mist,16.2,61.2,22.7,14.1,48,0,0,30.06,1018,16.2,61.2,0,3.5,2,340,NNW,10.8,6.7,Low,2/8/2026
success,"Vidya Nagar, Madgaon, Goa, India",Madgaon,Goa,India,Madgaon,Asia/Kolkata,15.33,73.98,ACA704868534,15.33,73.98,15.3005,74.0855,2026-02-08T22:21:35.000Z,TRUE,260,189,,,,125,110,,0,1,Clear,21.9,71.3,8.3,5.2,75,0,0,29.91,1013,21.9,71.3,0,10,6,20,NNE,4,2.5,Low,2/8/2026
success,"Ward 27, Jaipur, Rajasthan, India",Jaipur,Rajasthan,India,Jaipur,Asia/Kolkata,26.8845,75.7933,VIR10340,26.8845,75.7933,26.8106,73.7685,2026-02-08T22:21:01.000Z,TRUE,218,181,66,84,52,121,100,7,0,0,Mist,19,66.2,18.1,11.3,43,0,0,30,1016,19,66.2,0,3,1,56,ENE,8.6,5.4,Low,2/8/2026
success,"Ie, Raipur, Chhattisgarh, India",Raipur,Chhattisgarh,India,Raipur,Asia/Kolkata,21.2444,81.6306,VIR18914,21.2444,81.6306,21.6637,81.8406,2026-02-08T22:21:01.000Z,TRUE,255,185,36,43,26,125,109,28,0,0,Clear,20.5,68.9,3.8,2.3,21,0,0,29.95,1014,20.5,68.9,0,10,6,263,W,3.6,2.2,Low,2/8/2026
success,"Bongshar, Guwahati, Assam, India",Guwahati,Assam,India,Guwahati,Asia/Kolkata,26.1722,91.7458,VIR8658,26.1722,91.7458,26.4074,93.2551,2026-02-08T22:21:01.000Z,TRUE,351,249,27,10,26,230,186,32,0,25,Mist,20.1,68.2,11.3,7,78,0,0,29.97,1015,20.1,68.2,0,2,1,196,SSW,5.4,3.4,Low,2/8/2026
success,"Gulzarbagh, Patna, Bihar, India",Patna,Bihar,India,Patna,Asia/Kolkata,25.594,85.1376,VIR17517,25.594,85.1376,25.6441,85.9065,2026-02-08T22:11:01.000Z,TRUE,329,218,35,20,39,182,158,2,0,0,Mist,17.2,63,14.4,8.9,72,0,0,29.97,1015,17.2,63,0,3.5,2,302,WNW,6.8,4.3,Low,2/8/2026
success,"Landour, Dehradun, Uttarakhand, India",Dehradun,Uttarakhand,India,Dehradun,Asia/Kolkata,30.345,78.029,12541,30.345,78.029,30.0417,79.0897,2026-02-08T22:11:00.000Z,TRUE,254,187,205,9,39,132,110,2,0,32,Partly Cloudy,10.4,50.7,17.1,10.6,45,0,0,30.02,1017,11.3,52.3,0,10,6,46,NE,8.6,5.4,Low,2/8/2026
success,"Bani, Shimla, Himachal Pradesh, India",Shimla,Himachal Pradesh,India,Shimla,Asia/Kolkata,31.1033,77.1722,VIR21213,31.1033,77.1722,31.9292,77.1828,2026-02-08T22:11:01.000Z,TRUE,59,102,49,30,98,45,36,68,0,100,Overcast,9.4,48.8,14.9,9.3,36,0,0,30.02,1017,10.3,50.5,0,10,6,80,E,7.9,4.9,Low,2/8/2026
success,"Nhpc Quarters, Gangtok, Sikkim, India",Gangtok,Sikkim,India,Gangtok,Asia/Kolkata,27.33,88.62,VIR7722,27.33,88.62,27.601,88.4541,2026-02-08T22:11:01.000Z,TRUE,114,138,54,10,82,65,60,2,0,14,Clear,0.7,33.3,13.6,8.5,67,0,0,30.08,1019,2.5,36.6,0,10,6,45,NE,6.5,4,Low,2/8/2026
success,"Maninagar, Ahmedabad, Gujarat, India",Ahmedabad,Gujarat,India,Ahmedabad,Asia/Kolkata,23.0225,72.5714,8192,23.0225,72.5714,22.385,71.7453,2026-02-09T22:41:01.000Z,TRUE,128,158,202,47,55,83,68,22,0,0,Overcast,23.3,74,28,17.4,50,0,0,29.91,1013,22.3,72.1,0,2.5,1,328,NNW,13.3,8.3,Low,2/9/2026
success,"Peenya, Bangalore, Karnataka, India",Bangalore,Karnataka,India,Bangalore,Asia/Kolkata,12.9789,77.5917,3758,12.9789,77.5917,14.5204,75.7224,2026-02-09T22:41:01.000Z,TRUE,118,156,178,30,60,80,65,2,0,0,Mist,21.2,70.2,28.4,17.6,64,0,0,30.09,1019,21.2,70.2,0,5,3,97,E,17.6,11,Low,2/9/2026
success,"Kazhikundram, Chennai, Tamil Nadu, India",Chennai,Tamil Nadu,India,Chennai,Asia/Kolkata,13.0825,80.275,11279,13.0825,80.275,10.9094,78.3665,2026-02-09T22:41:01.000Z,TRUE,176,177,144,10,26,103,89,2,0,25,Mist,26.8,80.2,26.5,16.5,79,0,0,29.97,1015,25.2,77.4,0,5,3,81,E,16.9,10.5,Low,2/9/2026
success,"Ramachandrapuram, Hyderabad, Telangana, India",Hyderabad,Telangana,India,Hyderabad,Asia/Kolkata,17.4399,78.4983,14140,17.4399,78.4983,17.8496,79.1152,2026-02-09T22:41:02.000Z,TRUE,135,159,140,16,31,84,70,2,0,0,Mist,23.8,74.9,15.9,9.9,50,0,0,30.06,1018,24.1,75.4,0,4,2,93,E,7.6,4.7,Low,2/9/2026
success,"Dhakuria, Kolkata, West Bengal, India",Kolkata,West Bengal,India,Kolkata,Asia/Kolkata,22.5325,88.3521,12458,22.5325,88.3521,22.9965,87.6856,2026-02-09T22:51:01.000Z,TRUE,314,229,74,45,36,188,160,2,0,0,Mist,19.4,66.9,9.8,6.1,56,0,0,29.94,1014,19.4,66.9,0,3.2,1,19,NNE,4.7,2.9,Low,2/9/2026
success,"Mahalakshmi, Mumbai, Maharashtra, India",Mumbai,Maharashtra,India,Mumbai,Asia/Kolkata,19.0761,72.8775,11921,19.0761,72.8775,18.9068,75.6742,2026-02-09T22:41:01.000Z,TRUE,156,164,168,39,47,92,77,17,0,0,Mist,27.8,82,25.2,15.7,65,0,0,29.94,1014,26.3,79.3,0,2.5,1,346,NNW,15.8,9.8,Low,2/9/2026
success,"Vivek Vihar, New Delhi, Delhi, India",New Delhi,Delhi,India,New Delhi,Asia/Kolkata,28.6325,77.2205,10118,28.6325,77.2205,28.6274,77.1717,2026-02-09T22:41:01.000Z,TRUE,346,249,261,52,70,220,181,11,0,0,Mist,15.2,59.4,9.8,6.1,72,0,0,30,1016,15.2,59.4,0,3.5,2,69,ENE,4.7,2.9,Low,2/9/2026
success,"Shivajinagar, Pune, Maharashtra, India",Pune,Maharashtra,India,Pune,Asia/Kolkata,18.5203,73.8567,3760,18.5203,73.8567,18.9068,75.6742,2026-02-09T22:51:01.000Z,TRUE,194,173,154,31,68,106,89,2,0,4,Clear,21.3,70.3,17.4,10.8,42,0,0,29.97,1015,21.3,70.3,0,10,6,268,W,8.3,5.1,Low,2/9/2026
success,"Talkatora, Lucknow, Uttar Pradesh, India",Lucknow,Uttar Pradesh,India,Lucknow,Asia/Kolkata,26.85,80.95,8188,26.85,80.95,27.1303,80.8597,2026-02-09T22:51:01.000Z,TRUE,332,243,75,35,38,196,167,9,0,25,Mist,15.4,59.7,15.9,9.9,72,0,0,30,1016,15.4,59.7,0,4,2,317,NW,7.6,4.7,Low,2/9/2026
success,"Haibowal Khurd, Ludhiana, Punjab, India",Ludhiana,Punjab,India,Ludhiana,Asia/Kolkata,30.91,75.85,11272,30.91,75.85,30.9293,75.5005,2026-02-09T22:51:01.000Z,TRUE,361,261,96,35,25,239,199,20,0,31,Partly Cloudy,12.1,53.9,12.9,8,64,0,0,30.02,1017,12.3,54.2,0,10,6,75,ENE,6.1,3.8,Low,2/9/2026
success,"Sector D Industrial Area, Bhopal, Madhya Pradesh, India",Bhopal,Madhya Pradesh,India,Bhopal,Asia/Kolkata,23.2599,77.4126,11275,23.2599,77.4126,23.8143,77.5341,2026-02-09T22:41:01.000Z,TRUE,151,163,36,52,79,94,75,2,0,0,Mist,18.4,65.1,12.9,8,60,0,0,30.03,1017,18.4,65.1,0,5,3,77,ENE,6.1,3.8,Low,2/9/2026
success,"Khoh, Gurgaon, Haryana, India",Gurgaon,Haryana,India,Gurgaon,Asia/Kolkata,28.456,77.029,12445,28.456,77.029,29,76,2026-02-09T22:41:01.000Z,TRUE,274,206,249,20,32,152,126,3,0,0,Mist,15.2,59.4,9.8,6.1,72,0,0,30,1016,15.2,59.4,0,3.5,2,127,SE,4.7,2.9,Low,2/9/2026
success,"Edayar, Kochi, Kerala, India",Kochi,Kerala,India,Kochi,Asia/Kolkata,9.9312,76.2673,11919,9.9312,76.2673,10.3529,76.512,2026-02-09T22:51:01.000Z,TRUE,225,176,287,10,23,111,97,2,0,25,Mist,28.8,83.8,10.8,6.7,84,0,0.04,29.91,1013,26.4,79.5,0,4,2,26,NNE,3.6,2.2,Low,2/9/2026
success,"Arunika Vihar, Bhubaneswar, Odisha, India",Bhubaneswar,Odisha,India,Bhubaneswar,Asia/Kolkata,20.2644,85.8281,VIR2431,20.2644,85.8281,20.5431,84.6897,2026-02-09T22:41:02.000Z,TRUE,162,159,292,10,24,92,78,2,0,0,Mist,20.1,68.2,17.4,10.8,73,0,0,29.97,1015,20.1,68.2,0,3.2,1,201,SSW,8.3,5.1,Low,2/9/2026
success,"Gandhi Nagar Colony, Ranchi, Jharkhand, India",Ranchi,Jharkhand,India,Ranchi,Asia/Kolkata,23.36,85.33,VIR18962,23.36,85.33,23.456,85.2557,2026-02-09T22:51:02.000Z,TRUE,113,153,295,11,24,74,62,2,0,0,Mist,16.2,61.2,12.9,8,48,0,0,30.09,1019,16.2,61.2,0,4.5,2,344,NNW,6.1,3.8,Low,2/9/2026
success,"Vidya Nagar, Madgaon, Goa, India",Madgaon,Goa,India,Madgaon,Asia/Kolkata,15.33,73.98,ACA704868534,15.33,73.98,15.3005,74.0855,2026-02-09T22:51:36.000Z,TRUE,258,188,,,,124,108,,0,3,Clear,24.5,76.2,11.3,7,83,0,0,29.94,1014,22.1,71.8,0,10,6,10,N,5.4,3.4,Low,2/9/2026
success,"Jhotwara, Jaipur, Rajasthan, India",Jaipur,Rajasthan,India,Jaipur,Asia/Kolkata,26.8845,75.7933,11304,26.8845,75.7933,26.8106,73.7685,2026-02-09T22:41:01.000Z,TRUE,98,134,60,80,60,70,54,7,0,0,Mist,19,66.2,21.9,13.6,56,0,0,30,1016,19,66.2,0,3.5,2,100,E,10.4,6.5,Low,2/9/2026
success,"Ie, Raipur, Chhattisgarh, India",Raipur,Chhattisgarh,India,Raipur,Asia/Kolkata,21.2444,81.6306,VIR18914,21.2444,81.6306,21.6637,81.8406,2026-02-09T22:51:02.000Z,TRUE,175,169,35,39,22,101,82,30,0,0,Clear,21.4,70.4,9.1,5.6,24,0,0,29.95,1014,21.3,70.4,0,10,6,137,SE,4.3,2.7,Low,2/9/2026
success,"Pan Bazaar, Guwahati, Assam, India",Guwahati,Assam,India,Guwahati,Asia/Kolkata,26.1722,91.7458,13729,26.1722,91.7458,26.4074,93.2551,2026-02-09T22:51:02.000Z,TRUE,239,181,276,10,23,126,104,31,0,25,Mist,18,64.4,11.3,7,83,0,0,29.91,1013,18,64.4,0,2.5,1,224,SW,5.4,3.4,Low,2/9/2026
success,"Kidwaipuri, Patna, Bihar, India",Patna,Bihar,India,Patna,Asia/Kolkata,25.594,85.1376,8674,25.594,85.1376,25.6441,85.9065,2026-02-09T22:51:01.000Z,TRUE,320,208,43,28,47,169,146,2,0,0,Mist,18.3,64.9,18.9,11.7,68,0,0,29.97,1015,18.3,64.9,0,3,1,310,NW,9,5.6,Low,2/9/2026
success,"Landour, Dehradun, Uttarakhand, India",Dehradun,Uttarakhand,India,Dehradun,Asia/Kolkata,30.345,78.029,12541,30.345,78.029,30.0417,79.0897,2026-02-09T22:51:01.000Z,TRUE,215,174,210,10,43,117,94,2,0,44,Partly Cloudy,11.1,51.9,13.1,8.2,59,0,0,30.06,1018,11.7,53,0,10,6,43,NE,7.6,4.7,Low,2/9/2026
success,"Bani, Shimla, Himachal Pradesh, India",Shimla,Himachal Pradesh,India,Shimla,Asia/Kolkata,31.1033,77.1722,VIR21213,31.1033,77.1722,31.9292,77.1828,2026-02-09T22:51:02.000Z,TRUE,45,83,303,11,23,35,27,2,0,96,Overcast,11.6,52.9,6.5,4,52,0,0,30.06,1018,11.6,52.8,0,10,6,84,E,4.7,2.9,Low,2/9/2026
success,"Nhpc Quarters, Gangtok, Sikkim, India",Gangtok,Sikkim,India,Gangtok,Asia/Kolkata,27.33,88.62,VIR7722,27.33,88.62,27.601,88.4541,2026-02-09T22:41:02.000Z,TRUE,149,153,46,10,73,81,72,2,0,25,Partly Cloudy,0.4,32.7,13.6,8.5,71,0,0,30.09,1019,2.2,36,0,10,6,35,NE,6.5,4,Low,2/9/2026
success,"Maninagar, Ahmedabad, Gujarat, India",Ahmedabad,Gujarat,India,Ahmedabad,Asia/Kolkata,23.0225,72.5714,8192,23.0225,72.5714,22.385,71.7453,2026-02-10T22:51:01.000Z,TRUE,71,116,382,36,31,53,42,17,0,0,Overcast,24,75.1,30.6,19,50,0,0,30,1016,22.2,72,0,3,1,321,NW,14.8,9.2,Low,2/10/2026
success,"Peenya, Bangalore, Karnataka, India",Bangalore,Karnataka,India,Bangalore,Asia/Kolkata,12.9789,77.5917,3758,12.9789,77.5917,14.5204,75.7224,2026-02-10T22:51:01.000Z,TRUE,112,154,210,30,39,77,63,2,0,0,Clear,20.3,68.5,33.2,20.6,68,0,0,30.15,1021,20.3,68.5,0,6,3,98,E,21.2,13.2,Low,2/10/2026
success,"Kazhikundram, Chennai, Tamil Nadu, India",Chennai,Tamil Nadu,India,Chennai,Asia/Kolkata,13.0825,80.275,11279,13.0825,80.275,10.9094,78.3665,2026-02-10T22:51:01.000Z,TRUE,105,152,175,13,24,74,60,2,0,25,Mist,26.9,80.4,24.3,15.1,74,0,0,30.03,1017,25.3,77.5,0,5,3,74,ENE,15.5,9.6,Low,2/10/2026
success,"Ramachandrapuram, Hyderabad, Telangana, India",Hyderabad,Telangana,India,Hyderabad,Asia/Kolkata,17.4399,78.4983,14140,17.4399,78.4983,17.8496,79.1152,2026-02-10T22:51:02.000Z,TRUE,97,146,197,15,23,70,56,2,0,0,Mist,24.5,76.1,8.3,5.2,53,0,0,30.12,1020,23.4,74.1,0,5,3,92,E,4,2.5,Low,2/10/2026
success,"Dhakuria, Kolkata, West Bengal, India",Kolkata,West Bengal,India,Kolkata,Asia/Kolkata,22.5325,88.3521,12458,22.5325,88.3521,22.9965,87.6856,2026-02-10T22:51:01.000Z,TRUE,325,240,89,50,29,199,169,2,0,0,Mist,21,69.8,9.1,5.6,49,0,0,30.03,1017,21,69.8,0,3.2,1,198,SSW,4.3,2.7,Low,2/10/2026
success,"Mahalakshmi, Mumbai, Maharashtra, India",Mumbai,Maharashtra,India,Mumbai,Asia/Kolkata,19.0761,72.8775,11921,19.0761,72.8775,18.9068,75.6742,2026-02-10T22:51:01.000Z,TRUE,230,181,214,42,55,117,101,16,0,0,Overcast,28.7,83.7,23.6,14.7,54,0,0,30,1016,27.2,81,0,2.5,1,10,N,14,8.7,Low,2/10/2026
success,"Vivek Vihar, New Delhi, Delhi, India",New Delhi,Delhi,India,New Delhi,Asia/Kolkata,28.6325,77.2205,10118,28.6325,77.2205,28.6274,77.1717,2026-02-10T22:51:01.000Z,TRUE,367,282,284,57,60,254,208,7,0,0,Mist,18.2,64.8,15.1,9.4,73,0,0,30.09,1019,18.2,64.8,0,3.5,2,38,NE,7.2,4.5,Low,2/10/2026
success,"Shivajinagar, Pune, Maharashtra, India",Pune,Maharashtra,India,Pune,Asia/Kolkata,18.5203,73.8567,3760,18.5203,73.8567,18.9068,75.6742,2026-02-10T22:51:01.000Z,TRUE,217,178,222,44,43,113,96,2,0,4,Clear,21.4,70.5,14.4,8.9,41,0,0,30.02,1017,21.4,70.5,0,10,6,283,WNW,6.8,4.3,Low,2/10/2026
success,"Talkatora, Lucknow, Uttar Pradesh, India",Lucknow,Uttar Pradesh,India,Lucknow,Asia/Kolkata,26.85,80.95,8188,26.85,80.95,27.1303,80.8597,2026-02-10T22:51:01.000Z,TRUE,342,253,113,30,30,213,180,9,0,0,Mist,17.1,62.8,17.4,10.8,77,0,0,30.06,1018,17.1,62.8,0,2.5,1,305,NW,8.3,5.1,Low,2/10/2026
success,"Haibowal Khurd, Ludhiana, Punjab, India",Ludhiana,Punjab,India,Ludhiana,Asia/Kolkata,30.91,75.85,11272,30.91,75.85,30.9293,75.5005,2026-02-10T22:51:01.000Z,TRUE,323,213,129,29,29,179,151,26,0,6,Clear,13.4,56.1,27.2,16.9,54,0,0,30.11,1020,14.3,57.7,0,10,6,10,N,13,8.1,Low,2/10/2026
success,"Sector D Industrial Area, Bhopal, Madhya Pradesh, India",Bhopal,Madhya Pradesh,India,Bhopal,Asia/Kolkata,23.2599,77.4126,11275,23.2599,77.4126,23.8143,77.5341,2026-02-10T22:51:01.000Z,TRUE,222,177,50,54,92,117,97,2,0,0,Mist,20.3,68.5,12.1,7.5,60,0,0,30.09,1019,20.3,68.5,0,4,2,261,W,5.8,3.6,Low,2/10/2026
success,"Khoh, Gurgaon, Haryana, India",Gurgaon,Haryana,India,Gurgaon,Asia/Kolkata,28.456,77.029,12445,28.456,77.029,29,76,2026-02-10T22:51:01.000Z,TRUE,315,220,324,21,25,178,149,3,0,0,Mist,18.2,64.8,14.4,8.9,73,0,0,30.09,1019,18.2,64.8,0,3.5,2,76,ENE,6.8,4.3,Low,2/10/2026
success,"Edayar, Kochi, Kerala, India",Kochi,Kerala,India,Kochi,Asia/Kolkata,9.9312,76.2673,11919,9.9312,76.2673,10.3529,76.512,2026-02-10T22:51:01.000Z,TRUE,254,186,383,14,19,129,110,2,0,25,Mist,26.9,80.4,4.2,2.6,89,0,0,29.94,1014,25.1,77.2,0,3.5,2,65,ENE,3.6,2.2,Low,2/10/2026
success,"Arunika Vihar, Bhubaneswar, Odisha, India",Bhubaneswar,Odisha,India,Bhubaneswar,Asia/Kolkata,20.2644,85.8281,VIR2431,20.2644,85.8281,20.5431,84.6897,2026-02-10T22:51:02.000Z,TRUE,181,172,363,12,18,104,89,2,0,0,Mist,21.4,70.5,12.1,7.5,88,0,0,30.03,1017,21.4,70.5,0,2.5,1,155,SSE,5.8,3.6,Low,2/10/2026
success,"Gandhi Nagar Colony, Ranchi, Jharkhand, India",Ranchi,Jharkhand,India,Ranchi,Asia/Kolkata,23.36,85.33,VIR18962,23.36,85.33,23.456,85.2557,2026-02-10T22:51:02.000Z,TRUE,233,180,399,13,18,125,104,2,0,0,Mist,15.2,59.4,14.4,8.9,41,0,0,30.15,1021,15.2,59.4,0,3.5,2,345,NNW,6.8,4.3,Low,2/10/2026
success,"Vidya Nagar, Madgaon, Goa, India",Madgaon,Goa,India,Madgaon,Asia/Kolkata,15.33,73.98,ACA704868534,15.33,73.98,15.3005,74.0855,2026-02-10T22:51:35.000Z,TRUE,286,202,,,,143,124,,0,0,Clear,22,71.5,20.4,12.7,83,0,0,29.97,1015,22,71.5,0,10,6,357,N,9.7,6,Low,2/10/2026
success,"Jhotwara, Jaipur, Rajasthan, India",Jaipur,Rajasthan,India,Jaipur,Asia/Kolkata,26.8845,75.7933,11304,26.8845,75.7933,26.8106,73.7685,2026-02-10T22:51:01.000Z,TRUE,179,172,59,107,51,105,86,2,0,0,Mist,20.1,68.2,14.4,8.9,64,0,0,30.09,1019,20.1,68.2,0,3,1,94,E,6.8,4.3,Low,2/10/2026
success,"Ie, Raipur, Chhattisgarh, India",Raipur,Chhattisgarh,India,Raipur,Asia/Kolkata,21.2444,81.6306,VIR18914,21.2444,81.6306,21.6637,81.8406,2026-02-10T22:51:02.000Z,TRUE,178,169,48,37,17,98,84,38,0,0,Clear,21.3,70.4,6.8,4.2,21,0,0,30.02,1017,21.3,70.4,0,10,6,126,SE,3.6,2.2,Low,2/10/2026
success,"Pan Bazaar, Guwahati, Assam, India",Guwahati,Assam,India,Guwahati,Asia/Kolkata,26.1722,91.7458,13729,26.1722,91.7458,26.4074,93.2551,2026-02-10T22:51:02.000Z,TRUE,274,191,40,13,17,150,118,32,0,25,Mist,17.4,63.3,12.1,7.5,83,0,0,30,1016,17.4,63.3,0,2.5,1,218,SW,5.8,3.6,Low,2/10/2026
success,"Kidwaipuri, Patna, Bihar, India",Patna,Bihar,India,Patna,Asia/Kolkata,25.594,85.1376,8674,25.594,85.1376,25.6441,85.9065,2026-02-10T22:51:02.000Z,TRUE,322,210,61,22,61,169,148,2,0,0,Mist,16.3,61.3,19.7,12.2,82,0,0,30.06,1018,16.3,61.3,0,3.5,2,304,NW,9.4,5.8,Low,2/10/2026
success,"Landour, Dehradun, Uttarakhand, India",Dehradun,Uttarakhand,India,Dehradun,Asia/Kolkata,30.345,78.029,12541,30.345,78.029,30.0417,79.0897,2026-02-10T22:51:01.000Z,TRUE,145,154,277,13,38,87,71,2,0,0,Clear,10.1,50.3,19.2,11.9,48,0,0,30.15,1021,11.2,52.2,0,10,6,38,NE,9.7,6,Low,2/10/2026
success,"Bani, Shimla, Himachal Pradesh, India",Shimla,Himachal Pradesh,India,Shimla,Asia/Kolkata,31.1033,77.1722,VIR21213,31.1033,77.1722,31.9292,77.1828,2026-02-10T23:01:00.000Z,TRUE,41,79,376,12,18,31,24,2,0,8,Clear,8.9,48,12.5,7.8,54,0,0,30.18,1022,9.8,49.6,0,10,6,61,ENE,7.2,4.5,Low,2/10/2026
success,"Nhpc Quarters, Gangtok, Sikkim, India",Gangtok,Sikkim,India,Gangtok,Asia/Kolkata,27.33,88.62,VIR7722,27.33,88.62,27.601,88.4541,2026-02-10T22:51:02.000Z,TRUE,122,143,51,14,70,71,63,2,0,71,Patchy rain nearby,6,42.8,7.3,4.5,70,0,0.04,30.15,1021,6.2,43.1,0,10,6,15,NNE,3.6,2.2,Low,2/10/2026
success,"Maninagar, Ahmedabad, Gujarat, India",Ahmedabad,Gujarat,India,Ahmedabad,Asia/Kolkata,23.0225,72.5714,8192,23.0225,72.5714,22.385,71.7453,2026-02-11T22:51:01.000Z,TRUE,229,180,235,40,43,120,101,16,0,0,Overcast,24.2,75.5,13.6,8.5,44,0,0,30,1016,24.1,75.4,0,2.5,1,287,WNW,6.5,4,Low,2/11/2026
success,"Peenya, Bangalore, Karnataka, India",Bangalore,Karnataka,India,Bangalore,Asia/Kolkata,12.9789,77.5917,3758,12.9789,77.5917,14.5204,75.7224,2026-02-11T22:51:01.000Z,TRUE,78,127,197,27,45,58,47,2,0,0,Clear,19,66.2,31.2,19.4,68,0,0,30.15,1021,19,66.2,0,6,3,89,E,19.8,12.3,Low,2/11/2026
success,"Kazhikundram, Chennai, Tamil Nadu, India",Chennai,Tamil Nadu,India,Chennai,Asia/Kolkata,13.0825,80.275,11279,13.0825,80.275,10.9094,78.3665,2026-02-11T22:51:01.000Z,TRUE,80,126,179,10,27,58,47,2,0,25,Partly Cloudy,25.8,78.3,22.2,13.8,74,0,0,30.03,1017,24.2,75.6,0,6,3,58,ENE,13.7,8.5,Low,2/11/2026
success,"Ramachandrapuram, Hyderabad, Telangana, India",Hyderabad,Telangana,India,Hyderabad,Asia/Kolkata,17.4399,78.4983,14140,17.4399,78.4983,17.8496,79.1152,2026-02-11T22:51:02.000Z,TRUE,159,165,207,12,27,89,77,3,0,0,Mist,24.9,76.7,13.6,8.5,54,0,0,30.12,1020,24.1,75.4,0,4,2,126,SE,6.5,4,Low,2/11/2026
success,"Dhakuria, Kolkata, West Bengal, India",Kolkata,West Bengal,India,Kolkata,Asia/Kolkata,22.5325,88.3521,12458,22.5325,88.3521,22.9965,87.6856,2026-02-11T22:51:01.000Z,TRUE,319,227,81,58,35,183,158,2,0,0,Mist,23,73.4,11.3,7,50,0,0,30,1016,22.2,72,0,3.2,1,155,SSE,5.4,3.4,Low,2/11/2026
success,"Mahalakshmi, Mumbai, Maharashtra, India",Mumbai,Maharashtra,India,Mumbai,Asia/Kolkata,19.0761,72.8775,11921,19.0761,72.8775,18.9068,75.6742,2026-02-11T22:51:01.000Z,TRUE,197,174,173,38,46,107,91,17,0,0,Mist,28.5,83.3,22.4,13.9,66,0,0,29.97,1015,27.1,80.8,0,3,1,16,NNE,11.5,7.2,Low,2/11/2026
success,"Vivek Vihar, New Delhi, Delhi, India",New Delhi,Delhi,India,New Delhi,Asia/Kolkata,28.6325,77.2205,10118,28.6325,77.2205,28.6274,77.1717,2026-02-11T22:51:01.000Z,TRUE,258,186,330,54,51,134,110,7,0,0,Mist,18.2,64.8,18.1,11.3,68,0,0,30.12,1020,18.2,64.8,0,4,2,324,NW,8.6,5.4,Low,2/11/2026
success,"Shivajinagar, Pune, Maharashtra, India",Pune,Maharashtra,India,Pune,Asia/Kolkata,18.5203,73.8567,3760,18.5203,73.8567,18.9068,75.6742,2026-02-11T22:51:01.000Z,TRUE,161,167,192,38,40,97,80,2,0,0,Clear,23.5,74.3,11.3,7,31,0,0,30,1016,22.5,72.5,0,10,6,181,S,5.4,3.4,Low,2/11/2026
success,"Talkatora, Lucknow, Uttar Pradesh, India",Lucknow,Uttar Pradesh,India,Lucknow,Asia/Kolkata,26.85,80.95,8188,26.85,80.95,27.1303,80.8597,2026-02-11T22:51:01.000Z,TRUE,321,223,113,30,36,181,153,9,0,0,Mist,17.3,63.1,23.4,14.6,83,0,0,30.06,1018,17.3,63.1,0,4,2,274,W,11.2,6.9,Low,2/11/2026
success,"Haibowal Khurd, Ludhiana, Punjab, India",Ludhiana,Punjab,India,Ludhiana,Asia/Kolkata,30.91,75.85,11272,30.91,75.85,30.9293,75.5005,2026-02-11T22:51:01.000Z,TRUE,182,170,142,25,35,106,86,23,0,0,Clear,13.4,56,21.9,13.6,52,0,0,30.1,1019,14,57.2,0,10,6,339,NNW,10.4,6.5,Low,2/11/2026
success,"Sector D Industrial Area, Bhopal, Madhya Pradesh, India",Bhopal,Madhya Pradesh,India,Bhopal,Asia/Kolkata,23.2599,77.4126,11275,23.2599,77.4126,23.8143,77.5341,2026-02-11T22:51:01.000Z,TRUE,120,157,39,59,90,81,65,2,0,25,Mist,21.3,70.3,20.4,12.7,69,0,0,30.09,1019,21.3,70.3,0,4,2,20,NNE,9.7,6,Low,2/11/2026
success,"Khoh, Gurgaon, Haryana, India",Gurgaon,Haryana,India,Gurgaon,Asia/Kolkata,28.456,77.029,12445,28.456,77.029,29,76,2026-02-11T22:51:01.000Z,TRUE,304,207,324,20,31,165,135,3,0,0,Mist,18.2,64.8,17.4,10.8,68,0,0,30.12,1020,18.2,64.8,0,4,2,324,NW,8.3,5.1,Low,2/11/2026
success,"Edayar, Kochi, Kerala, India",Kochi,Kerala,India,Kochi,Asia/Kolkata,9.9312,76.2673,11919,9.9312,76.2673,10.3529,76.512,2026-02-11T22:51:01.000Z,TRUE,264,184,377,10,24,124,110,2,0,25,Mist,28.8,83.8,4.3,2.7,74,0,0,29.94,1014,26.3,79.3,0,3.5,2,103,ESE,3.6,2.2,Low,2/11/2026
success,"Arunika Vihar, Bhubaneswar, Odisha, India",Bhubaneswar,Odisha,India,Bhubaneswar,Asia/Kolkata,20.2644,85.8281,VIR2431,20.2644,85.8281,20.5431,84.6897,2026-02-11T22:51:01.000Z,TRUE,217,192,386,10,24,122,104,2,0,0,Mist,21.3,70.3,12.1,7.5,83,0,0,30.03,1017,21.3,70.3,0,3,1,169,S,5.8,3.6,Low,2/11/2026
success,"Gandhi Nagar Colony, Ranchi, Jharkhand, India",Ranchi,Jharkhand,India,Ranchi,Asia/Kolkata,23.36,85.33,VIR18962,23.36,85.33,23.456,85.2557,2026-02-11T22:51:01.000Z,TRUE,96,149,381,10,24,70,56,2,0,0,Mist,18,64.4,17.4,10.8,42,0,0,30.15,1021,18,64.4,0,4,2,342,NNW,8.3,5.1,Low,2/11/2026
success,"Vidya Nagar, Madgaon, Goa, India",Madgaon,Goa,India,Madgaon,Asia/Kolkata,15.33,73.98,ACA704868534,15.33,73.98,15.3005,74.0855,2026-02-11T23:01:00.000Z,TRUE,155,166,,,,88,76,,0,0,Clear,21.8,71.2,13.6,8.5,70,0,0,29.95,1014,21.8,71.2,0,10,6,36,NE,6.5,4,Low,2/11/2026
success,"Jhotwara, Jaipur, Rajasthan, India",Jaipur,Rajasthan,India,Jaipur,Asia/Kolkata,26.8845,75.7933,11304,26.8845,75.7933,26.8106,73.7685,2026-02-11T22:51:01.000Z,TRUE,118,155,56,107,63,80,64,2,0,50,Mist,24.2,75.6,28,17.4,53,0,0,30.12,1020,22.4,72.3,0,4,2,42,NE,13.3,8.3,Low,2/11/2026
success,"Ie, Raipur, Chhattisgarh, India",Raipur,Chhattisgarh,India,Raipur,Asia/Kolkata,21.2444,81.6306,VIR18914,21.2444,81.6306,21.6637,81.8406,2026-02-11T22:51:01.000Z,TRUE,240,186,50,39,24,126,108,47,0,5,Clear,22.7,72.8,14.4,8.9,23,0,0,30,1016,22.5,72.4,0,10,6,138,SE,6.8,4.3,Low,2/11/2026
success,"Pan Bazaar, Guwahati, Assam, India",Guwahati,Assam,India,Guwahati,Asia/Kolkata,26.1722,91.7458,13729,26.1722,91.7458,26.4074,93.2551,2026-02-11T22:51:02.000Z,TRUE,292,195,34,10,24,149,126,32,0,25,Mist,19.4,66.9,9.8,6.1,78,0,0,30,1016,19.4,66.9,0,2.5,1,201,SSW,4.7,2.9,Low,2/11/2026
success,"Kidwaipuri, Patna, Bihar, India",Patna,Bihar,India,Patna,Asia/Kolkata,25.594,85.1376,8674,25.594,85.1376,25.6441,85.9065,2026-02-11T22:51:01.000Z,TRUE,320,209,61,34,61,170,146,2,0,0,Mist,17.3,63.1,19.7,12.2,77,0,0,30.03,1017,17.3,63.1,0,3,1,301,WNW,9.4,5.8,Low,2/11/2026
success,"Landour, Dehradun, Uttarakhand, India",Dehradun,Uttarakhand,India,Dehradun,Asia/Kolkata,30.345,78.029,12541,30.345,78.029,30.0417,79.0897,2026-02-11T22:51:01.000Z,TRUE,160,159,282,10,47,93,77,2,0,27,Partly Cloudy,11.4,52.5,21,13.1,53,0,0,30.13,1020,12.4,54.4,0,10,6,40,NE,10.8,6.7,Low,2/11/2026
success,"Bani, Shimla, Himachal Pradesh, India",Shimla,Himachal Pradesh,India,Shimla,Asia/Kolkata,31.1033,77.1722,VIR21213,31.1033,77.1722,31.9292,77.1828,2026-02-11T23:01:00.000Z,TRUE,38,75,381,10,24,28,23,2,0,8,Clear,9.4,49,16.3,10.2,58,0,0,30.16,1021,10.6,51,0,10,6,65,ENE,9.4,5.8,Low,2/11/2026
success,"Nhpc Quarters, Gangtok, Sikkim, India",Gangtok,Sikkim,India,Gangtok,Asia/Kolkata,27.33,88.62,VIR7722,27.33,88.62,27.601,88.4541,2026-02-11T22:51:01.000Z,TRUE,104,134,50,11,74,62,56,2,0,83,Patchy rain nearby,3.7,38.7,9.1,5.6,77,0,0.04,30.14,1021,4.4,40,0,10,6,32,NNE,4.3,2.7,Low,2/11/2026
success,"Maninagar, Ahmedabad, Gujarat, India",Ahmedabad,Gujarat,India,Ahmedabad,Asia/Kolkata,23.0225,72.5714,8192,23.0225,72.5714,22.385,71.7453,2026-02-12T23:01:00.000Z,TRUE,219,177,260,49,48,114,97,10,0,0,Overcast,25.4,77.6,21.9,13.6,51,0,0,29.97,1015,26.1,79,0,3,1,339,NNW,10.4,6.5,Low,2/12/2026
success,"Peenya, Bangalore, Karnataka, India",Bangalore,Karnataka,India,Bangalore,Asia/Kolkata,12.9789,77.5917,3758,12.9789,77.5917,14.5204,75.7224,2026-02-12T23:01:00.000Z,TRUE,70,114,234,31,35,51,42,2,0,0,Clear,21.1,70,26.6,16.5,73,0,0,30.09,1019,21.1,70,0,6,3,104,ESE,16.2,10.1,Low,2/12/2026
success,"Kazhikundram, Chennai, Tamil Nadu, India",Chennai,Tamil Nadu,India,Chennai,Asia/Kolkata,13.0825,80.275,11279,13.0825,80.275,10.9094,78.3665,2026-02-12T22:51:02.000Z,TRUE,76,121,205,12,26,58,45,2,0,25,Clear,27.1,80.8,23,14.3,83,0,0,29.97,1015,25.4,77.7,0,6,3,36,NE,14.8,9.2,Low,2/12/2026
success,"Ramachandrapuram, Hyderabad, Telangana, India",Hyderabad,Telangana,India,Hyderabad,Asia/Kolkata,17.4399,78.4983,14140,17.4399,78.4983,17.8496,79.1152,2026-02-12T23:01:00.000Z,TRUE,154,163,259,15,26,87,76,2,0,0,Mist,24.4,75.9,13.6,8.5,47,0,0,30.09,1019,24.1,75.4,0,4,2,105,ESE,6.5,4,Low,2/12/2026
success,"Dhakuria, Kolkata, West Bengal, India",Kolkata,West Bengal,India,Kolkata,Asia/Kolkata,22.5325,88.3521,12458,22.5325,88.3521,22.9965,87.6856,2026-02-12T22:51:02.000Z,TRUE,332,249,90,56,31,206,175,2,0,0,Mist,21.1,70,15.9,9.9,56,0,0,29.97,1015,21.1,70,0,3.2,1,17,NNE,7.6,4.7,Low,2/12/2026
success,"Mahalakshmi, Mumbai, Maharashtra, India",Mumbai,Maharashtra,India,Mumbai,Asia/Kolkata,19.0761,72.8775,11921,19.0761,72.8775,18.9068,75.6742,2026-02-12T22:51:02.000Z,TRUE,247,186,234,46,53,125,108,15,0,0,Overcast,29,84.3,14,8.7,58,0,0,29.97,1015,27.3,81.1,0,2.5,1,25,NNE,7.9,4.9,Low,2/12/2026
success,"Vivek Vihar, New Delhi, Delhi, India",New Delhi,Delhi,India,New Delhi,Asia/Kolkata,28.6325,77.2205,10118,28.6325,77.2205,28.6274,77.1717,2026-02-12T22:51:02.000Z,TRUE,305,207,301,46,49,167,137,7,0,50,Mist,15.2,59.4,15.9,9.9,72,0,0,30.06,1018,15.2,59.4,0,5,3,303,WNW,7.6,4.7,Low,2/12/2026
success,"Shivajinagar, Pune, Maharashtra, India",Pune,Maharashtra,India,Pune,Asia/Kolkata,18.5203,73.8567,3760,18.5203,73.8567,18.9068,75.6742,2026-02-12T22:51:02.000Z,TRUE,174,168,233,37,34,98,83,2,0,0,Clear,23.3,73.9,7.6,4.7,29,0,0,29.98,1015,22.2,72,0,10,6,200,SSW,3.6,2.2,Low,2/12/2026
success,"Talkatora, Lucknow, Uttar Pradesh, India",Lucknow,Uttar Pradesh,India,Lucknow,Asia/Kolkata,26.85,80.95,8188,26.85,80.95,27.1303,80.8597,2026-02-12T22:51:02.000Z,TRUE,202,176,94,33,31,109,94,6,0,0,Mist,16.3,61.3,23.4,14.6,72,0,0,30.03,1017,16.3,61.3,0,4,2,301,WNW,11.2,6.9,Low,2/12/2026
success,"Haibowal Khurd, Ludhiana, Punjab, India",Ludhiana,Punjab,India,Ludhiana,Asia/Kolkata,30.91,75.85,11272,30.91,75.85,30.9293,75.5005,2026-02-12T23:01:00.000Z,TRUE,295,196,149,13,30,153,128,24,0,1,Clear,13.5,56.3,10.6,6.6,61,0,0,30.03,1017,13.3,55.9,0,10,6,343,NNW,5,3.1,Low,2/12/2026
success,"Sector D Industrial Area, Bhopal, Madhya Pradesh, India",Bhopal,Madhya Pradesh,India,Bhopal,Asia/Kolkata,23.2599,77.4126,11275,23.2599,77.4126,23.8143,77.5341,2026-02-12T22:51:02.000Z,TRUE,94,149,43,43,78,71,56,7,0,25,Mist,21.2,70.2,18.1,11.3,56,0,0,30.06,1018,21.2,70.2,0,5,3,30,NNE,8.6,5.4,Low,2/12/2026
success,"Khoh, Gurgaon, Haryana, India",Gurgaon,Haryana,India,Gurgaon,Asia/Kolkata,28.456,77.029,12445,28.456,77.029,29,76,2026-02-12T22:51:02.000Z,TRUE,288,205,413,15,29,158,131,3,0,50,Mist,15.2,59.4,17.4,10.8,72,0,0,30.06,1018,15.2,59.4,0,5,3,283,WNW,8.3,5.1,Low,2/12/2026
success,"Edayar, Kochi, Kerala, India",Kochi,Kerala,India,Kochi,Asia/Kolkata,9.9312,76.2673,11919,9.9312,76.2673,10.3529,76.512,2026-02-12T23:01:00.000Z,TRUE,252,181,461,12,22,121,106,2,0,25,Mist,25.8,78.4,13.6,8.5,83,0,0,29.91,1013,24.1,75.4,0,4,2,54,NE,7.6,4.7,Low,2/12/2026
success,"Arunika Vihar, Bhubaneswar, Odisha, India",Bhubaneswar,Odisha,India,Bhubaneswar,Asia/Kolkata,20.2644,85.8281,VIR2431,20.2644,85.8281,20.5431,84.6897,2026-02-12T22:51:03.000Z,TRUE,178,168,476,14,23,96,83,2,0,0,Mist,20.2,68.4,14.4,8.9,73,0,0,29.97,1015,20.2,68.4,0,3.5,2,228,SW,6.8,4.3,Low,2/12/2026
success,"Gandhi Nagar Colony, Ranchi, Jharkhand, India",Ranchi,Jharkhand,India,Ranchi,Asia/Kolkata,23.36,85.33,VIR18962,23.36,85.33,23.456,85.2557,2026-02-12T23:01:00.000Z,TRUE,308,223,469,43,22,193,162,2,0,0,Mist,15.2,59.4,24.9,15.5,51,0,0,30.12,1020,15.2,59.4,0,3,1,331,NNW,11.9,7.4,Low,2/12/2026
success,"Vidya Nagar, Madgaon, Goa, India",Madgaon,Goa,India,Madgaon,Asia/Kolkata,15.33,73.98,ACA704868534,15.33,73.98,15.3005,74.0855,2026-02-12T23:01:00.000Z,TRUE,183,172,,,,94,85,,0,0,Clear,21.3,70.3,13.6,8.5,74,0,0,29.95,1014,21.3,70.3,0,10,6,27,NNE,6.5,4,Low,2/12/2026
success,"Jhotwara, Jaipur, Rajasthan, India",Jaipur,Rajasthan,India,Jaipur,Asia/Kolkata,26.8845,75.7933,11304,26.8845,75.7933,26.8106,73.7685,2026-02-12T22:51:02.000Z,TRUE,114,144,58,84,51,76,60,2,0,50,Mist,19.1,66.4,23.4,14.6,49,0,0,30.09,1019,19.1,66.4,0,3.5,2,17,NNE,11.2,6.9,Low,2/12/2026
success,"Ie, Raipur, Chhattisgarh, India",Raipur,Chhattisgarh,India,Raipur,Asia/Kolkata,21.2444,81.6306,VIR18914,21.2444,81.6306,21.6637,81.8406,2026-02-12T22:51:03.000Z,TRUE,266,185,56,38,25,130,110,60,0,6,Clear,23.4,74.1,8.3,5.2,27,0,0,29.97,1015,22.9,73.3,0,10,6,47,NE,4,2.5,Low,2/12/2026
success,"Pan Bazaar, Guwahati, Assam, India",Guwahati,Assam,India,Guwahati,Asia/Kolkata,26.1722,91.7458,13729,26.1722,91.7458,26.4074,93.2551,2026-02-12T23:01:00.000Z,TRUE,363,287,46,13,22,253,194,38,0,25,Mist,20,68,15.1,9.4,78,0,0,29.94,1014,20,68,0,2.5,1,221,SW,7.2,4.5,Low,2/12/2026
success,"Kidwaipuri, Patna, Bihar, India",Patna,Bihar,India,Patna,Asia/Kolkata,25.594,85.1376,8674,25.594,85.1376,25.6441,85.9065,2026-02-12T23:01:00.000Z,TRUE,281,189,64,23,59,138,118,2,0,0,Mist,19,66.2,20.4,12.7,68,0,0,30,1016,19,66.2,0,3.5,2,287,WNW,9.7,6,Low,2/12/2026
success,"Landour, Dehradun, Uttarakhand, India",Dehradun,Uttarakhand,India,Dehradun,Asia/Kolkata,30.345,78.029,12541,30.345,78.029,30.0417,79.0897,2026-02-12T23:01:00.000Z,TRUE,192,180,340,12,40,116,94,2,0,1,Clear,11.7,53,17.7,11,50,0,0,30.07,1018,12.4,54.3,0,10,6,40,NE,9,5.6,Low,2/12/2026
success,"Bani, Shimla, Himachal Pradesh, India",Shimla,Himachal Pradesh,India,Shimla,Asia/Kolkata,31.1033,77.1722,VIR21213,31.1033,77.1722,31.9292,77.1828,2026-02-12T23:01:00.000Z,TRUE,31,68,474,13,22,22,19,2,0,10,Clear,10.2,50.3,16.3,10.1,41,0,0,30.09,1019,11,51.8,0,10,6,72,ENE,8.3,5.1,Low,2/12/2026
success,"Nhpc Quarters, Gangtok, Sikkim, India",Gangtok,Sikkim,India,Gangtok,Asia/Kolkata,27.33,88.62,VIR7722,27.33,88.62,27.601,88.4541,2026-02-12T23:01:00.000Z,TRUE,92,128,50,12,73,58,51,2,0,24,Clear,2.1,35.8,12.9,8,67,0,0,30.11,1020,3.6,38.6,0,10,6,28,NNE,6.1,3.8,Low,2/12/2026
success,"Bopal, Ahmedabad, Gujarat, India",Ahmedabad,Gujarat,India,Ahmedabad,Asia/Kolkata,23.0225,72.5714,13747,23.0225,72.5714,22.385,71.7453,2026-02-13T22:31:00.000Z,TRUE,219,177,303,44,45,116,97,12,0,0,Overcast,23.7,74.7,31.8,19.7,53,0,0,29.94,1014,23.3,73.9,0,2,1,343,NNW,15.1,9.4,Low,2/13/2026
success,"Tavarekere, Bangalore, Karnataka, India",Bangalore,Karnataka,India,Bangalore,Asia/Kolkata,12.9789,77.5917,VIR1721,12.9789,77.5917,14.5204,75.7224,2026-02-13T22:31:00.000Z,TRUE,55,94,424,25,26,40,33,2,0,0,Clear,25,77,32.2,20,53,0,0,30.06,1018,23.3,73.9,0,6,3,101,ESE,20.2,12.5,Low,2/13/2026
success,"Sivakami Nagar, Chennai, Tamil Nadu, India",Chennai,Tamil Nadu,India,Chennai,Asia/Kolkata,13.0825,80.275,14144,13.0825,80.275,10.9094,78.3665,2026-02-13T22:31:00.000Z,TRUE,78,119,271,9,23,57,45,3,0,25,Clear,28.4,83.1,21.4,13.3,84,0,0,29.94,1014,26.1,79,0,6,3,51,NE,13.3,8.3,Low,2/13/2026
success,"Kompally, Hyderabad, Telangana, India",Hyderabad,Telangana,India,Hyderabad,Asia/Kolkata,17.4399,78.4983,14149,17.4399,78.4983,17.8496,79.1152,2026-02-13T22:31:00.000Z,TRUE,132,159,265,13,21,82,69,2,0,0,Mist,24.4,75.8,19.7,12.2,47,0,0,30.06,1018,24.1,75.4,0,5,3,111,ESE,9.4,5.8,Low,2/13/2026
success,"Kamardanga, Kolkata, West Bengal, India",Kolkata,West Bengal,India,Kolkata,Asia/Kolkata,22.62,88.42,VIR5520,22.62,88.42,22.9965,87.6856,2026-02-13T22:31:00.000Z,TRUE,290,201,516,51,25,153,129,3,0,0,Mist,21.3,70.3,9.8,6.1,53,0,0,29.94,1014,21.3,70.3,0,3.2,1,45,NE,4.7,2.9,Low,2/13/2026
success,"Worli, Mumbai, Maharashtra, India",Mumbai,Maharashtra,India,Mumbai,Asia/Kolkata,19.0761,72.8775,13706,19.0761,72.8775,18.9068,75.6742,2026-02-13T22:31:00.000Z,TRUE,225,178,252,43,43,114,99,15,0,0,Overcast,30.5,87,12.7,7.9,51,0,0,29.94,1014,28.2,82.8,0,2.5,1,356,N,6.8,4.3,Low,2/13/2026
success,"Dwarka, New Delhi, Delhi, India",New Delhi,Delhi,India,New Delhi,Asia/Kolkata,28.6325,77.2205,8181,28.6325,77.2205,28.6274,77.1717,2026-02-13T22:31:00.000Z,TRUE,321,225,329,46,59,188,155,7,0,0,Mist,17.1,62.8,11.3,7,68,0,0,30.03,1017,17.1,62.8,0,4.5,2,280,W,5.4,3.4,Low,2/13/2026
success,"Ideal Colony Kothrud, Pune, Maharashtra, India",Pune,Maharashtra,India,Pune,Asia/Kolkata,18.5203,73.8567,8679,18.5203,73.8567,18.9068,75.6742,2026-02-13T22:31:00.000Z,TRUE,165,165,234,42,40,92,79,2,0,3,Clear,23.4,74.2,13.6,8.5,32,0,0,29.94,1014,22.1,71.7,0,10,6,261,W,6.5,4,Low,2/13/2026
success,"Talkatora, Lucknow, Uttar Pradesh, India",Lucknow,Uttar Pradesh,India,Lucknow,Asia/Kolkata,26.85,80.95,8188,26.85,80.95,27.1303,80.8597,2026-02-13T22:41:01.000Z,TRUE,276,198,171,27,18,141,123,4,0,0,Mist,15.1,59.2,20.4,12.7,82,0,0,30,1016,15.1,59.2,0,3,1,306,NW,9.7,6,Low,2/13/2026
success,"Haibowal Khurd, Ludhiana, Punjab, India",Ludhiana,Punjab,India,Ludhiana,Asia/Kolkata,30.91,75.85,11272,30.91,75.85,30.9293,75.5005,2026-02-13T22:41:01.000Z,TRUE,296,194,255,12,32,152,126,21,0,0,Clear,14.5,58.1,8.3,5.2,44,0,0,29.96,1014,13.9,57.1,0,10,6,37,NE,4,2.5,Low,2/13/2026
success,"Sector D Industrial Area, Bhopal, Madhya Pradesh, India",Bhopal,Madhya Pradesh,India,Bhopal,Asia/Kolkata,23.2599,77.4126,11275,23.2599,77.4126,23.8143,77.5341,2026-02-13T22:31:00.000Z,TRUE,220,177,345,40,70,119,96,4,0,25,Mist,21.2,70.2,23.4,14.6,69,0,0,30.03,1017,21.2,70.2,0,4,2,23,NNE,11.2,6.9,Low,2/13/2026
success,"Khoh, Gurgaon, Haryana, India",Gurgaon,Haryana,India,Gurgaon,Asia/Kolkata,28.456,77.029,12445,28.456,77.029,29,76,2026-02-13T22:31:00.000Z,TRUE,284,212,445,14,30,163,135,2,0,0,Mist,17.2,63,12.1,7.5,68,0,0,30.03,1017,17.2,63,0,4.5,2,252,WSW,5.8,3.6,Low,2/13/2026
success,"Edayar, Kochi, Kerala, India",Kochi,Kerala,India,Kochi,Asia/Kolkata,9.9312,76.2673,11919,9.9312,76.2673,10.3529,76.512,2026-02-13T22:41:01.000Z,TRUE,192,170,467,12,26,100,88,2,0,50,Mist,32.3,90.1,12.3,7.7,70,0,0,29.88,1012,28.3,82.9,0,4,2,343,NNW,7.6,4.7,Low,2/13/2026
success,"Laxmi Sagar, Bhubaneswar, Odisha, India",Bhubaneswar,Odisha,India,Bhubaneswar,Asia/Kolkata,20.2644,85.8281,PLLODA000512,20.2644,85.8281,20.5431,84.6897,2026-02-13T22:41:01.000Z,TRUE,181,173,454,13,24,105,88,2,0,0,Mist,24.7,76.5,18.1,11.3,69,0,0,29.97,1015,22.4,72.3,0,3.5,2,212,SSW,8.6,5.4,Low,2/13/2026
success,"Gandhi Nagar Colony, Ranchi, Jharkhand, India",Ranchi,Jharkhand,India,Ranchi,Asia/Kolkata,23.36,85.33,VIR18962,23.36,85.33,23.456,85.2557,2026-02-13T22:41:01.000Z,TRUE,83,134,500,39,25,65,50,2,0,0,Mist,18.1,64.6,21.2,13.2,45,0,0,30.09,1019,18.1,64.6,0,4.5,2,334,NNW,10.1,6.3,Low,2/13/2026
success,"Vidya Nagar, Madgaon, Goa, India",Madgaon,Goa,India,Madgaon,Asia/Kolkata,15.33,73.98,ACA704868534,15.33,73.98,15.3005,74.0855,2026-02-13T22:31:00.000Z,TRUE,150,164,,,,86,75,,0,0,Clear,21.5,70.7,11.3,7,71,0,0,29.9,1012,21.5,70.7,0,10,6,29,NNE,5.4,3.4,Low,2/13/2026
success,"Ward 27, Jaipur, Rajasthan, India",Jaipur,Rajasthan,India,Jaipur,Asia/Kolkata,26.8845,75.7933,VIR10340,26.8845,75.7933,26.8106,73.7685,2026-02-13T22:31:00.000Z,TRUE,160,164,186,77,50,100,80,3,0,0,Mist,18.3,64.9,21.9,13.6,49,0,0,30.03,1017,18.3,64.9,0,3,1,14,NNE,10.4,6.5,Low,2/13/2026
success,"Ie, Raipur, Chhattisgarh, India",Raipur,Chhattisgarh,India,Raipur,Asia/Kolkata,21.2444,81.6306,VIR18914,21.2444,81.6306,21.6637,81.8406,2026-02-13T22:41:01.000Z,TRUE,259,189,41,38,28,127,111,61,0,2,Clear,23.8,74.8,9.1,5.6,24,0,0,29.9,1013,24.4,75.8,0,10,6,214,SW,4.3,2.7,Low,2/13/2026
success,"Pan Bazaar, Guwahati, Assam, India",Guwahati,Assam,India,Guwahati,Asia/Kolkata,26.1722,91.7458,13729,26.1722,91.7458,26.4074,93.2551,2026-02-13T22:41:01.000Z,TRUE,328,220,601,10,5,192,157,22,0,25,Mist,19.4,66.9,12.9,8,83,0,0,29.94,1014,19.4,66.9,0,2,1,222,SW,6.1,3.8,Low,2/13/2026
success,"Kidwaipuri, Patna, Bihar, India",Patna,Bihar,India,Patna,Asia/Kolkata,25.594,85.1376,8674,25.594,85.1376,25.6441,85.9065,2026-02-13T22:41:01.000Z,TRUE,235,178,191,11,46,124,101,2,0,50,Mist,18.2,64.8,16.6,10.3,64,0,0,29.97,1015,18.2,64.8,0,3.5,2,294,WNW,7.9,4.9,Low,2/13/2026
success,"Landour, Dehradun, Uttarakhand, India",Dehradun,Uttarakhand,India,Dehradun,Asia/Kolkata,30.345,78.029,12541,30.345,78.029,30.0417,79.0897,2026-02-13T22:31:00.000Z,TRUE,297,204,322,8,39,161,133,2,0,3,Clear,11.9,53.4,15.6,9.7,56,0,0,30.02,1016,12.5,54.5,0,10,6,43,NE,8.3,5.1,Low,2/13/2026
success,"Bani, Shimla, Himachal Pradesh, India",Shimla,Himachal Pradesh,India,Shimla,Asia/Kolkata,31.1033,77.1722,VIR21213,31.1033,77.1722,31.9292,77.1828,2026-02-13T22:41:01.000Z,TRUE,33,71,430,14,27,24,20,2,0,0,Clear,10.9,51.7,11.4,7.1,49,0,0,30.03,1017,11.3,52.3,0,10,6,71,ENE,6.1,3.8,Low,2/13/2026
success,"Nhpc Quarters, Gangtok, Sikkim, India",Gangtok,Sikkim,India,Gangtok,Asia/Kolkata,27.33,88.62,VIR7722,27.33,88.62,27.601,88.4541,2026-02-13T22:31:00.000Z,TRUE,84,124,570,2,10,60,48,2,0,12,Clear,0.8,33.4,17.4,10.8,62,0,0,30.07,1018,3,37.5,0,10,6,33,NNE,8.3,5.1,Low,2/13/2026
success,"CP Nagar 1, Ahmedabad, Gujarat, India",Ahmedabad,Gujarat,India,Ahmedabad,Asia/Kolkata,23.0225,72.5714,PLLODA000123,23.0225,72.5714,22.385,71.7453,2026-02-15T22:21:01.000Z,TRUE,228,182,367,36,50,123,103,12,0,0,Overcast,24.2,75.5,30.2,18.8,39,0,0,29.88,1012,24.1,75.4,0,3,1,335,NNW,14.4,8.9,Low,2/15/2026
success,"Electronic City Phase 1, Bangalore, Karnataka, India",Bangalore,Karnataka,India,Bangalore,Asia/Kolkata,12.9789,77.5917,PLLODA000648,12.9789,77.5917,14.5204,75.7224,2026-02-15T22:11:01.000Z,TRUE,161,165,303,28,52,92,78,3,0,0,Clear,14.3,57.7,12.1,7.5,50,0,0,29.96,1015,14.2,57.5,0,10,6,60,ENE,5.8,3.6,Low,2/15/2026
success,"Thirumurugan Salai, Chennai, Tamil Nadu, India",Chennai,Tamil Nadu,India,Chennai,Asia/Kolkata,13.0825,80.275,PLLODA000691,13.0825,80.275,10.9094,78.3665,2026-02-15T22:21:01.000Z,TRUE,159,164,363,4,17,89,78,2,0,0,Mist,27.4,81.3,24.9,15.5,83,0,0,29.91,1013,25.4,77.7,0,5,3,74,ENE,13.7,8.5,Low,2/15/2026
success,"Manikonda, Hyderabad, Telangana, India",Hyderabad,Telangana,India,Hyderabad,Asia/Kolkata,17.3617,78.4747,PLLODA000057,17.3617,78.4747,17.8496,79.1152,2026-02-15T22:21:01.000Z,TRUE,201,174,331,10,20,106,90,3,0,0,Mist,23.9,75,15.1,9.4,47,0,0,30.03,1017,23.2,73.8,0,5,3,95,E,7.2,4.5,Low,2/15/2026
success,"Chetla, Kolkata, West Bengal, India",Kolkata,West Bengal,India,Kolkata,Asia/Kolkata,22.5325,88.3521,PLLODA000690,22.5325,88.3521,22.9965,87.6856,2026-02-15T22:21:01.000Z,TRUE,284,206,594,42,19,155,132,3,0,0,Mist,21.4,70.5,14.4,8.9,53,0,0,29.91,1013,21.4,70.5,0,3.5,2,33,NNE,6.8,4.3,Low,2/15/2026
success,"Kurla, Mumbai, Maharashtra, India",Mumbai,Maharashtra,India,Mumbai,Asia/Kolkata,19.0728,72.8826,356DS1010004,19.0728,72.8826,18.9068,75.6742,2026-02-15T22:11:01.000Z,TRUE,214,176,323,41,37,111,95,13,0,0,Overcast,29.8,85.7,20.8,13,37,0,0,29.91,1013,29.1,84.4,0,3,1,11,N,11.2,6.9,Low,2/15/2026
success,"Jangpura, New Delhi, Delhi, India",New Delhi,Delhi,India,New Delhi,Asia/Kolkata,28.6325,77.2205,PLLODA000358,28.6325,77.2205,28.6274,77.1717,2026-02-15T22:21:01.000Z,TRUE,323,224,211,44,66,188,155,6,0,0,Mist,17.2,63,12.1,7.5,77,0,0,29.97,1015,17.2,63,0,4,2,18,NNE,5.8,3.6,Low,2/15/2026
success,"Pashan Hill Trail, Pune, Maharashtra, India",Pune,Maharashtra,India,Pune,Asia/Kolkata,18.5203,73.8567,PLLODA000577,18.5203,73.8567,18.9068,75.6742,2026-02-15T22:21:01.000Z,TRUE,163,168,191,42,45,94,80,2,0,3,Clear,23.9,75,19.7,12.2,37,0,0,29.95,1014,22.3,72.2,0,10,6,270,W,9.4,5.8,Low,2/15/2026
success,"Charbagh, Lucknow, Uttar Pradesh, India",Lucknow,Uttar Pradesh,India,Lucknow,Asia/Kolkata,26.85,80.95,PLLODX000007,26.85,80.95,27.1303,80.8597,2026-02-15T22:11:01.000Z,TRUE,303,210,266,21,27,162,138,6,0,0,Mist,17.4,63.3,18.1,11.3,94,0,0,29.94,1014,17.4,63.3,0,4,2,293,WNW,8.6,5.4,Low,2/15/2026
success,"Gate Number 2 Road, Ludhiana, Punjab, India",Ludhiana,Punjab,India,Ludhiana,Asia/Kolkata,30.91,75.85,48F6EE54A3FC,30.91,75.85,30.9293,75.5005,2026-02-15T22:21:23.000Z,TRUE,316,206,192,21,31,170,143,4,0,0,Clear,14.2,57.6,11.3,7,49,0,0,29.96,1015,14,57.2,0,10,6,57,ENE,5.4,3.4,Low,2/15/2026
success,"Arera Colony, Bhopal, Madhya Pradesh, India",Bhopal,Madhya Pradesh,India,Bhopal,Asia/Kolkata,23.2585,77.402,14695,23.2585,77.402,23.8143,77.5341,2026-02-15T22:21:02.000Z,TRUE,106,146,196,50,66,76,59,9,0,0,Mist,19.2,66.6,20.4,12.7,43,0,0,30.03,1017,19.2,66.6,0,5,3,10,N,9.7,6,Low,2/15/2026
success,"HUDA Office GMDA, Gurgaon, Haryana, India",Gurgaon,Haryana,India,Gurgaon,Asia/Kolkata,28.456,77.029,PLLODA000627,28.456,77.029,29,76,2026-02-15T22:21:01.000Z,TRUE,296,229,418,14,29,180,150,3,0,0,Mist,17.2,63,9.8,6.1,77,0,0,29.97,1015,17.2,63,0,4,2,359,N,4.7,2.9,Low,2/15/2026
success,"Edayar, Kochi, Kerala, India",Kochi,Kerala,India,Kochi,Asia/Kolkata,9.9312,76.2673,11919,9.9312,76.2673,10.3529,76.512,2026-02-15T22:11:00.000Z,TRUE,139,160,385,3,7,85,72,2,0,25,Mist,28.7,83.7,16.4,10.2,89,0,0,29.88,1012,26.2,79.2,0,3.5,2,336,NNW,10.1,6.3,Low,2/15/2026
success,"Arunika Vihar, Bhubaneswar, Odisha, India",Bhubaneswar,Odisha,India,Bhubaneswar,Asia/Kolkata,20.2644,85.8281,VIR2431,20.2644,85.8281,20.5431,84.6897,2026-02-15T22:11:01.000Z,TRUE,239,183,390,7,28,118,103,2,0,0,Mist,25.4,77.7,14.9,9.3,83,0,0,29.91,1013,23.1,73.6,0,2.5,1,151,SSE,7.2,4.5,Low,2/15/2026
success,"Nayatoli, Ranchi, Jharkhand, India",Ranchi,Jharkhand,India,Ranchi,Asia/Kolkata,23.36,85.33,PLLODA000430,23.36,85.33,23.456,85.2557,2026-02-15T22:21:01.000Z,TRUE,77,127,32,49,26,60,46,2,0,0,Mist,18.3,64.9,24.2,15,42,0,0,30.06,1018,18.3,64.9,0,5,3,329,NNW,11.5,7.2,Low,2/15/2026
success,"Vidya Nagar, Madgaon, Goa, India",Madgaon,Goa,India,Madgaon,Asia/Kolkata,15.33,73.98,ACA704868534,15.33,73.98,15.3005,74.0855,2026-02-15T22:11:26.000Z,TRUE,274,198,,,,135,120,,0,2,Clear,24.7,76.4,13.6,8.5,74,0,0,29.89,1012,22.3,72.2,0,10,6,10,N,6.5,4,Low,2/15/2026
success,"Dholai, Jaipur, Rajasthan, India",Jaipur,Rajasthan,India,Jaipur,Asia/Kolkata,26.8845,75.7933,48F6EE56C1E4,26.8845,75.7933,26.8106,73.7685,2026-02-15T22:21:23.000Z,TRUE,140,152,454,63,27,85,69,16,0,0,Mist,21.4,70.5,20.4,12.7,40,0,0,30,1016,21.4,70.5,0,3.5,2,352,N,9.7,6,Low,2/15/2026
success,"Sector 1, Raipur, Chhattisgarh, India",Raipur,Chhattisgarh,India,Raipur,Asia/Kolkata,21.2444,81.6306,8CBFEA3AA0E4,21.2444,81.6306,21.6637,81.8406,2026-02-15T22:21:23.000Z,TRUE,88,144,97,39,4,62,53,19,0,0,Clear,23.1,73.7,21.9,13.6,25,0,0,29.93,1013,22.9,73.2,0,10,6,344,NNW,10.4,6.5,Low,2/15/2026
success,"Ulubari, Guwahati, Assam, India",Guwahati,Assam,India,Guwahati,Asia/Kolkata,26.1722,91.7458,8856A6EEFA38,26.1722,91.7458,26.4074,93.2551,2026-02-15T22:21:23.000Z,TRUE,336,229,74,5,24,208,167,34,0,25,Mist,19.3,66.7,11.3,7,88,0,0,29.91,1013,19.3,66.7,0,2,1,211,SSW,5.4,3.4,Low,2/15/2026
success,"Kumhrar, Patna, Bihar, India",Patna,Bihar,India,Patna,Asia/Kolkata,25.594,85.1376,8856A6EF4098,25.594,85.1376,25.6441,85.9065,2026-02-15T22:21:23.000Z,TRUE,301,198,660,9,26,155,131,2,0,0,Mist,21.2,70.2,17.4,10.8,64,0,0,29.94,1014,21.2,70.2,0,3,1,270,W,8.3,5.1,Low,2/15/2026
success,"Dalanwala, Dehradun, Uttarakhand, India",Dehradun,Uttarakhand,India,Dehradun,Asia/Kolkata,30.345,78.029,PLLODA000191,30.345,78.029,30.0417,79.0897,2026-02-15T22:21:01.000Z,TRUE,208,183,270,4,40,121,99,2,0,0,Clear,11.6,52.9,18.1,11.3,49,0,0,30,1016,12.3,54.2,0,10,6,40,NE,8.6,5.4,Low,2/15/2026
success,"Bani, Shimla, Himachal Pradesh, India",Shimla,Himachal Pradesh,India,Shimla,Asia/Kolkata,31.1033,77.1722,VIR21213,31.1033,77.1722,31.9292,77.1828,2026-02-15T22:11:01.000Z,TRUE,52,94,558,14,68,39,32,41,0,13,Clear,10.1,50.3,14.6,9.1,49,0,0,30.06,1018,11,51.7,0,10,6,72,ENE,7.9,4.9,Low,2/15/2026
success,"Upper Tadong, Gangtok, Sikkim, India",Gangtok,Sikkim,India,Gangtok,Asia/Kolkata,27.33,88.62,-199528,27.33,88.62,27.601,88.4541,2026-02-15T22:21:01.000Z,TRUE,76,120,679,3,10,56,45,2,0,23,Clear,0.9,33.7,15.9,9.9,68,0,0,30.06,1018,3,37.4,0,10,6,28,NNE,7.6,4.7,Low,2/15/2026
success,"Bopal, Ahmedabad, Gujarat, India",Ahmedabad,Gujarat,India,Ahmedabad,Asia/Kolkata,23.0225,72.5714,13747,23.0225,72.5714,22.385,71.7453,2026-02-16T22:31:00.000Z,TRUE,141,161,338,34,49,88,72,19,0,0,Overcast,23.4,74,24.2,15,47,0,0,29.83,1010,23.3,73.9,0,4,2,338,NNW,11.5,7.2,Low,2/16/2026
success,"Tavarekere, Bangalore, Karnataka, India",Bangalore,Karnataka,India,Bangalore,Asia/Kolkata,12.9789,77.5917,VIR1721,12.9789,77.5917,14.5204,75.7224,2026-02-16T22:31:00.000Z,TRUE,196,173,309,22,45,107,89,3,0,0,Clear,24.5,76,36.4,22.6,61,0,0,30.03,1017,22.2,72,0,6,3,103,ESE,24.1,15,Low,2/16/2026
success,"Sivakami Nagar, Chennai, Tamil Nadu, India",Chennai,Tamil Nadu,India,Chennai,Asia/Kolkata,13.0825,80.275,14144,13.0825,80.275,10.9094,78.3665,2026-02-16T22:31:00.000Z,TRUE,185,176,276,5,19,102,90,2,0,0,Mist,26.8,80.2,23,14.3,79,0,0,29.91,1013,25.2,77.4,0,5,3,74,ENE,14,8.7,Low,2/16/2026
success,"Kompally, Hyderabad, Telangana, India",Hyderabad,Telangana,India,Hyderabad,Asia/Kolkata,17.4399,78.4983,14149,17.4399,78.4983,17.8496,79.1152,2026-02-16T22:31:00.000Z,TRUE,167,167,220,10,21,94,80,2,0,0,Mist,25.1,77.2,10.5,6.6,41,0,0,30,1016,25.2,77.4,0,5,3,126,SE,5,3.1,Low,2/16/2026
success,"Kamardanga, Kolkata, West Bengal, India",Kolkata,West Bengal,India,Kolkata,Asia/Kolkata,22.62,88.42,VIR5520,22.62,88.42,22.9965,87.6856,2026-02-16T22:31:00.000Z,TRUE,320,225,550,39,17,187,157,3,0,0,Mist,23.3,74,18.1,11.3,57,0,0,29.91,1013,22,71.6,0,3.2,1,33,NNE,8.6,5.4,Low,2/16/2026
success,"Mahim, Mumbai, Maharashtra, India",Mumbai,Maharashtra,India,Mumbai,Asia/Kolkata,19.0761,72.8775,13715,19.0761,72.8775,18.9068,75.6742,2026-02-16T22:31:00.000Z,TRUE,170,166,356,36,36,96,81,9,0,0,Overcast,29.8,85.7,14.5,9,40,0,0,29.85,1011,28.4,83.1,0,3,1,346,NNW,9,5.6,Low,2/16/2026
success,"Lajpat Nagar, New Delhi, Delhi, India",New Delhi,Delhi,India,New Delhi,Asia/Kolkata,28.6325,77.2205,PLLODA000003,28.6325,77.2205,28.6274,77.1717,2026-02-16T22:31:00.000Z,TRUE,290,203,264,46,82,160,132,9,0,0,Mist,20,68,12.9,8,56,0,0,29.94,1014,20,68,0,4.5,2,86,E,6.1,3.8,Low,2/16/2026
success,"Ideal Colony Kothrud, Pune, Maharashtra, India",Pune,Maharashtra,India,Pune,Asia/Kolkata,18.5203,73.8567,8679,18.5203,73.8567,18.9068,75.6742,2026-02-16T22:31:00.000Z,TRUE,172,170,158,37,43,98,83,2,0,7,Clear,22,71.5,15.9,9.9,38,0,0,29.89,1012,22,71.5,0,10,6,258,WSW,7.6,4.7,Low,2/16/2026
success,"Talkatora, Lucknow, Uttar Pradesh, India",Lucknow,Uttar Pradesh,India,Lucknow,Asia/Kolkata,26.85,80.95,8188,26.85,80.95,27.1303,80.8597,2026-02-16T22:31:00.000Z,TRUE,313,228,157,24,32,184,156,4,0,0,Mist,17.1,62.8,6.8,4.2,77,0,0,29.94,1014,17.1,62.8,0,4,2,35,NE,3.6,2.2,Low,2/16/2026
success,"Haibowal Khurd, Ludhiana, Punjab, India",Ludhiana,Punjab,India,Ludhiana,Asia/Kolkata,30.91,75.85,11272,30.91,75.85,30.9293,75.5005,2026-02-16T22:31:00.000Z,TRUE,354,253,533,16,24,234,190,14,0,0,Clear,14.7,58.5,16.6,10.3,46,0,0,29.94,1014,14.8,58.7,0,10,6,97,E,7.9,4.9,Low,2/16/2026
success,"Sector D Industrial Area, Bhopal, Madhya Pradesh, India",Bhopal,Madhya Pradesh,India,Bhopal,Asia/Kolkata,23.2599,77.4126,11275,23.2599,77.4126,23.8143,77.5341,2026-02-16T22:31:00.000Z,TRUE,61,104,254,43,48,49,37,13,0,0,Mist,21,69.8,21.2,13.2,31,0,0,29.97,1015,21,69.8,0,5,3,74,ENE,10.1,6.3,Low,2/16/2026
success,"Khoh, Gurgaon, Haryana, India",Gurgaon,Haryana,India,Gurgaon,Asia/Kolkata,28.456,77.029,12445,28.456,77.029,29,76,2026-02-16T22:31:00.000Z,TRUE,223,181,285,14,29,118,100,2,0,0,Mist,19.4,66.9,16.6,10.3,60,0,0,29.94,1014,19.4,66.9,0,4.5,2,108,ESE,7.9,4.9,Low,2/16/2026
success,"Edayar, Kochi, Kerala, India",Kochi,Kerala,India,Kochi,Asia/Kolkata,9.9312,76.2673,11919,9.9312,76.2673,10.3529,76.512,2026-02-16T22:31:00.000Z,TRUE,168,165,289,3,6,91,80,2,0,50,Mist,28.9,84.1,7.4,4.6,84,0.03,0.79,29.85,1011,26.3,79.3,0,4,2,155,SSE,4.3,2.7,Low,2/16/2026
success,"Arunika Vihar, Bhubaneswar, Odisha, India",Bhubaneswar,Odisha,India,Bhubaneswar,Asia/Kolkata,20.2644,85.8281,VIR2431,20.2644,85.8281,20.5431,84.6897,2026-02-16T22:31:00.000Z,TRUE,242,183,284,6,29,126,105,2,0,25,Mist,25.4,77.7,6.8,4.2,89,0,0,29.91,1013,23.2,73.8,0,2,1,172,S,3.6,2.2,Low,2/16/2026
success,"Gandhi Nagar Colony, Ranchi, Jharkhand, India",Ranchi,Jharkhand,India,Ranchi,Asia/Kolkata,23.36,85.33,VIR18962,23.36,85.33,23.456,85.2557,2026-02-16T22:31:00.000Z,TRUE,76,125,101,38,30,56,46,2,0,0,Mist,18.2,64.8,15.1,9.4,42,0,0,30.06,1018,18.2,64.8,0,3,1,23,NNE,7.2,4.5,Low,2/16/2026
success,"Vidya Nagar, Madgaon, Goa, India",Madgaon,Goa,India,Madgaon,Asia/Kolkata,15.33,73.98,ACA704868534,15.33,73.98,15.3005,74.0855,2026-02-16T22:31:00.000Z,TRUE,286,199,,,,137,122,,0,4,Clear,24.6,76.3,9.8,6.1,81,0,0,29.86,1011,22.2,71.9,0,10,6,25,NNE,4.7,2.9,Low,2/16/2026
success,"Agrasen Housing Society, Jaipur, Rajasthan, India",Jaipur,Rajasthan,India,Jaipur,Asia/Kolkata,26.8845,75.7933,PLLODA000389,26.8845,75.7933,26.8106,73.7685,2026-02-16T22:21:01.000Z,TRUE,80,117,340,61,39,56,45,11,0,0,Mist,21.3,70.3,24.2,15,40,0,0,29.94,1014,21.3,70.3,0,3.5,2,109,ESE,11.5,7.2,Low,2/16/2026
success,"Ie, Raipur, Chhattisgarh, India",Raipur,Chhattisgarh,India,Raipur,Asia/Kolkata,21.2444,81.6306,VIR18914,21.2444,81.6306,21.6637,81.8406,2026-02-16T22:31:00.000Z,TRUE,151,164,30,35,27,88,75,2,0,0,Clear,22.1,71.8,20.4,12.7,18,0,0,29.9,1012,22,71.7,0,10,6,114,ESE,9.7,6,Low,2/16/2026
success,"Pan Bazaar, Guwahati, Assam, India",Guwahati,Assam,India,Guwahati,Asia/Kolkata,26.1722,91.7458,13729,26.1722,91.7458,26.4074,93.2551,2026-02-16T22:31:00.000Z,TRUE,272,186,636,1,5,143,113,17,0,50,Mist,19.2,66.6,6.8,4.2,83,0,0,29.94,1014,19.2,66.6,0,2,1,198,SSW,3.6,2.2,Low,2/16/2026
success,"Gulzarbagh, Patna, Bihar, India",Patna,Bihar,India,Patna,Asia/Kolkata,25.594,85.1376,VIR17517,25.594,85.1376,25.6441,85.9065,2026-02-16T22:31:00.000Z,TRUE,340,234,552,34,46,212,172,3,0,0,Mist,18.4,65.1,16.6,10.3,77,0,0,29.97,1015,18.4,65.1,0,3.5,2,347,NNW,7.9,4.9,Low,2/16/2026
success,"Landour, Dehradun, Uttarakhand, India",Dehradun,Uttarakhand,India,Dehradun,Asia/Kolkata,30.345,78.029,12541,30.345,78.029,30.0417,79.0897,2026-02-16T22:21:00.000Z,TRUE,149,160,204,4,42,91,75,2,0,2,Clear,12.6,54.6,17.6,11,42,0,0,30.03,1017,13.2,55.7,0,10,6,43,NE,9,5.6,Low,2/16/2026
success,"Bani, Shimla, Himachal Pradesh, India",Shimla,Himachal Pradesh,India,Shimla,Asia/Kolkata,31.1033,77.1722,VIR21213,31.1033,77.1722,31.9292,77.1828,2026-02-16T22:31:00.000Z,TRUE,62,106,449,21,75,48,38,25,0,0,Clear,10.8,51.4,13.7,8.5,50,0,0,30.04,1017,11.4,52.6,0,10,6,81,E,7.6,4.7,Low,2/16/2026
success,"Nhpc Quarters, Gangtok, Sikkim, India",Gangtok,Sikkim,India,Gangtok,Asia/Kolkata,27.33,88.62,VIR7722,27.33,88.62,27.601,88.4541,2026-02-16T22:31:00.000Z,TRUE,100,131,628,2,9,60,54,2,0,5,Clear,0.9,33.7,17.4,10.8,53,0,0,30.1,1019,3.2,37.8,0,10,6,37,NE,8.3,5.1,Low,2/16/2026
success,"Maninagar, Ahmedabad, Gujarat, India",Ahmedabad,Gujarat,India,Ahmedabad,Asia/Kolkata,23.0225,72.5714,8192,23.0225,72.5714,22.385,71.7453,2026-02-17T22:51:01.000Z,TRUE,130,157,428,38,33,84,68,12,0,25,Overcast,24.9,76.9,23.4,14.6,41,0,0,29.85,1011,25.1,77.2,0,3,1,327,NNW,11.2,6.9,Low,2/17/2026
success,"Peenya, Bangalore, Karnataka, India",Bangalore,Karnataka,India,Bangalore,Asia/Kolkata,12.9789,77.5917,3758,12.9789,77.5917,14.5204,75.7224,2026-02-17T22:51:01.000Z,TRUE,89,139,213,25,44,66,52,4,0,0,Clear,20.2,68.4,33.2,20.6,68,0,0,30.06,1018,20.2,68.4,0,6,3,94,E,22,13.6,Low,2/17/2026
success,"Kazhikundram, Chennai, Tamil Nadu, India",Chennai,Tamil Nadu,India,Chennai,Asia/Kolkata,13.0825,80.275,11279,13.0825,80.275,10.9094,78.3665,2026-02-17T22:51:02.000Z,TRUE,109,151,331,4,10,74,61,2,0,25,Mist,27,80.7,26.6,16.5,74,0,0,29.94,1014,25.4,77.7,0,6,3,48,NE,16.9,10.5,Low,2/17/2026
success,"Ramachandrapuram, Hyderabad, Telangana, India",Hyderabad,Telangana,India,Hyderabad,Asia/Kolkata,17.4399,78.4983,14140,17.4399,78.4983,17.8496,79.1152,2026-02-17T22:51:02.000Z,TRUE,171,167,334,8,15,95,81,3,0,0,Mist,24.7,76.4,22.6,14,47,0,0,30.03,1017,24,75.2,0,5,3,117,ESE,11.2,6.9,Low,2/17/2026
success,"Dhakuria, Kolkata, West Bengal, India",Kolkata,West Bengal,India,Kolkata,Asia/Kolkata,22.5325,88.3521,12458,22.5325,88.3521,22.9965,87.6856,2026-02-17T22:51:01.000Z,TRUE,300,209,612,40,16,168,140,3,0,0,Mist,23.3,74,12.9,8,53,0,0,29.91,1013,22.1,71.8,0,2.8,1,36,NE,6.1,3.8,Low,2/17/2026
success,"Mahalakshmi, Mumbai, Maharashtra, India",Mumbai,Maharashtra,India,Mumbai,Asia/Kolkata,19.0761,72.8775,11921,19.0761,72.8775,18.9068,75.6742,2026-02-17T22:51:01.000Z,TRUE,93,146,249,29,41,69,55,13,0,0,Overcast,27.6,81.8,22,13.7,54,0,0,29.88,1012,26.2,79.2,0,3,1,335,NNW,14.8,9.2,Low,2/17/2026
success,"Vivek Vihar, New Delhi, Delhi, India",New Delhi,Delhi,India,New Delhi,Asia/Kolkata,28.6325,77.2205,10118,28.6325,77.2205,28.6274,77.1717,2026-02-17T22:51:01.000Z,TRUE,286,197,319,46,40,151,124,6,0,25,Mist,20.1,68.2,15.9,9.9,64,0,0,29.97,1015,20.1,68.2,0,4,2,48,NE,7.6,4.7,Low,2/17/2026
success,"Shivajinagar, Pune, Maharashtra, India",Pune,Maharashtra,India,Pune,Asia/Kolkata,18.5203,73.8567,3760,18.5203,73.8567,18.9068,75.6742,2026-02-17T22:51:01.000Z,TRUE,183,170,185,36,45,99,85,2,0,8,Clear,24.5,76,16.4,10.2,47,0,0,29.9,1012,22.5,72.5,0,10,6,276,W,9,5.6,Low,2/17/2026
success,"Talkatora, Lucknow, Uttar Pradesh, India",Lucknow,Uttar Pradesh,India,Lucknow,Asia/Kolkata,26.85,80.95,8188,26.85,80.95,27.1303,80.8597,2026-02-17T22:51:02.000Z,TRUE,329,244,210,22,29,202,170,6,0,0,Mist,16.2,61.2,9.1,5.6,82,0,0,29.94,1014,16.2,61.2,0,3,1,251,WSW,4.3,2.7,Low,2/17/2026
success,"Haibowal Khurd, Ludhiana, Punjab, India",Ludhiana,Punjab,India,Ludhiana,Asia/Kolkata,30.91,75.85,11272,30.91,75.85,30.9293,75.5005,2026-02-17T22:51:01.000Z,TRUE,302,198,194,20,27,157,131,18,0,6,Clear,16.1,61,13.6,8.5,42,0,0,29.95,1014,16.1,61,0,10,6,48,NE,6.5,4,Low,2/17/2026
success,"Sector D Industrial Area, Bhopal, Madhya Pradesh, India",Bhopal,Madhya Pradesh,India,Bhopal,Asia/Kolkata,23.2599,77.4126,11275,23.2599,77.4126,23.8143,77.5341,2026-02-17T22:51:01.000Z,TRUE,69,115,270,38,47,54,41,12,0,25,Mist,23.5,74.3,25.7,16,36,0,0,29.97,1015,23.4,74.1,0,5,3,91,E,12.2,7.6,Low,2/17/2026
success,"Khoh, Gurgaon, Haryana, India",Gurgaon,Haryana,India,Gurgaon,Asia/Kolkata,28.456,77.029,12445,28.456,77.029,29,76,2026-02-17T22:51:02.000Z,TRUE,274,197,259,11,25,143,122,3,0,25,Mist,20.1,68.2,18.9,11.7,64,0,0,29.97,1015,20.1,68.2,0,4,2,114,ESE,9,5.6,Low,2/17/2026
success,"Edayar, Kochi, Kerala, India",Kochi,Kerala,India,Kochi,Asia/Kolkata,9.9312,76.2673,11919,9.9312,76.2673,10.3529,76.512,2026-02-17T22:51:02.000Z,TRUE,250,180,286,3,6,119,105,2,0,50,Mist,28.6,83.6,9.9,6.1,74,0,0,29.85,1011,26.4,79.5,0,4,2,10,N,5.8,3.6,Low,2/17/2026
success,"Arunika Vihar, Bhubaneswar, Odisha, India",Bhubaneswar,Odisha,India,Bhubaneswar,Asia/Kolkata,20.2644,85.8281,VIR2431,20.2644,85.8281,20.5431,84.6897,2026-02-17T22:51:02.000Z,TRUE,212,181,276,6,24,117,99,2,0,0,Mist,24.6,76.2,13.6,8.5,69,0,0,29.94,1014,22,71.6,0,3,1,217,SW,6.5,4,Low,2/17/2026
success,"Gandhi Nagar Colony, Ranchi, Jharkhand, India",Ranchi,Jharkhand,India,Ranchi,Asia/Kolkata,23.36,85.33,VIR18962,23.36,85.33,23.456,85.2557,2026-02-17T22:51:02.000Z,TRUE,114,155,289,51,23,80,64,2,0,0,Mist,16.2,61.2,15.1,9.4,45,0,0,30.06,1018,16.2,61.2,0,4,2,346,NNW,7.2,4.5,Low,2/17/2026
success,"Vidya Nagar, Madgaon, Goa, India",Madgaon,Goa,India,Madgaon,Asia/Kolkata,15.33,73.98,ACA704868534,15.33,73.98,15.3005,74.0855,2026-02-17T22:51:37.000Z,TRUE,264,188,,,,124,109,,0,5,Clear,24.7,76.4,11.8,7.4,80,0,0,29.87,1011,22.3,72.1,0,10,6,348,NNW,5.8,3.6,Low,2/17/2026
success,"Jhotwara, Jaipur, Rajasthan, India",Jaipur,Rajasthan,India,Jaipur,Asia/Kolkata,26.8845,75.7933,11304,26.8845,75.7933,26.8106,73.7685,2026-02-17T22:51:02.000Z,TRUE,72,119,617,41,37,54,43,5,0,75,Patchy light rain with thunder,24,75.1,3.8,2.3,47,0,0,29.97,1015,23.1,73.6,0,2,1,17,NNE,3.6,2.2,Low,2/17/2026
success,"Ie, Raipur, Chhattisgarh, India",Raipur,Chhattisgarh,India,Raipur,Asia/Kolkata,21.2444,81.6306,VIR18914,21.2444,81.6306,21.6637,81.8406,2026-02-17T22:51:02.000Z,TRUE,166,167,59,42,24,95,80,2,0,0,Clear,22.2,72,17.4,10.8,18,0,0,29.91,1013,22.3,72.1,0,10,6,115,ESE,8.3,5.1,Low,2/17/2026
success,"Pan Bazaar, Guwahati, Assam, India",Guwahati,Assam,India,Guwahati,Asia/Kolkata,26.1722,91.7458,13729,26.1722,91.7458,26.4074,93.2551,2026-02-17T22:51:02.000Z,TRUE,261,183,528,1,5,131,108,18,0,25,Mist,19.2,66.6,6.8,4.2,83,0,0,29.91,1013,19.2,66.6,0,2.5,1,211,SSW,3.6,2.2,Low,2/17/2026
success,"Kidwaipuri, Patna, Bihar, India",Patna,Bihar,India,Patna,Asia/Kolkata,25.594,85.1376,8674,25.594,85.1376,25.6441,85.9065,2026-02-17T22:51:02.000Z,TRUE,314,209,444,20,20,176,143,2,0,0,Mist,20,68,17.4,10.8,73,0,0,29.94,1014,20,68,0,3,1,312,NW,8.3,5.1,Low,2/17/2026
success,"Landour, Dehradun, Uttarakhand, India",Dehradun,Uttarakhand,India,Dehradun,Asia/Kolkata,30.345,78.029,12541,30.345,78.029,30.0417,79.0897,2026-02-17T23:01:00.000Z,TRUE,77,123,195,4,39,57,45,2,0,20,Clear,12.9,55.2,20.3,12.6,37,0,0,30.03,1017,13.6,56.4,0,10,6,43,NE,10.1,6.3,Low,2/17/2026
success,"Bani, Shimla, Himachal Pradesh, India",Shimla,Himachal Pradesh,India,Shimla,Asia/Kolkata,31.1033,77.1722,VIR21213,31.1033,77.1722,31.9292,77.1828,2026-02-17T22:51:02.000Z,TRUE,37,75,261,6,22,28,22,2,0,100,Overcast,11.2,52.1,15.9,9.9,40,0,0,30.06,1018,11.9,53.5,0,10,6,78,ENE,8.6,5.4,Low,2/17/2026
success,"Nhpc Quarters, Gangtok, Sikkim, India",Gangtok,Sikkim,India,Gangtok,Asia/Kolkata,27.33,88.62,VIR7722,27.33,88.62,27.601,88.4541,2026-02-17T22:51:02.000Z,TRUE,64,109,660,2,10,49,38,3,0,3,Clear,2,35.6,18.9,11.7,43,0,0,30.1,1019,4.3,39.7,0,10,6,33,NNE,9,5.6,Low,2/17/2026
success,"Maninagar, Ahmedabad, Gujarat, India",Ahmedabad,Gujarat,India,Ahmedabad,Asia/Kolkata,23.0225,72.5714,8192,23.0225,72.5714,22.385,71.7453,2026-02-18T23:01:00.000Z,TRUE,136,159,499,40,39,86,70,15,0,0,Overcast,23.3,74,25.7,16,41,0,0,29.88,1012,24.3,75.7,0,4,2,329,NNW,12.2,7.6,Low,2/18/2026
success,"Peenya, Bangalore, Karnataka, India",Bangalore,Karnataka,India,Bangalore,Asia/Kolkata,12.9789,77.5917,3758,12.9789,77.5917,14.5204,75.7224,2026-02-18T22:51:01.000Z,TRUE,90,138,325,20,39,65,52,4,0,0,Clear,24.3,75.7,30.1,18.7,65,0,0,30.03,1017,22,71.6,0,6,3,118,ESE,18.7,11.6,Low,2/18/2026
success,"Kazhikundram, Chennai, Tamil Nadu, India",Chennai,Tamil Nadu,India,Chennai,Asia/Kolkata,13.0825,80.275,11279,13.0825,80.275,10.9094,78.3665,2026-02-18T23:01:00.000Z,TRUE,107,148,299,4,19,72,60,2,0,25,Clear,28.2,82.7,23.8,14.8,79,0,0,29.91,1013,26.3,79.3,0,6,3,67,ENE,15.1,9.4,Low,2/18/2026
success,"Ramachandrapuram, Hyderabad, Telangana, India",Hyderabad,Telangana,India,Hyderabad,Asia/Kolkata,17.4399,78.4983,14140,17.4399,78.4983,17.8496,79.1152,2026-02-18T23:01:00.000Z,TRUE,187,171,304,8,18,101,86,3,0,0,Mist,24.4,76,17.3,10.8,65,0,0,30.03,1017,23.3,73.9,0,4,2,117,ESE,8.6,5.4,Low,2/18/2026
success,"Dhakuria, Kolkata, West Bengal, India",Kolkata,West Bengal,India,Kolkata,Asia/Kolkata,22.5325,88.3521,12458,22.5325,88.3521,22.9965,87.6856,2026-02-18T22:51:01.000Z,TRUE,291,208,849,44,17,161,136,3,0,0,Mist,24.6,76.2,12.9,8,39,0,0,29.91,1013,24.3,75.7,0,3.2,1,212,SSW,6.1,3.8,Low,2/18/2026
success,"Mahalakshmi, Mumbai, Maharashtra, India",Mumbai,Maharashtra,India,Mumbai,Asia/Kolkata,19.0761,72.8775,11921,19.0761,72.8775,18.9068,75.6742,2026-02-18T22:51:01.000Z,TRUE,71,112,247,19,28,52,42,9,0,25,Mist,26.5,79.7,18.6,11.6,69,0,0,29.91,1013,25.1,77.2,0,3,1,329,NNW,12.6,7.8,Low,2/18/2026
success,"Vivek Vihar, New Delhi, Delhi, India",New Delhi,Delhi,India,New Delhi,Asia/Kolkata,28.6325,77.2205,10118,28.6325,77.2205,28.6274,77.1717,2026-02-18T23:01:00.000Z,TRUE,252,186,199,49,28,136,110,5,0,75,Mist,17.4,63.3,15.4,9.6,77,0,0,30.03,1017,17.4,63.3,0,4,2,301,WNW,8.6,5.4,Low,2/18/2026
success,"Shivajinagar, Pune, Maharashtra, India",Pune,Maharashtra,India,Pune,Asia/Kolkata,18.5203,73.8567,3760,18.5203,73.8567,18.9068,75.6742,2026-02-18T23:01:00.000Z,TRUE,157,164,221,35,49,91,77,2,0,11,Clear,24.6,76.2,13.3,8.3,60,0,0,29.93,1014,22,71.6,0,10,6,281,WNW,8.3,5.1,Low,2/18/2026
success,"Talkatora, Lucknow, Uttar Pradesh, India",Lucknow,Uttar Pradesh,India,Lucknow,Asia/Kolkata,26.85,80.95,8188,26.85,80.95,27.1303,80.8597,2026-02-18T23:01:00.000Z,TRUE,312,217,247,18,28,175,146,5,0,0,Mist,21.1,70,18.1,11.3,73,0,0,30,1016,21.1,70,0,3,1,328,NNW,8.6,5.4,Low,2/18/2026
success,"Haibowal Khurd, Ludhiana, Punjab, India",Ludhiana,Punjab,India,Ludhiana,Asia/Kolkata,30.91,75.85,11272,30.91,75.85,30.9293,75.5005,2026-02-18T23:01:00.000Z,TRUE,94,144,230,23,27,73,55,18,0,6,Clear,15.2,59.5,16.6,10.3,65,0,0,30.02,1016,15.2,59.4,0,10,6,227,SW,7.9,4.9,Low,2/18/2026
success,"Sector D Industrial Area, Bhopal, Madhya Pradesh, India",Bhopal,Madhya Pradesh,India,Bhopal,Asia/Kolkata,23.2599,77.4126,11275,23.2599,77.4126,23.8143,77.5341,2026-02-18T23:01:00.000Z,TRUE,52,92,285,27,58,40,31,14,0,50,Mist,19,66.2,38.6,24,49,0,0,30,1016,19,66.2,0,5,3,31,NNE,24.8,15.4,Low,2/18/2026
success,"Khoh, Gurgaon, Haryana, India",Gurgaon,Haryana,India,Gurgaon,Asia/Kolkata,28.456,77.029,12445,28.456,77.029,29,76,2026-02-18T23:01:00.000Z,TRUE,145,162,334,14,27,91,73,2,0,75,Mist,17.4,63.3,9.7,6,77,0,0,30.03,1017,17.4,63.3,0,4,2,242,WSW,5,3.1,Low,2/18/2026
success,"Edayar, Kochi, Kerala, India",Kochi,Kerala,India,Kochi,Asia/Kolkata,9.9312,76.2673,11919,9.9312,76.2673,10.3529,76.512,2026-02-18T23:01:00.000Z,TRUE,140,160,385,3,7,84,72,2,0,50,Mist,32.8,91,8.8,5.5,74,0,0.01,29.88,1012,28.1,82.6,0,4,2,348,NNW,5.4,3.4,Low,2/18/2026
success,"Arunika Vihar, Bhubaneswar, Odisha, India",Bhubaneswar,Odisha,India,Bhubaneswar,Asia/Kolkata,20.2644,85.8281,VIR2431,20.2644,85.8281,20.5431,84.6897,2026-02-18T23:01:00.000Z,TRUE,221,177,59,6,156,112,97,2,0,0,Mist,24.6,76.3,15.9,9.9,69,0,0,29.94,1014,22.2,72,0,3,1,230,SW,7.6,4.7,Low,2/18/2026
success,"Gandhi Nagar Colony, Ranchi, Jharkhand, India",Ranchi,Jharkhand,India,Ranchi,Asia/Kolkata,23.36,85.33,VIR18962,23.36,85.33,23.456,85.2557,2026-02-18T23:01:00.000Z,TRUE,190,168,378,49,27,100,87,2,0,0,Mist,17.2,63,10.8,6.7,55,0,0,30.06,1018,17.2,63,0,3,1,115,ESE,3.6,2.2,Low,2/18/2026
success,"Vidya Nagar, Madgaon, Goa, India",Madgaon,Goa,India,Madgaon,Asia/Kolkata,15.33,73.98,ACA704868534,15.33,73.98,15.3005,74.0855,2026-02-18T23:01:00.000Z,TRUE,160,167,,,,87,78,,0,8,Clear,24.7,76.5,13.9,8.6,85,0,0,29.9,1012,22.4,72.3,0,10,6,351,N,7.2,4.5,Low,2/18/2026
success,"Jhotwara, Jaipur, Rajasthan, India",Jaipur,Rajasthan,India,Jaipur,Asia/Kolkata,26.8845,75.7933,11304,26.8845,75.7933,26.8106,73.7685,2026-02-18T23:01:00.000Z,TRUE,89,137,381,36,34,67,52,4,0,75,Mist,16.1,61,25.6,15.9,82,0,0,30.03,1017,16.1,61,0,3.5,2,122,ESE,13.7,8.5,Low,2/18/2026
success,"Ie, Raipur, Chhattisgarh, India",Raipur,Chhattisgarh,India,Raipur,Asia/Kolkata,21.2444,81.6306,VIR18914,21.2444,81.6306,21.6637,81.8406,2026-02-18T23:01:00.000Z,TRUE,249,188,363,37,29,130,109,2,0,4,Clear,22.9,73.2,21.9,13.6,19,0,0,29.9,1013,23.5,74.4,0,10,6,111,ESE,10.4,6.5,Low,2/18/2026
success,"Pan Bazaar, Guwahati, Assam, India",Guwahati,Assam,India,Guwahati,Asia/Kolkata,26.1722,91.7458,13729,26.1722,91.7458,26.4074,93.2551,2026-02-18T23:01:00.000Z,TRUE,256,182,408,6,5,131,107,28,0,25,Mist,21.3,70.3,12.9,8,73,0,0,29.94,1014,21.3,70.3,0,2.5,1,209,SSW,6.1,3.8,Low,2/18/2026
success,"Kidwaipuri, Patna, Bihar, India",Patna,Bihar,India,Patna,Asia/Kolkata,25.594,85.1376,8674,25.594,85.1376,25.6441,85.9065,2026-02-18T23:01:00.000Z,TRUE,306,204,524,20,26,168,136,3,0,0,Mist,19.2,66.6,17.4,10.8,78,0,0,29.97,1015,19.2,66.6,0,3.5,2,10,N,8.3,5.1,Low,2/18/2026
success,"Landour, Dehradun, Uttarakhand, India",Dehradun,Uttarakhand,India,Dehradun,Asia/Kolkata,30.345,78.029,12541,30.345,78.029,30.0417,79.0897,2026-02-18T23:01:00.000Z,TRUE,130,152,267,7,45,83,67,2,0,80,Cloudy,15.1,59.2,11.4,7.1,44,0,0,30.04,1017,15.1,59.2,0,10,6,37,NE,7.2,4.5,Low,2/18/2026
success,"Bani, Shimla, Himachal Pradesh, India",Shimla,Himachal Pradesh,India,Shimla,Asia/Kolkata,31.1033,77.1722,VIR21213,31.1033,77.1722,31.9292,77.1828,2026-02-18T23:01:00.000Z,TRUE,34,71,369,6,26,26,20,2,0,18,Clear,11.1,52,10.8,6.7,55,0,0,30.09,1019,11.5,52.7,0,10,6,67,ENE,6.5,4,Low,2/18/2026
success,"Nhpc Quarters, Gangtok, Sikkim, India",Gangtok,Sikkim,India,Gangtok,Asia/Kolkata,27.33,88.62,VIR7722,27.33,88.62,27.601,88.4541,2026-02-18T23:01:00.000Z,TRUE,46,83,652,2,10,40,28,2,0,3,Clear,2.3,36.2,18.9,11.7,43,0,0,30.14,1021,4.5,40.1,0,10,6,33,NNE,9,5.6,Low,2/18/2026
success,"Bopal, Ahmedabad, Gujarat, India",Ahmedabad,Gujarat,India,Ahmedabad,Asia/Kolkata,23.0225,72.5714,13747,23.0225,72.5714,22.385,71.7453,2026-02-19T22:41:01.000Z,TRUE,155,163,481,34,32,93,76,8,0,50,Overcast,25.7,78.2,34,21.1,45,0,0,29.94,1014,26.3,79.3,0,3,1,337,NNW,16.2,10.1,Low,2/19/2026
success,"Tavarekere, Bangalore, Karnataka, India",Bangalore,Karnataka,India,Bangalore,Asia/Kolkata,12.9789,77.5917,VIR1721,12.9789,77.5917,14.5204,75.7224,2026-02-19T22:51:01.000Z,TRUE,84,133,413,21,26,62,49,2,0,0,Clear,25,76.9,36,22.4,69,0,0,30.09,1019,23.1,73.6,0,6,3,109,ESE,24.1,15,Low,2/19/2026
success,"Sivakami Nagar, Chennai, Tamil Nadu, India",Chennai,Tamil Nadu,India,Chennai,Asia/Kolkata,13.0825,80.275,14144,13.0825,80.275,10.9094,78.3665,2026-02-19T22:41:01.000Z,TRUE,113,153,407,4,15,77,63,2,0,25,Clear,28.3,83,23.4,14.5,84,0,0,29.94,1014,26.1,79,0,6,3,70,ENE,14.8,9.2,Low,2/19/2026
success,"Kompally, Hyderabad, Telangana, India",Hyderabad,Telangana,India,Hyderabad,Asia/Kolkata,17.4399,78.4983,14149,17.4399,78.4983,17.8496,79.1152,2026-02-19T22:41:01.000Z,TRUE,161,177,308,8,21,99,82,2,0,0,Mist,24.6,76.2,24.8,15.4,54,0,0,30.06,1018,24,75.2,0,5,3,122,ESE,13.3,8.3,Low,2/19/2026
success,"Kamardanga, Kolkata, West Bengal, India",Kolkata,West Bengal,India,Kolkata,Asia/Kolkata,22.62,88.42,VIR5520,22.62,88.42,22.9965,87.6856,2026-02-19T22:51:01.000Z,TRUE,325,235,708,47,13,194,163,4,0,50,Mist,24.1,75.4,17.4,10.8,54,0,0,29.97,1015,24.1,75.4,0,3.2,1,187,S,8.3,5.1,Low,2/19/2026
success,"Mahim, Mumbai, Maharashtra, India",Mumbai,Maharashtra,India,Mumbai,Asia/Kolkata,19.0761,72.8775,13715,19.0761,72.8775,18.9068,75.6742,2026-02-19T22:41:01.000Z,TRUE,288,198,336,30,50,142,124,12,0,25,Mist,29,84.1,11,6.8,66,0,0,29.91,1013,27.3,81.1,0,3,1,331,NNW,7.2,4.5,Low,2/19/2026
success,"Dwarka, New Delhi, Delhi, India",New Delhi,Delhi,India,New Delhi,Asia/Kolkata,28.6325,77.2205,8181,28.6325,77.2205,28.6274,77.1717,2026-02-19T22:51:00.000Z,TRUE,282,194,375,41,54,148,121,8,0,0,Mist,19.1,66.4,15.1,9.4,78,0,0,30.09,1019,19.1,66.4,0,4,2,311,NW,7.2,4.5,Low,2/19/2026
success,"Manjri, Pune, Maharashtra, India",Pune,Maharashtra,India,Pune,Asia/Kolkata,18.5203,73.8567,3767,18.5203,73.8567,18.9068,75.6742,2026-02-19T22:41:00.000Z,TRUE,216,180,201,32,40,113,97,2,0,20,Clear,24.9,76.9,13.8,8.6,54,0,0,29.94,1014,23.3,73.9,0,10,6,274,W,7.9,4.9,Low,2/19/2026
success,"Haibat Mau Mawaiya, Lucknow, Uttar Pradesh, India",Lucknow,Uttar Pradesh,India,Lucknow,Asia/Kolkata,26.85,80.95,VIR13353,26.85,80.95,27.1303,80.8597,2026-02-19T22:51:01.000Z,TRUE,165,164,300,18,26,94,79,8,0,50,Mist,20.2,68.4,22.7,14.1,73,0,0,30.03,1017,20.2,68.4,0,3.5,2,295,WNW,10.8,6.7,Low,2/19/2026
success,"Phase 2, Ludhiana, Punjab, India",Ludhiana,Punjab,India,Ludhiana,Asia/Kolkata,30.91,75.85,VIR13356,30.91,75.85,30.9293,75.5005,2026-02-19T22:51:01.000Z,TRUE,306,201,506,20,28,160,137,6,0,5,Clear,16.7,62.1,14.4,8.9,52,0,0,30.07,1018,16.7,62.1,0,10,6,69,ENE,6.8,4.3,Low,2/19/2026
success,"Bagsewaniya, Bhopal, Madhya Pradesh, India",Bhopal,Madhya Pradesh,India,Bhopal,Asia/Kolkata,23.2599,77.4126,VIR2430,23.2599,77.4126,23.8143,77.5341,2026-02-19T22:51:01.000Z,TRUE,122,156,355,24,48,82,66,11,0,50,Mist,18.1,64.6,31.5,19.6,73,0,0,30.06,1018,18.1,64.6,0,4,2,54,NE,16.2,10.1,Low,2/19/2026
success,"Baliawas, Gurgaon, Haryana, India",Gurgaon,Haryana,India,Gurgaon,Asia/Kolkata,28.456,77.029,11300,28.456,77.029,29,76,2026-02-19T22:51:00.000Z,TRUE,227,180,368,14,32,122,100,2,0,0,Mist,19.1,66.4,12.9,8,78,0,0,30.09,1019,19.1,66.4,0,4,2,278,W,6.1,3.8,Low,2/19/2026
success,"Athirappilly, Kochi, Kerala, India",Kochi,Kerala,India,Kochi,Asia/Kolkata,9.9312,76.2673,VIR11633,9.9312,76.2673,10.3529,76.512,2026-02-19T22:51:01.000Z,TRUE,183,168,385,3,6,98,85,2,0,25,Mist,29.2,84.5,6.7,4.2,84,0,0.1,29.88,1012,26.4,79.5,0,3.5,2,13,NNE,4,2.5,Low,2/19/2026
success,"Arunika Vihar, Bhubaneswar, Odisha, India",Bhubaneswar,Odisha,India,Bhubaneswar,Asia/Kolkata,20.2644,85.8281,VIR2431,20.2644,85.8281,20.5431,84.6897,2026-02-19T22:51:01.000Z,TRUE,194,175,63,8,130,109,91,2,0,50,Mist,24.6,76.3,15.1,9.4,57,0,0,30,1016,22.2,72,0,3,1,183,S,7.2,4.5,Low,2/19/2026
success,"Gandhi Nagar Colony, Ranchi, Jharkhand, India",Ranchi,Jharkhand,India,Ranchi,Asia/Kolkata,23.36,85.33,VIR18962,23.36,85.33,23.456,85.2557,2026-02-19T22:51:01.000Z,TRUE,190,168,40,52,26,101,87,2,0,50,Mist,19.3,66.7,17.4,10.8,49,0,0,30.12,1020,19.3,66.7,0,3.5,2,340,NNW,8.3,5.1,Low,2/19/2026
success,"Vidya Nagar, Madgaon, Goa, India",Madgaon,Goa,India,Madgaon,Asia/Kolkata,15.33,73.98,ACA704868534,15.33,73.98,15.3005,74.0855,2026-02-19T22:51:33.000Z,TRUE,80,130,,,,58,48,,0,12,Clear,25,77.1,15.2,9.4,84,0,0,29.9,1012,22.9,73.2,0,10,6,350,N,7.9,4.9,Low,2/19/2026
success,"Ward 27, Jaipur, Rajasthan, India",Jaipur,Rajasthan,India,Jaipur,Asia/Kolkata,26.8845,75.7933,VIR10340,26.8845,75.7933,26.8106,73.7685,2026-02-19T22:51:01.000Z,TRUE,158,162,250,47,42,98,77,4,0,0,Mist,20.3,68.5,15.9,9.9,68,0,0,30.09,1019,20.3,68.5,0,2,1,76,ENE,7.6,4.7,Low,2/19/2026
success,"Ie, Raipur, Chhattisgarh, India",Raipur,Chhattisgarh,India,Raipur,Asia/Kolkata,21.2444,81.6306,VIR18914,21.2444,81.6306,21.6637,81.8406,2026-02-19T22:51:01.000Z,TRUE,186,171,48,44,26,101,86,2,0,0,Clear,23.1,73.5,22.7,14.1,20,0,0,29.95,1014,23.8,74.9,0,10,6,107,ESE,10.8,6.7,Low,2/19/2026
success,"Bongshar, Guwahati, Assam, India",Guwahati,Assam,India,Guwahati,Asia/Kolkata,26.1722,91.7458,VIR8658,26.1722,91.7458,26.4074,93.2551,2026-02-19T22:41:01.000Z,TRUE,286,192,62,6,24,142,122,40,0,25,Mist,20.3,68.5,12.1,7.5,78,0,0,29.94,1014,20.3,68.5,0,3,1,203,SSW,5.8,3.6,Low,2/19/2026
success,"Gulzarbagh, Patna, Bihar, India",Patna,Bihar,India,Patna,Asia/Kolkata,25.594,85.1376,VIR17517,25.594,85.1376,25.6441,85.9065,2026-02-19T22:51:01.000Z,TRUE,322,215,477,26,18,183,149,2,0,25,Mist,18.3,64.9,18.9,11.7,83,0,0,30,1016,18.3,64.9,0,3,1,338,NNW,9,5.6,Low,2/19/2026
success,"Landour, Dehradun, Uttarakhand, India",Dehradun,Uttarakhand,India,Dehradun,Asia/Kolkata,30.345,78.029,12541,30.345,78.029,30.0417,79.0897,2026-02-19T22:41:00.000Z,TRUE,115,143,228,4,37,75,60,2,0,7,Clear,13.3,55.9,20.1,12.5,54,0,0,30.14,1021,14,57.1,0,10,6,39,NE,10.4,6.5,Low,2/19/2026
success,"Bani, Shimla, Himachal Pradesh, India",Shimla,Himachal Pradesh,India,Shimla,Asia/Kolkata,31.1033,77.1722,VIR21213,31.1033,77.1722,31.9292,77.1828,2026-02-19T22:51:01.000Z,TRUE,59,102,406,8,26,47,35,2,0,7,Clear,11.8,53.3,11.2,7,64,0,0,30.17,1022,12.2,54,0,10,6,64,ENE,6.8,4.3,Low,2/19/2026
success,"Nhpc Quarters, Gangtok, Sikkim, India",Gangtok,Sikkim,India,Gangtok,Asia/Kolkata,27.33,88.62,VIR7722,27.33,88.62,27.601,88.4541,2026-02-19T22:51:01.000Z,TRUE,47,85,184,2,10,38,28,2,0,7,Clear,2.5,36.5,18.9,11.7,46,0,0,30.18,1022,4.7,40.4,0,10,6,33,NNE,9,5.6,Low,2/19/2026
success,"Maninagar, Ahmedabad, Gujarat, India",Ahmedabad,Gujarat,India,Ahmedabad,Asia/Kolkata,23.0225,72.5714,8192,23.0225,72.5714,22.385,71.7453,2026-02-20T12:11:01.000Z,TRUE,133,159,339,26,25,83,70,5,0,0,Overcast,25.9,78.6,21.5,13.4,51,0,0,30,1016,27.4,81.3,5.3,2.5,1,80,E,18.7,11.6,High,2/20/2026
success,"Tavarekere, Bangalore, Karnataka, India",Bangalore,Karnataka,India,Bangalore,Asia/Kolkata,12.9789,77.5917,VIR1721,12.9789,77.5917,14.5204,75.7224,2026-02-20T12:01:00.000Z,TRUE,51,88,309,18,28,35,30,3,0,0,Sunny,28,82.4,25.7,15.9,48,0,0,30.12,1020,28.2,82.8,11.9,8,4,111,ESE,22.3,13.9,Extreme,2/20/2026
success,"Kazhikundram, Chennai, Tamil Nadu, India",Chennai,Tamil Nadu,India,Chennai,Asia/Kolkata,13.0825,80.275,11279,13.0825,80.275,10.9094,78.3665,2026-02-20T12:11:01.000Z,TRUE,73,117,341,5,19,52,43,3,0,25,Sunny,38.9,102,24.8,15.4,43,0,0,29.94,1014,32.4,90.3,11.8,6,3,52,NE,21.6,13.4,Extreme,2/20/2026
success,"Ramachandrapuram, Hyderabad, Telangana, India",Hyderabad,Telangana,India,Hyderabad,Asia/Kolkata,17.4399,78.4983,14140,17.4399,78.4983,17.8496,79.1152,2026-02-20T12:11:02.000Z,TRUE,82,131,341,7,22,61,48,2,0,0,Sunny,26,78.7,22.4,13.9,42,0,0,30.09,1019,27.1,80.8,9.7,6,3,122,ESE,19.4,12.1,Very High,2/20/2026
success,"Dhakuria, Kolkata, West Bengal, India",Kolkata,West Bengal,India,Kolkata,Asia/Kolkata,22.5325,88.3521,12458,22.5325,88.3521,22.9965,87.6856,2026-02-20T12:11:01.000Z,TRUE,235,179,357,33,19,118,100,6,0,25,Mist,27,80.7,8.7,5.4,37,0,0,30,1016,29.2,84.6,6.2,2.6,1,342,NNW,7.6,4.7,High,2/20/2026
success,"Mahalakshmi, Mumbai, Maharashtra, India",Mumbai,Maharashtra,India,Mumbai,Asia/Kolkata,19.0761,72.8775,11921,19.0761,72.8775,18.9068,75.6742,2026-02-20T12:11:01.000Z,TRUE,313,217,205,37,33,169,146,17,0,25,Overcast,35.9,96.5,15.9,9.9,46,0,0,29.94,1014,32.3,90.1,7.9,1.8,1,265,W,10.4,6.5,Very High,2/20/2026
success,"Dwarka, New Delhi, Delhi, India",New Delhi,Delhi,India,New Delhi,Asia/Kolkata,28.6325,77.2205,8181,28.6325,77.2205,28.6274,77.1717,2026-02-20T12:01:00.000Z,TRUE,234,179,206,42,31,122,101,11,0,0,Mist,23.4,74.1,6.2,3.9,57,0,0,30.18,1022,22.2,72,5.4,2,1,323,NW,5.4,3.4,High,2/20/2026
success,"Manjri, Pune, Maharashtra, India",Pune,Maharashtra,India,Pune,Asia/Kolkata,18.5203,73.8567,3767,18.5203,73.8567,18.9068,75.6742,2026-02-20T12:11:01.000Z,TRUE,107,151,201,37,31,73,61,2,0,5,Sunny,29.5,85,25.3,15.7,28,0,0,29.96,1015,30.8,87.4,7.8,10,6,138,SE,22,13.6,Very High,2/20/2026
success,"Talkatora, Lucknow, Uttar Pradesh, India",Lucknow,Uttar Pradesh,India,Lucknow,Asia/Kolkata,26.85,80.95,8188,26.85,80.95,27.1303,80.8597,2026-02-20T12:11:01.000Z,TRUE,94,144,442,15,18,68,55,6,0,25,Mist,25.5,77.9,13.7,8.5,37,0,0,30.09,1019,27.3,81.1,6.2,4,2,331,NNW,11.9,7.4,High,2/20/2026
success,"Haibowal Khurd, Ludhiana, Punjab, India",Ludhiana,Punjab,India,Ludhiana,Asia/Kolkata,30.91,75.85,11272,30.91,75.85,30.9293,75.5005,2026-02-20T12:11:01.000Z,TRUE,153,161,356,24,25,91,75,4,0,0,Sunny,25.7,78.3,12,7.5,29,0,0,30.11,1020,26.5,79.8,5.2,10,6,330,NNW,10.4,6.5,High,2/20/2026
success,"Sector D Industrial Area, Bhopal, Madhya Pradesh, India",Bhopal,Madhya Pradesh,India,Bhopal,Asia/Kolkata,23.2599,77.4126,11275,23.2599,77.4126,23.8143,77.5341,2026-02-20T12:11:01.000Z,TRUE,125,158,422,22,31,84,67,12,0,75,Mist,17,62.6,22.8,14.1,94,0,0.01,30.15,1021,17,62.6,3.6,3.5,2,76,ENE,18,11.2,Moderate,2/20/2026
success,"Baliawas, Gurgaon, Haryana, India",Gurgaon,Haryana,India,Gurgaon,Asia/Kolkata,28.456,77.029,11300,28.456,77.029,29,76,2026-02-20T12:01:00.000Z,TRUE,176,169,307,13,30,99,83,2,0,0,Mist,23.3,74,6.2,3.9,57,0,0,30.18,1022,22.2,72,5.4,2,1,327,NNW,5.4,3.4,High,2/20/2026
success,"Edayar, Kochi, Kerala, India",Kochi,Kerala,India,Kochi,Asia/Kolkata,9.9312,76.2673,11919,9.9312,76.2673,10.3529,76.512,2026-02-20T12:11:01.000Z,TRUE,110,153,645,3,14,72,62,2,0,25,Mist,39.3,102.8,17.4,10.8,47,0,0,29.85,1011,33.2,91.8,12.2,4,2,246,WSW,15.1,9.4,Extreme,2/20/2026
success,"Arunika Vihar, Bhubaneswar, Odisha, India",Bhubaneswar,Odisha,India,Bhubaneswar,Asia/Kolkata,20.2644,85.8281,VIR2431,20.2644,85.8281,20.5431,84.6897,2026-02-20T12:11:02.000Z,TRUE,145,159,60,6,60,83,72,2,0,0,Mist,27.9,82.2,12,7.5,31,0,0,30,1016,30.1,86.2,7.5,4,2,44,NE,10.4,6.5,Very High,2/20/2026
success,"Gandhi Nagar Colony, Ranchi, Jharkhand, India",Ranchi,Jharkhand,India,Ranchi,Asia/Kolkata,23.36,85.33,VIR18962,23.36,85.33,23.456,85.2557,2026-02-20T12:11:02.000Z,TRUE,130,158,379,6,32,81,69,2,0,75,Mist,23.2,73.7,11.6,7.2,41,0,0,30.18,1022,24,75.2,7.4,4,2,359,N,10.1,6.3,Very High,2/20/2026
success,"Vidya Nagar, Madgaon, Goa, India",Madgaon,Goa,India,Madgaon,Asia/Kolkata,15.33,73.98,ACA704868534,15.33,73.98,15.3005,74.0855,2026-02-20T12:11:37.000Z,TRUE,128,152,,,,76,66,,0,4,Sunny,33.6,92.4,14.5,9,37,0,0,29.9,1013,32.9,91.2,9.3,10,6,226,SW,12.6,7.8,Very High,2/20/2026
success,"Jhotwara, Jaipur, Rajasthan, India",Jaipur,Rajasthan,India,Jaipur,Asia/Kolkata,26.8845,75.7933,11304,26.8845,75.7933,26.8106,73.7685,2026-02-20T12:11:01.000Z,TRUE,92,145,496,37,26,68,55,6,0,0,Mist,24,75.2,10.8,6.7,57,0,0,30.18,1022,23.1,73.6,6.4,3.5,2,120,ESE,9.4,5.8,High,2/20/2026
success,"Ie, Raipur, Chhattisgarh, India",Raipur,Chhattisgarh,India,Raipur,Asia/Kolkata,21.2444,81.6306,VIR18914,21.2444,81.6306,21.6637,81.8406,2026-02-20T12:01:00.000Z,TRUE,126,155,46,52,32,77,66,36,0,3,Sunny,28.6,83.6,13.2,8.2,17,0,0,30.01,1016,30.9,87.6,6.8,10,6,55,NE,11.5,7.2,High,2/20/2026
success,"Pan Bazaar, Guwahati, Assam, India",Guwahati,Assam,India,Guwahati,Asia/Kolkata,26.1722,91.7458,13729,26.1722,91.7458,26.4074,93.2551,2026-02-20T12:11:02.000Z,TRUE,184,169,214,1,8,102,85,17,0,50,Mist,26.1,79,5.8,3.6,37,0,0,29.97,1015,28.1,82.6,5.9,2.5,1,279,W,5,3.1,High,2/20/2026
success,"Kidwaipuri, Patna, Bihar, India",Patna,Bihar,India,Patna,Asia/Kolkata,25.594,85.1376,8674,25.594,85.1376,25.6441,85.9065,2026-02-20T12:11:01.000Z,TRUE,286,190,339,24,15,144,118,3,0,0,Mist,25.9,78.7,13.2,8.2,54,0,0,30.06,1018,27.3,81.1,6.2,3,1,307,NW,11.5,7.2,High,2/20/2026
success,"Landour, Dehradun, Uttarakhand, India",Dehradun,Uttarakhand,India,Dehradun,Asia/Kolkata,30.345,78.029,12541,30.345,78.029,30.0417,79.0897,2026-02-20T12:11:01.000Z,TRUE,53,93,270,3,38,40,32,2,0,1,Sunny,19.5,67.2,10.9,6.8,27,0,0,30.13,1020,19.5,67.2,5.9,10,6,233,SW,8.6,5.4,High,2/20/2026
success,"Bani, Shimla, Himachal Pradesh, India",Shimla,Himachal Pradesh,India,Shimla,Asia/Kolkata,31.1033,77.1722,VIR21213,31.1033,77.1722,31.9292,77.1828,2026-02-20T12:11:02.000Z,TRUE,49,88,351,6,34,36,29,2,0,4,Sunny,16.5,61.8,6.8,4.3,30,0,0,30.16,1021,16.5,61.8,5.7,10,6,268,W,5,3.1,High,2/20/2026
success,"Nhpc Quarters, Gangtok, Sikkim, India",Gangtok,Sikkim,India,Gangtok,Asia/Kolkata,27.33,88.62,VIR7722,27.33,88.62,27.601,88.4541,2026-02-20T12:11:02.000Z,TRUE,55,96,368,5,47,35,33,3,0,88,Patchy rain nearby,20.7,69.3,13.7,8.5,25,0,0.01,30.09,1019,20.7,69.3,7.5,10,6,209,SSW,11.9,7.4,Very High,2/20/2026
success,"Maninagar, Ahmedabad, Gujarat, India",Ahmedabad,Gujarat,India,Ahmedabad,Asia/Kolkata,23.0225,72.5714,8192,23.0225,72.5714,22.385,71.7453,2026-02-22T09:41:01.000Z,TRUE,329,241,207,34,29,202,170,10,0,0,Sunny,24.7,76.4,7.6,4.7,51,0,0,29.83,1010,25.4,77.7,2.8,1.5,0,12,NNE,6.1,3.8,Moderate,2/22/2026
success,"Peenya, Bangalore, Karnataka, India",Bangalore,Karnataka,India,Bangalore,Asia/Kolkata,12.9789,77.5917,3758,12.9789,77.5917,14.5204,75.7224,2026-02-22T09:31:00.000Z,TRUE,57,95,294,23,27,40,33,2,0,25,Sunny,24.7,76.4,14.9,9.3,78,0,0,30,1016,23.3,73.9,5.3,6,3,59,ENE,13,8.1,High,2/22/2026
success,"Sivakami Nagar, Chennai, Tamil Nadu, India",Chennai,Tamil Nadu,India,Chennai,Asia/Kolkata,13.0825,80.275,14144,13.0825,80.275,10.9094,78.3665,2026-02-22T09:31:00.000Z,TRUE,91,139,314,4,18,66,53,2,0,50,Mist,31.5,88.7,25.7,16,84,0,0,29.8,1009,28.2,82.8,5.2,4,2,43,NE,21.2,13.2,High,2/22/2026
success,"Kompally, Hyderabad, Telangana, India",Hyderabad,Telangana,India,Hyderabad,Asia/Kolkata,17.4399,78.4983,14149,17.4399,78.4983,17.8496,79.1152,2026-02-22T09:41:01.000Z,TRUE,69,111,412,7,17,50,42,3,0,50,Mist,25.8,78.5,15.3,9.5,61,0,0,29.97,1015,25.2,77.4,4.2,5,3,125,SE,13.3,8.3,Moderate,2/22/2026
success,"Dhakuria, Kolkata, West Bengal, India",Kolkata,West Bengal,India,Kolkata,Asia/Kolkata,22.5325,88.3521,12458,22.5325,88.3521,22.9965,87.6856,2026-02-22T09:31:00.000Z,TRUE,318,222,389,38,11,180,152,6,0,50,Mist,24.6,76.2,10.8,6.7,54,0,0,29.88,1012,25.4,77.7,3.8,2.2,1,345,NNW,3.6,2.2,Moderate,2/22/2026
success,"Mahalakshmi, Mumbai, Maharashtra, India",Mumbai,Maharashtra,India,Mumbai,Asia/Kolkata,19.0761,72.8775,11921,19.0761,72.8775,18.9068,75.6742,2026-02-22T09:41:01.000Z,TRUE,293,207,303,37,21,157,133,17,0,50,Mist,31,87.8,9.1,5.6,62,0,0,29.83,1010,28.2,82.8,2.9,1.5,0,348,NNW,6.1,3.8,Moderate,2/22/2026
success,"Vivek Vihar, New Delhi, Delhi, India",New Delhi,Delhi,India,New Delhi,Asia/Kolkata,28.6325,77.2205,10118,28.6325,77.2205,28.6274,77.1717,2026-02-22T09:41:00.000Z,TRUE,316,214,296,39,20,183,146,7,0,0,Mist,19.1,66.4,9.1,5.7,78,0,0,29.88,1012,19.1,66.4,2.4,1.2,0,275,W,7.9,4.9,Moderate,2/22/2026
success,"Manjri, Pune, Maharashtra, India",Pune,Maharashtra,India,Pune,Asia/Kolkata,18.5203,73.8567,3767,18.5203,73.8567,18.9068,75.6742,2026-02-22T09:41:00.000Z,TRUE,179,172,214,37,30,102,86,2,0,11,Sunny,26.7,80.1,5.8,3.6,34,0,0,29.87,1011,27.3,81.1,3.4,10,6,356,N,5,3.1,Moderate,2/22/2026
success,"Haibat Mau Mawaiya, Lucknow, Uttar Pradesh, India",Lucknow,Uttar Pradesh,India,Lucknow,Asia/Kolkata,26.85,80.95,VIR13353,26.85,80.95,27.1303,80.8597,2026-02-22T09:41:01.000Z,TRUE,292,200,151,20,18,155,127,5,0,0,Mist,23.6,74.6,10.1,6.3,65,0,0,29.88,1012,22.4,72.3,3.3,2.5,1,284,WNW,8.6,5.4,Moderate,2/22/2026
success,"Phase 2, Ludhiana, Punjab, India",Ludhiana,Punjab,India,Ludhiana,Asia/Kolkata,30.91,75.85,VIR13356,30.91,75.85,30.9293,75.5005,2026-02-22T09:41:01.000Z,TRUE,348,248,181,25,37,223,183,3,0,0,Sunny,19.7,67.5,6,3.7,31,0,0,29.85,1011,19.7,67.5,2.1,10,6,10,N,5,3.1,Moderate,2/22/2026
success,"Bagsewaniya, Bhopal, Madhya Pradesh, India",Bhopal,Madhya Pradesh,India,Bhopal,Asia/Kolkata,23.2599,77.4126,VIR2430,23.2599,77.4126,23.8143,77.5341,2026-02-22T09:41:01.000Z,TRUE,229,178,274,43,47,121,99,14,0,0,Mist,23.7,74.6,12,7.5,69,0,0,29.94,1014,22.2,72,3.4,3,1,112,ESE,10.4,6.5,Moderate,2/22/2026
success,"Masani, Gurgaon, Haryana, India",Gurgaon,Haryana,India,Gurgaon,Asia/Kolkata,28.456,77.029,VIR8642,28.456,77.029,29,76,2026-02-22T09:41:01.000Z,TRUE,339,241,297,14,28,213,172,2,0,0,Mist,20,68,9.4,5.8,68,0,0,29.88,1012,20,68,2.5,1.2,0,261,W,7.9,4.9,Moderate,2/22/2026
success,"Athirappilly, Kochi, Kerala, India",Kochi,Kerala,India,Kochi,Asia/Kolkata,9.9312,76.2673,VIR11633,9.9312,76.2673,10.3529,76.512,2026-02-22T09:41:01.000Z,TRUE,86,139,367,6,29,61,51,2,0,50,Mist,28.3,83,6.8,4.2,89,0,0,29.83,1010,26.3,79.3,4.6,3,1,81,E,5.8,3.6,Moderate,2/22/2026
success,"Arunika Vihar, Bhubaneswar, Odisha, India",Bhubaneswar,Odisha,India,Bhubaneswar,Asia/Kolkata,20.2644,85.8281,VIR2431,20.2644,85.8281,20.5431,84.6897,2026-02-22T09:41:01.000Z,TRUE,179,168,45,54,59,97,84,2,0,0,Mist,26.9,80.5,11.2,7,51,0,0,29.85,1011,26.2,79.2,4.4,3,1,217,SW,9.7,6,Moderate,2/22/2026
success,"Gandhi Nagar Colony, Ranchi, Jharkhand, India",Ranchi,Jharkhand,India,Ranchi,Asia/Kolkata,23.36,85.33,VIR18962,23.36,85.33,23.456,85.2557,2026-02-22T09:41:01.000Z,TRUE,110,154,375,6,29,78,62,2,0,0,Mist,23.5,74.3,10.8,6.7,50,0,0,30,1016,23.2,73.8,4.1,4,2,110,ESE,3.6,2.2,Moderate,2/22/2026
success,"Vidya Nagar, Madgaon, Goa, India",Madgaon,Goa,India,Madgaon,Asia/Kolkata,15.33,73.98,ACA704868534,15.33,73.98,15.3005,74.0855,2026-02-22T09:41:36.000Z,TRUE,88,143,,,,64,52,,0,0,Sunny,31.1,88,10.8,6.7,52,0,0,29.82,1010,29.6,85.2,3.9,10,6,38,NE,3.6,2.2,Moderate,2/22/2026
success,"Jhotwara, Jaipur, Rajasthan, India",Jaipur,Rajasthan,India,Jaipur,Asia/Kolkata,26.8845,75.7933,11304,26.8845,75.7933,26.8106,73.7685,2026-02-22T09:31:00.000Z,TRUE,180,176,452,38,20,108,89,16,0,0,Mist,21.1,70,8.5,5.3,56,0,0,29.91,1013,21.1,70,2.8,2,1,178,S,6.8,4.3,Moderate,2/22/2026
success,"Ie, Raipur, Chhattisgarh, India",Raipur,Chhattisgarh,India,Raipur,Asia/Kolkata,21.2444,81.6306,VIR18914,21.2444,81.6306,21.6637,81.8406,2026-02-22T09:41:01.000Z,TRUE,242,182,76,48,27,118,104,2,0,3,Sunny,26.2,79.1,15.7,9.8,23,0,0,29.87,1012,27.9,82.1,3.6,10,6,96,E,13.7,8.5,Moderate,2/22/2026
success,"Bongshar, Guwahati, Assam, India",Guwahati,Assam,India,Guwahati,Asia/Kolkata,26.1722,91.7458,VIR8658,26.1722,91.7458,26.4074,93.2551,2026-02-22T09:41:01.000Z,TRUE,250,181,191,1,7,126,105,18,0,25,Mist,25.8,78.4,6.6,4.1,45,0,0,29.85,1011,27.2,81,4.3,2,1,344,NNW,5.8,3.6,Moderate,2/22/2026
success,"Gulzarbagh, Patna, Bihar, India",Patna,Bihar,India,Patna,Asia/Kolkata,25.594,85.1376,VIR17517,25.594,85.1376,25.6441,85.9065,2026-02-22T09:41:01.000Z,TRUE,252,181,350,21,11,134,109,2,0,0,Mist,23.8,74.8,12.9,8,69,0,0,29.88,1012,22.2,72,3.9,2.5,1,248,WSW,11.2,6.9,Moderate,2/22/2026
success,"Landour, Dehradun, Uttarakhand, India",Dehradun,Uttarakhand,India,Dehradun,Asia/Kolkata,30.345,78.029,12541,30.345,78.029,30.0417,79.0897,2026-02-22T09:31:00.000Z,TRUE,200,171,266,6,43,112,91,2,0,3,Sunny,15.8,60.5,10.8,6.7,36,0,0,29.86,1011,15.8,60.5,2.7,10,6,191,S,3.6,2.2,Moderate,2/22/2026
success,"Bani, Shimla, Himachal Pradesh, India",Shimla,Himachal Pradesh,India,Shimla,Asia/Kolkata,31.1033,77.1722,VIR21213,31.1033,77.1722,31.9292,77.1828,2026-02-22T09:41:01.000Z,TRUE,76,125,382,5,27,59,46,2,0,0,Sunny,12.9,55.1,4.5,2.8,30,0,0,29.87,1012,12.9,55.1,2.6,10,6,68,ENE,3.6,2.2,Moderate,2/22/2026
success,"Nhpc Quarters, Gangtok, Sikkim, India",Gangtok,Sikkim,India,Gangtok,Asia/Kolkata,27.33,88.62,VIR7722,27.33,88.62,27.601,88.4541,2026-02-22T09:41:01.000Z,TRUE,63,108,198,2,10,44,38,4,0,80,Patchy rain nearby,16.2,61.2,8.3,5.1,45,0,0.12,29.95,1014,16.2,61.2,4,10,6,225,SW,7.2,4.5,Moderate,2/22/2026
success,"Bopal, Ahmedabad, Gujarat, India",Ahmedabad,Gujarat,India,Ahmedabad,Asia/Kolkata,23.0225,72.5714,13747,23.0225,72.5714,22.385,71.7453,2026-02-22T22:21:02.000Z,TRUE,126,157,560,40,37,82,68,10,0,0,Overcast,24.6,76.2,29.5,18.3,39,0,0,29.77,1008,25.1,77.2,0,4,2,346,NNW,14,8.7,Low,2/22/2026
success,"Tavarekere, Bangalore, Karnataka, India",Bangalore,Karnataka,India,Bangalore,Asia/Kolkata,12.9789,77.5917,VIR1721,12.9789,77.5917,14.5204,75.7224,2026-02-22T22:11:02.000Z,TRUE,68,112,239,19,29,50,40,3,0,50,Partly cloudy,25.9,78.6,32.8,20.4,69,0,0,29.94,1014,25.3,77.5,0,6,3,90,E,23,14.3,Low,2/22/2026
success,"Sivakami Nagar, Chennai, Tamil Nadu, India",Chennai,Tamil Nadu,India,Chennai,Asia/Kolkata,13.0825,80.275,14144,13.0825,80.275,10.9094,78.3665,2026-02-22T22:21:02.000Z,TRUE,31,62,499,5,17,23,17,2,0,50,Partly cloudy,31.2,88.2,26.1,16.2,84,0,0,29.83,1010,27.4,81.3,0,6,3,69,ENE,16.9,10.5,Low,2/22/2026
success,"Kompally, Hyderabad, Telangana, India",Hyderabad,Telangana,India,Hyderabad,Asia/Kolkata,17.4399,78.4983,14149,17.4399,78.4983,17.8496,79.1152,2026-02-22T22:21:02.000Z,TRUE,94,143,184,6,23,67,55,3,0,25,Mist,27.9,82.1,13.6,8.5,48,0,0,29.88,1012,28.3,82.9,0,5,3,147,SSE,6.8,4.3,Low,2/22/2026
success,"Kamardanga, Kolkata, West Bengal, India",Kolkata,West Bengal,India,Kolkata,Asia/Kolkata,22.62,88.42,VIR5520,22.62,88.42,22.9965,87.6856,2026-02-22T22:11:02.000Z,TRUE,300,203,292,36,28,160,132,12,0,0,Mist,26.2,79.2,31.3,19.5,61,0,0,29.8,1009,25.4,77.7,0,2.8,1,204,SSW,16.2,10.1,Low,2/22/2026
success,"Mahim, Mumbai, Maharashtra, India",Mumbai,Maharashtra,India,Mumbai,Asia/Kolkata,19.0761,72.8775,13715,19.0761,72.8775,18.9068,75.6742,2026-02-22T22:21:02.000Z,TRUE,137,159,226,34,44,85,70,22,0,0,Overcast,32.3,90.1,20.6,12.8,35,0,0,29.77,1008,29.4,84.9,0,2.5,1,325,NW,13,8.1,Low,2/22/2026
success,"Prashant Vihar, New Delhi, Delhi, India",New Delhi,Delhi,India,New Delhi,Asia/Kolkata,28.6325,77.2205,PLLODA000020,28.6325,77.2205,28.6274,77.1717,2026-02-22T22:21:02.000Z,TRUE,295,204,277,45,63,162,133,10,0,0,Mist,20,68,14.4,8.9,60,0,0,29.83,1010,20,68,0,5,3,321,NW,6.8,4.3,Low,2/22/2026
success,"Manjri, Pune, Maharashtra, India",Pune,Maharashtra,India,Pune,Asia/Kolkata,18.5203,73.8567,3767,18.5203,73.8567,18.9068,75.6742,2026-02-22T22:21:01.000Z,TRUE,99,143,166,40,36,69,56,2,0,7,Clear,25.4,77.6,19.7,12.2,42,0,0,29.8,1009,24.8,76.6,0,10,6,267,W,11.2,6.9,Low,2/22/2026
success,"Haibat Mau Mawaiya, Lucknow, Uttar Pradesh, India",Lucknow,Uttar Pradesh,India,Lucknow,Asia/Kolkata,26.85,80.95,VIR13353,26.85,80.95,27.1303,80.8597,2026-02-22T22:21:02.000Z,TRUE,250,189,460,14,24,131,111,5,0,0,Mist,18,64.4,20.4,12.7,77,0,0,29.83,1010,18,64.4,0,3.5,2,311,NW,9.7,6,Low,2/22/2026
success,"Phase 2, Ludhiana, Punjab, India",Ludhiana,Punjab,India,Ludhiana,Asia/Kolkata,30.91,75.85,VIR13356,30.91,75.85,30.9293,75.5005,2026-02-22T22:21:02.000Z,TRUE,273,191,164,26,45,145,119,2,0,2,Clear,17.6,63.7,22.7,14.1,34,0,0,29.77,1008,17.6,63.7,0,10,6,29,NNE,10.8,6.7,Low,2/22/2026
success,"Bagsewaniya, Bhopal, Madhya Pradesh, India",Bhopal,Madhya Pradesh,India,Bhopal,Asia/Kolkata,23.2599,77.4126,VIR2430,23.2599,77.4126,23.8143,77.5341,2026-02-22T22:21:02.000Z,TRUE,104,148,326,38,56,76,58,11,0,0,Mist,21.3,70.3,17.4,10.8,49,0,0,29.88,1012,21.3,70.3,0,5,3,288,WNW,8.6,5.4,Low,2/22/2026
success,"Baliawas, Gurgaon, Haryana, India",Gurgaon,Haryana,India,Gurgaon,Asia/Kolkata,28.456,77.029,11300,28.456,77.029,29,76,2026-02-22T22:21:01.000Z,TRUE,262,195,297,14,31,143,118,2,0,0,Mist,20.2,68.4,13.6,8.5,60,0,0,29.83,1010,20.2,68.4,0,5,3,304,NW,6.5,4,Low,2/22/2026
success,"Athirappilly, Kochi, Kerala, India",Kochi,Kerala,India,Kochi,Asia/Kolkata,9.9312,76.2673,VIR11633,9.9312,76.2673,10.3529,76.512,2026-02-22T22:11:02.000Z,TRUE,126,157,281,6,28,82,67,2,0,50,Mist,30.7,87.3,10.8,6.7,89,0.03,0.77,29.8,1009,27,80.6,0,4,2,307,NW,3.6,2.2,Low,2/22/2026
success,"Arunika Vihar, Bhubaneswar, Odisha, India",Bhubaneswar,Odisha,India,Bhubaneswar,Asia/Kolkata,20.2644,85.8281,VIR2431,20.2644,85.8281,20.5431,84.6897,2026-02-22T22:21:02.000Z,TRUE,84,135,284,6,29,62,50,2,0,0,Mist,28.5,83.2,29.1,18.1,83,0,0,29.8,1009,25.4,77.7,0,3.5,2,197,SSW,17.3,10.7,Low,2/22/2026
success,"Nayatoli, Ranchi, Jharkhand, India",Ranchi,Jharkhand,India,Ranchi,Asia/Kolkata,23.36,85.33,PLLODA000430,23.36,85.33,23.456,85.2557,2026-02-22T22:21:02.000Z,TRUE,117,156,280,6,29,78,65,2,0,25,Mist,20.3,68.5,21.2,13.2,53,0,0,29.94,1014,20.3,68.5,0,4,2,332,NNW,10.1,6.3,Low,2/22/2026
success,"Vidya Nagar, Madgaon, Goa, India",Madgaon,Goa,India,Madgaon,Asia/Kolkata,15.33,73.98,ACA704868534,15.33,73.98,15.3005,74.0855,2026-02-22T22:21:24.000Z,TRUE,186,172,,,,96,86,,0,16,Clear,26.3,79.3,17.3,10.7,89,0,0,29.78,1009,24,75.2,0,10,6,329,NNW,9.4,5.8,Low,2/22/2026
success,"Ward 27, Jaipur, Rajasthan, India",Jaipur,Rajasthan,India,Jaipur,Asia/Kolkata,26.8845,75.7933,VIR10340,26.8845,75.7933,26.8106,73.7685,2026-02-22T22:21:02.000Z,TRUE,162,166,608,41,34,96,80,12,0,0,Mist,23.1,73.6,18.9,11.7,53,0,0,29.85,1011,22.1,71.8,0,3,1,48,NE,9,5.6,Low,2/22/2026
success,"Ie, Raipur, Chhattisgarh, India",Raipur,Chhattisgarh,India,Raipur,Asia/Kolkata,21.2444,81.6306,VIR18914,21.2444,81.6306,21.6637,81.8406,2026-02-22T22:21:02.000Z,TRUE,185,171,38,48,28,101,86,54,0,6,Clear,26,78.7,8.3,5.2,23,0,0,29.73,1007,27.6,81.7,0,10,6,219,SW,4,2.5,Low,2/22/2026
success,"Bongshar, Guwahati, Assam, India",Guwahati,Assam,India,Guwahati,Asia/Kolkata,26.1722,91.7458,VIR8658,26.1722,91.7458,26.4074,93.2551,2026-02-22T22:21:02.000Z,TRUE,197,171,594,5,6,106,89,33,0,25,Mist,21.1,70,11.3,7,56,0,0,29.8,1009,21.1,70,0,2.5,1,185,S,5.4,3.4,Low,2/22/2026
success,"Gulzarbagh, Patna, Bihar, India",Patna,Bihar,India,Patna,Asia/Kolkata,25.594,85.1376,VIR17517,25.594,85.1376,25.6441,85.9065,2026-02-22T22:21:02.000Z,TRUE,192,168,756,21,32,111,87,3,0,0,Mist,20.1,68.2,21.9,13.6,68,0,0,29.83,1010,20.1,68.2,0,3.5,2,336,NNW,10.4,6.5,Low,2/22/2026
success,"Landour, Dehradun, Uttarakhand, India",Dehradun,Uttarakhand,India,Dehradun,Asia/Kolkata,30.345,78.029,12541,30.345,78.029,30.0417,79.0897,2026-02-22T22:11:01.000Z,TRUE,252,184,178,3,45,133,108,2,0,4,Clear,14.2,57.6,18.1,11.3,37,0,0,29.87,1011,14.6,58.3,0,10,6,49,NE,9.4,5.8,Low,2/22/2026
success,"Bani, Shimla, Himachal Pradesh, India",Shimla,Himachal Pradesh,India,Shimla,Asia/Kolkata,31.1033,77.1722,VIR21213,31.1033,77.1722,31.9292,77.1828,2026-02-22T22:21:02.000Z,TRUE,99,137,282,6,28,70,55,2,0,1,Clear,12.3,54.2,12.2,7.6,47,0,0,29.89,1012,12.6,54.7,0,10,6,74,ENE,6.8,4.3,Low,2/22/2026
success,"Nhpc Quarters, Gangtok, Sikkim, India",Gangtok,Sikkim,India,Gangtok,Asia/Kolkata,27.33,88.62,VIR7722,27.33,88.62,27.601,88.4541,2026-02-22T22:21:02.000Z,TRUE,42,73,204,2,11,39,23,3,0,10,Clear,0.7,33.2,19.7,12.2,60,0,0,29.95,1014,3.2,37.8,0,10,6,30,NNE,9.4,5.8,Low,2/22/2026
success,"Bopal, Ahmedabad, Gujarat, India",Ahmedabad,Gujarat,India,Ahmedabad,Asia/Kolkata,23.0225,72.5714,13747,23.0225,72.5714,22.385,71.7453,2026-02-23T22:51:01.000Z,TRUE,215,176,144,47,45,112,95,21,0,25,Overcast,24.2,75.6,29.5,18.3,53,0,0,29.8,1009,23.3,73.9,0,2.5,1,349,N,14,8.7,Low,2/23/2026
success,"ISRO Colony, Bangalore, Karnataka, India",Bangalore,Karnataka,India,Bangalore,Asia/Kolkata,12.9789,77.5917,PLLODA000328,12.9789,77.5917,14.5204,75.7224,2026-02-23T22:51:01.000Z,TRUE,66,110,122,26,43,48,39,2,0,50,Partly cloudy,25.2,77.4,23,14.3,65,0,0.04,29.94,1014,24.3,75.7,0,6,3,123,ESE,16.2,10.1,Low,2/23/2026
success,"Sivakami Nagar, Chennai, Tamil Nadu, India",Chennai,Tamil Nadu,India,Chennai,Asia/Kolkata,13.0825,80.275,14144,13.0825,80.275,10.9094,78.3665,2026-02-23T22:51:01.000Z,TRUE,35,64,117,7,29,27,20,2,0,25,Clear,29,84.1,30.8,19.1,89,0,0,29.8,1009,26.1,79,0,7,4,85,E,20.2,12.5,Low,2/23/2026
success,"Kompally, Hyderabad, Telangana, India",Hyderabad,Telangana,India,Hyderabad,Asia/Kolkata,17.4399,78.4983,14149,17.4399,78.4983,17.8496,79.1152,2026-02-23T22:51:01.000Z,TRUE,85,134,114,7,33,62,50,2,0,50,Mist,24.7,76.4,16.6,10.3,65,0,0,29.91,1013,23.4,74.1,0,5,3,29,NNE,9.4,5.8,Low,2/23/2026
success,"Kamardanga, Kolkata, West Bengal, India",Kolkata,West Bengal,India,Kolkata,Asia/Kolkata,22.62,88.42,VIR5520,22.62,88.42,22.9965,87.6856,2026-02-23T22:51:01.000Z,TRUE,310,222,65,39,37,180,151,2,0,25,Mist,26.7,80.1,24.9,15.5,74,0,0,29.83,1010,25.2,77.4,0,2.4,1,223,SW,13.7,8.5,Low,2/23/2026
success,"Worli, Mumbai, Maharashtra, India",Mumbai,Maharashtra,India,Mumbai,Asia/Kolkata,19.0761,72.8775,13706,19.0761,72.8775,18.9068,75.6742,2026-02-23T22:51:01.000Z,TRUE,208,174,129,38,59,107,92,24,0,25,Mist,29.1,84.5,22.3,13.8,74,0,0,29.8,1009,27.1,80.8,0,2.5,1,331,NNW,14.4,8.9,Low,2/23/2026
success,"Dwarka, New Delhi, Delhi, India",New Delhi,Delhi,India,New Delhi,Asia/Kolkata,28.6325,77.2205,8181,28.6325,77.2205,28.6274,77.1717,2026-02-23T22:51:01.000Z,TRUE,292,204,215,46,62,163,133,8,0,0,Mist,20.4,68.7,15.9,9.9,60,0,0,29.88,1012,20.4,68.7,0,4,2,356,N,7.6,4.7,Low,2/23/2026
success,"Manjri, Pune, Maharashtra, India",Pune,Maharashtra,India,Pune,Asia/Kolkata,18.5203,73.8567,3767,18.5203,73.8567,18.9068,75.6742,2026-02-23T22:51:01.000Z,TRUE,82,129,117,41,36,60,48,2,0,5,Clear,24.4,76,19.7,12.2,43,0,0,29.84,1010,22.9,73.2,0,10,6,277,W,10.4,6.5,Low,2/23/2026
success,"Haibat Mau Mawaiya, Lucknow, Uttar Pradesh, India",Lucknow,Uttar Pradesh,India,Lucknow,Asia/Kolkata,26.85,80.95,VIR13353,26.85,80.95,27.1303,80.8597,2026-02-23T22:51:01.000Z,TRUE,312,216,66,27,36,171,145,6,0,0,Mist,19,66.2,25.7,16,73,0,0,29.85,1011,19,66.2,0,4,2,352,N,12.2,7.6,Low,2/23/2026
success,"Phase 2, Ludhiana, Punjab, India",Ludhiana,Punjab,India,Ludhiana,Asia/Kolkata,30.91,75.85,VIR13356,30.91,75.85,30.9293,75.5005,2026-02-23T22:51:01.000Z,TRUE,319,213,86,27,53,177,149,18,0,0,Clear,16.4,61.6,15.1,9.4,36,0,0,29.84,1010,16.4,61.5,0,10,6,25,NNE,7.2,4.5,Low,2/23/2026
success,"Bagsewaniya, Bhopal, Madhya Pradesh, India",Bhopal,Madhya Pradesh,India,Bhopal,Asia/Kolkata,23.2599,77.4126,VIR2430,23.2599,77.4126,23.8143,77.5341,2026-02-23T22:51:01.000Z,TRUE,84,133,70,38,53,63,50,11,0,50,Mist,21,69.8,13.6,8.5,49,0,0,29.91,1013,21,69.8,0,5,3,20,NNE,6.5,4,Low,2/23/2026
success,"Baliawas, Gurgaon, Haryana, India",Gurgaon,Haryana,India,Gurgaon,Asia/Kolkata,28.456,77.029,11300,28.456,77.029,29,76,2026-02-23T22:51:01.000Z,TRUE,268,197,150,16,35,144,119,3,0,0,Mist,20.1,68.2,14.4,8.9,60,0,0,29.88,1012,20.1,68.2,0,4,2,336,NNW,6.8,4.3,Low,2/23/2026
success,"Athirappilly, Kochi, Kerala, India",Kochi,Kerala,India,Kochi,Asia/Kolkata,9.9312,76.2673,VIR11633,9.9312,76.2673,10.3529,76.512,2026-02-23T22:51:01.000Z,TRUE,154,154,57,7,28,91,74,2,0,25,Mist,27.6,81.6,12.1,7.5,83,0,0,29.8,1009,25.3,77.5,0,4,2,339,NNW,7.6,4.7,Low,2/23/2026
success,"Arunika Vihar, Bhubaneswar, Odisha, India",Bhubaneswar,Odisha,India,Bhubaneswar,Asia/Kolkata,20.2644,85.8281,VIR2431,20.2644,85.8281,20.5431,84.6897,2026-02-23T22:51:01.000Z,TRUE,85,137,190,7,30,62,51,2,0,0,Mist,28.1,82.6,11.7,7.3,89,0,0,29.83,1010,25,77,0,3.5,2,155,SSE,6.1,3.8,Low,2/23/2026
success,"Gandhi Nagar Colony, Ranchi, Jharkhand, India",Ranchi,Jharkhand,India,Ranchi,Asia/Kolkata,23.36,85.33,VIR18962,23.36,85.33,23.456,85.2557,2026-02-23T22:51:01.000Z,TRUE,131,157,38,50,86,86,69,28,0,75,Moderate or heavy rain with thunder,17.3,63.1,15.3,9.5,83,0,0,30,1016,17.3,63.1,0,2,1,321,NW,8.3,5.1,Low,2/23/2026
success,"Vidya Nagar, Madgaon, Goa, India",Madgaon,Goa,India,Madgaon,Asia/Kolkata,15.33,73.98,ACA704868534,15.33,73.98,15.3005,74.0855,2026-02-23T22:51:37.000Z,TRUE,168,168,,,,91,80,,0,2,Clear,24.8,76.7,22.6,14,86,0,0,29.79,1009,22.5,72.5,0,10,6,353,N,11.2,6.9,Low,2/23/2026
success,"Ward 27, Jaipur, Rajasthan, India",Jaipur,Rajasthan,India,Jaipur,Asia/Kolkata,26.8845,75.7933,VIR10340,26.8845,75.7933,26.8106,73.7685,2026-02-23T22:51:01.000Z,TRUE,162,165,69,42,51,97,78,2,0,0,Mist,23.5,74.4,12.1,7.5,57,0,0,29.88,1012,22.1,71.8,0,2.5,1,32,NNE,5.8,3.6,Low,2/23/2026
success,"Ie, Raipur, Chhattisgarh, India",Raipur,Chhattisgarh,India,Raipur,Asia/Kolkata,21.2444,81.6306,VIR18914,21.2444,81.6306,21.6637,81.8406,2026-02-23T22:51:01.000Z,TRUE,116,155,35,7,27,79,64,2,0,7,Clear,26.3,79.4,14.1,8.8,30,0,0,29.77,1008,27.3,81.1,0,10,6,41,NE,7.2,4.5,Low,2/23/2026
success,"Bongshar, Guwahati, Assam, India",Guwahati,Assam,India,Guwahati,Asia/Kolkata,26.1722,91.7458,VIR8658,26.1722,91.7458,26.4074,93.2551,2026-02-23T22:51:01.000Z,TRUE,278,190,180,7,28,138,119,51,0,25,Mist,21,69.8,6.8,4.2,73,0,0,29.85,1011,21,69.8,0,2.5,1,175,S,3.6,2.2,Low,2/23/2026
success,"Gulzarbagh, Patna, Bihar, India",Patna,Bihar,India,Patna,Asia/Kolkata,25.594,85.1376,VIR17517,25.594,85.1376,25.6441,85.9065,2026-02-23T22:51:01.000Z,TRUE,261,182,62,49,63,128,111,2,0,50,Mist,20.3,68.5,13.6,8.5,68,0,0,29.85,1011,20.3,68.5,0,3,1,13,NNE,6.5,4,Low,2/23/2026
success,"Landour, Dehradun, Uttarakhand, India",Dehradun,Uttarakhand,India,Dehradun,Asia/Kolkata,30.345,78.029,12541,30.345,78.029,30.0417,79.0897,2026-02-23T22:51:01.000Z,TRUE,224,176,146,7,54,119,98,2,0,6,Clear,14,57.2,18.9,11.7,36,0,0,29.92,1013,14.5,58,0,10,6,46,NE,9.7,6,Low,2/23/2026
success,"Bani, Shimla, Himachal Pradesh, India",Shimla,Himachal Pradesh,India,Shimla,Asia/Kolkata,31.1033,77.1722,VIR21213,31.1033,77.1722,31.9292,77.1828,2026-02-23T22:51:01.000Z,TRUE,44,83,180,7,27,33,26,2,0,3,Clear,11.7,53.1,13.9,8.7,42,0,0,29.95,1014,12.2,54,0,10,6,69,ENE,7.6,4.7,Low,2/23/2026
success,"Nhpc Quarters, Gangtok, Sikkim, India",Gangtok,Sikkim,India,Gangtok,Asia/Kolkata,27.33,88.62,VIR7722,27.33,88.62,27.601,88.4541,2026-02-23T22:51:01.000Z,TRUE,91,128,62,6,44,56,51,2,0,10,Clear,0.5,32.9,19.7,12.2,56,0,0,30.01,1016,3.1,37.5,0,10,6,33,NNE,9.4,5.8,Low,2/23/2026
success,"Bopal, Ahmedabad, Gujarat, India",Ahmedabad,Gujarat,India,Ahmedabad,Asia/Kolkata,23.0225,72.5714,13747,23.0225,72.5714,22.385,71.7453,2026-02-24T22:51:01.000Z,TRUE,176,178,120,44,37,107,88,15,0,50,Overcast,25.1,77.3,29.5,18.3,44,0,0,29.83,1010,25.4,77.7,0,3,1,350,N,14,8.7,Low,2/24/2026
success,"Tavarekere, Bangalore, Karnataka, India",Bangalore,Karnataka,India,Bangalore,Asia/Kolkata,12.9789,77.5917,VIR1721,12.9789,77.5917,14.5204,75.7224,2026-02-24T23:01:00.000Z,TRUE,70,116,140,16,42,52,42,2,0,50,Partly cloudy,24.9,76.8,28.1,17.5,69,0,0,30.03,1017,23.1,73.6,0,6,3,125,SE,19.4,12.1,Low,2/24/2026
success,"Sivakami Nagar, Chennai, Tamil Nadu, India",Chennai,Tamil Nadu,India,Chennai,Asia/Kolkata,13.0825,80.275,14144,13.0825,80.275,10.9094,78.3665,2026-02-24T22:51:01.000Z,TRUE,50,86,99,8,27,33,29,2,0,50,Partly cloudy,30.7,87.3,24.4,15.2,84,0,0,29.85,1011,27.1,80.8,0,6,3,94,E,15.5,9.6,Low,2/24/2026
success,"Kompally, Hyderabad, Telangana, India",Hyderabad,Telangana,India,Hyderabad,Asia/Kolkata,17.4399,78.4983,14149,17.4399,78.4983,17.8496,79.1152,2026-02-24T23:01:00.000Z,TRUE,122,156,85,9,31,79,66,2,0,50,Mist,25.3,77.6,8.7,5.4,61,0,0,29.97,1015,24.4,75.9,0,5,3,39,NE,4.3,2.7,Low,2/24/2026
success,"Kamardanga, Kolkata, West Bengal, India",Kolkata,West Bengal,India,Kolkata,Asia/Kolkata,22.62,88.42,VIR5520,22.62,88.42,22.9965,87.6856,2026-02-24T23:01:00.000Z,TRUE,299,208,64,34,28,164,138,2,0,50,Mist,24.5,76.1,18.2,11.3,83,0,0,29.88,1012,23.1,73.6,0,2,1,131,SE,9,5.6,Low,2/24/2026
success,"Mahim, Mumbai, Maharashtra, India",Mumbai,Maharashtra,India,Mumbai,Asia/Kolkata,19.0761,72.8775,13715,19.0761,72.8775,18.9068,75.6742,2026-02-24T23:01:00.000Z,TRUE,176,166,131,34,53,94,82,22,0,0,Overcast,31.3,88.4,14.6,9.1,62,0,0,29.85,1011,28.4,83.1,0,3,1,300,WNW,9.7,6,Low,2/24/2026
success,"Dwarka, New Delhi, Delhi, India",New Delhi,Delhi,India,New Delhi,Asia/Kolkata,28.6325,77.2205,8181,28.6325,77.2205,28.6274,77.1717,2026-02-24T22:51:00.000Z,TRUE,300,203,286,47,58,164,133,8,0,0,Mist,19.1,66.4,15.1,9.4,68,0,0,29.94,1014,19.1,66.4,0,4.5,2,14,NNE,7.2,4.5,Low,2/24/2026
success,"Manjri, Pune, Maharashtra, India",Pune,Maharashtra,India,Pune,Asia/Kolkata,18.5203,73.8567,3767,18.5203,73.8567,18.9068,75.6742,2026-02-24T22:51:00.000Z,TRUE,107,149,112,40,37,72,60,2,0,4,Clear,23.9,75.1,25.4,15.8,36,0,0,29.89,1012,22.5,72.5,0,10,6,266,W,12.6,7.8,Low,2/24/2026
success,"Haibat Mau Mawaiya, Lucknow, Uttar Pradesh, India",Lucknow,Uttar Pradesh,India,Lucknow,Asia/Kolkata,26.85,80.95,VIR13353,26.85,80.95,27.1303,80.8597,2026-02-24T23:01:00.000Z,TRUE,324,225,65,23,40,178,154,6,0,0,Mist,19.4,66.9,13.6,8.5,78,0,0,29.91,1013,19.4,66.9,0,3.5,2,311,NW,6.5,4,Low,2/24/2026
success,"Phase 2, Ludhiana, Punjab, India",Ludhiana,Punjab,India,Ludhiana,Asia/Kolkata,30.91,75.85,VIR13356,30.91,75.85,30.9293,75.5005,2026-02-24T23:01:00.000Z,TRUE,297,196,84,27,49,152,128,19,0,0,Clear,16.2,61.1,9.1,5.6,27,0,0,29.9,1013,16.2,61.1,0,10,6,354,N,4.3,2.7,Low,2/24/2026
success,"Bagsewaniya, Bhopal, Madhya Pradesh, India",Bhopal,Madhya Pradesh,India,Bhopal,Asia/Kolkata,23.2599,77.4126,VIR2430,23.2599,77.4126,23.8143,77.5341,2026-02-24T23:01:00.000Z,TRUE,98,147,40,42,59,71,57,10,0,50,Mist,21.1,70,28,17.4,46,0,0,29.97,1015,21.1,70,0,5,3,13,NNE,13.3,8.3,Low,2/24/2026
success,"Baliawas, Gurgaon, Haryana, India",Gurgaon,Haryana,India,Gurgaon,Asia/Kolkata,28.456,77.029,11300,28.456,77.029,29,76,2026-02-24T22:51:00.000Z,TRUE,279,201,159,16,32,153,125,3,0,0,Mist,19.1,66.4,15.1,9.4,68,0,0,29.94,1014,19.1,66.4,0,4.5,2,13,NNE,7.2,4.5,Low,2/24/2026
success,"Athirappilly, Kochi, Kerala, India",Kochi,Kerala,India,Kochi,Asia/Kolkata,9.9312,76.2673,VIR11633,9.9312,76.2673,10.3529,76.512,2026-02-24T23:01:00.000Z,TRUE,116,151,59,7,25,72,62,2,0,75,Mist,30.8,87.5,4.9,3.1,70,0.01,0.22,29.85,1011,27.3,81.1,0,4,2,260,W,3.6,2.2,Low,2/24/2026
success,"Arunika Vihar, Bhubaneswar, Odisha, India",Bhubaneswar,Odisha,India,Bhubaneswar,Asia/Kolkata,20.2644,85.8281,VIR2431,20.2644,85.8281,20.5431,84.6897,2026-02-24T22:51:01.000Z,TRUE,109,146,190,8,26,71,60,2,0,50,Mist,21.2,70.2,4.2,2.6,88,0,0,29.88,1012,21.2,70.2,0,3,1,10,N,3.6,2.2,Low,2/24/2026
success,"Gandhi Nagar Colony, Ranchi, Jharkhand, India",Ranchi,Jharkhand,India,Ranchi,Asia/Kolkata,23.36,85.33,VIR18962,23.36,85.33,23.456,85.2557,2026-02-24T23:01:00.000Z,TRUE,70,117,186,8,26,53,42,2,0,25,Mist,18,64.4,15.1,9.4,52,0,0,30.03,1017,18,64.4,0,3.5,2,298,WNW,7.6,4.7,Low,2/24/2026
success,"Vidya Nagar, Madgaon, Goa, India",Madgaon,Goa,India,Madgaon,Asia/Kolkata,15.33,73.98,ACA704868534,15.33,73.98,15.3005,74.0855,2026-02-24T23:01:00.000Z,TRUE,257,187,,,,120,107,,0,4,Clear,24.8,76.7,18.9,11.8,87,0,0,29.85,1011,22.5,72.5,0,10,6,349,N,9.4,5.8,Low,2/24/2026
success,"Agrasen Housing Society, Jaipur, Rajasthan, India",Jaipur,Rajasthan,India,Jaipur,Asia/Kolkata,26.8845,75.7933,PLLODA000389,26.8845,75.7933,26.8106,73.7685,2026-02-24T23:01:00.000Z,TRUE,130,156,59,41,52,85,67,2,0,25,Mist,23,73.4,14.4,8.9,50,0,0,29.94,1014,22.3,72.1,0,3,1,338,NNW,6.8,4.3,Low,2/24/2026
success,"Sardhoo, Raipur, Chhattisgarh, India",Raipur,Chhattisgarh,India,Raipur,Asia/Kolkata,21.2444,81.6306,8856A6EC6ED4,21.2444,81.6306,21.6637,81.8406,2026-02-24T23:01:00.000Z,TRUE,73,121,33,44,28,55,44,2,0,5,Clear,24.6,76.3,18.9,11.7,29,0,0,29.84,1010,25,77,0,10,6,322,NW,9,5.6,Low,2/24/2026
success,"Bongshar, Guwahati, Assam, India",Guwahati,Assam,India,Guwahati,Asia/Kolkata,26.1722,91.7458,VIR8658,26.1722,91.7458,26.4074,93.2551,2026-02-24T23:01:00.000Z,TRUE,301,200,33,7,24,157,132,46,0,50,Mist,21.3,70.3,15.9,9.9,73,0,0,29.85,1011,21.3,70.3,0,2,1,210,SSW,7.6,4.7,Low,2/24/2026
success,"Gulzarbagh, Patna, Bihar, India",Patna,Bihar,India,Patna,Asia/Kolkata,25.594,85.1376,VIR17517,25.594,85.1376,25.6441,85.9065,2026-02-24T23:01:00.000Z,TRUE,300,195,63,53,56,146,127,2,0,0,Mist,19.1,66.4,17.4,10.8,78,0,0,29.91,1013,19.1,66.4,0,3,1,10,N,8.3,5.1,Low,2/24/2026
success,"Landour, Dehradun, Uttarakhand, India",Dehradun,Uttarakhand,India,Dehradun,Asia/Kolkata,30.345,78.029,12541,30.345,78.029,30.0417,79.0897,2026-02-24T23:01:00.000Z,TRUE,204,172,139,8,58,112,91,2,0,4,Clear,13.8,56.8,18.7,11.6,44,0,0,29.98,1015,14.3,57.7,0,10,6,46,NE,9.7,6,Low,2/24/2026
success,"Bani, Shimla, Himachal Pradesh, India",Shimla,Himachal Pradesh,India,Shimla,Asia/Kolkata,31.1033,77.1722,VIR21213,31.1033,77.1722,31.9292,77.1828,2026-02-24T23:01:00.000Z,TRUE,50,92,190,7,24,39,30,2,0,0,Clear,11.6,52.8,14.1,8.7,45,0,0,30.01,1016,12.1,53.8,0,10,6,69,ENE,7.6,4.7,Low,2/24/2026
success,"Nhpc Quarters, Gangtok, Sikkim, India",Gangtok,Sikkim,India,Gangtok,Asia/Kolkata,27.33,88.62,VIR7722,27.33,88.62,27.601,88.4541,2026-02-24T23:01:00.000Z,TRUE,106,132,53,7,47,62,56,2,0,70,Patchy rain nearby,0.4,32.8,18.1,11.3,60,0,0.01,30.05,1018,2.8,37.1,0,10,6,32,NNE,8.6,5.4,Low,2/24/2026
success,"Soni Ni Chali, Ahmedabad, Gujarat, India",Ahmedabad,Gujarat,India,Ahmedabad,Asia/Kolkata,23.0225,72.5714,VIR215,23.0225,72.5714,22.385,71.7453,2026-02-25T23:01:00.000Z,TRUE,155,162,155,48,50,91,77,24,0,0,Overcast,25.2,77.4,18.3,11.4,45,0,0,29.85,1011,26.3,79.3,0,3,1,246,WSW,9,5.6,Low,2/25/2026
success,"Tavarekere, Bangalore, Karnataka, India",Bangalore,Karnataka,India,Bangalore,Asia/Kolkata,12.9789,77.5917,VIR1721,12.9789,77.5917,14.5204,75.7224,2026-02-25T22:51:02.000Z,TRUE,85,136,184,28,55,63,50,2,0,50,Partly cloudy,25.1,77.2,21.8,13.6,65,0,0,30.06,1018,24.2,75.6,0,6,3,86,E,13,8.1,Low,2/25/2026
success,"Sivakami Nagar, Chennai, Tamil Nadu, India",Chennai,Tamil Nadu,India,Chennai,Asia/Kolkata,13.0825,80.275,14144,13.0825,80.275,10.9094,78.3665,2026-02-25T23:01:00.000Z,TRUE,64,103,126,7,27,43,38,2,0,25,Clear,30.6,87.1,20,12.4,84,0,0,29.88,1012,27.3,81.1,0,6,3,112,ESE,12.6,7.8,Low,2/25/2026
success,"Kompally, Hyderabad, Telangana, India",Hyderabad,Telangana,India,Hyderabad,Asia/Kolkata,17.4399,78.4983,14149,17.4399,78.4983,17.8496,79.1152,2026-02-25T23:01:00.000Z,TRUE,164,166,128,7,31,93,79,2,0,50,Mist,24.2,75.5,11.4,7.1,65,0,0,30,1016,22.2,72,0,5,3,39,NE,6.1,3.8,Low,2/25/2026
success,"Kamardanga, Kolkata, West Bengal, India",Kolkata,West Bengal,India,Kolkata,Asia/Kolkata,22.62,88.42,VIR5520,22.62,88.42,22.9965,87.6856,2026-02-25T23:01:00.000Z,TRUE,311,217,80,42,35,175,149,2,0,0,Mist,24.4,76,19.7,12.2,61,0,0,29.85,1011,23.1,73.6,0,3.2,1,256,WSW,9.4,5.8,Low,2/25/2026
success,"Worli, Mumbai, Maharashtra, India",Mumbai,Maharashtra,India,Mumbai,Asia/Kolkata,19.0761,72.8775,13706,19.0761,72.8775,18.9068,75.6742,2026-02-25T22:51:02.000Z,TRUE,75,124,172,38,43,56,45,23,0,0,Mist,29.9,85.8,16.8,10.4,66,0,0,29.91,1013,27.2,81,0,3.5,2,295,WNW,11.5,7.2,Low,2/25/2026
success,"Dwarka, New Delhi, Delhi, India",New Delhi,Delhi,India,New Delhi,Asia/Kolkata,28.6325,77.2205,8181,28.6325,77.2205,28.6274,77.1717,2026-02-25T22:51:01.000Z,TRUE,245,183,283,50,58,130,106,7,0,0,Mist,21.3,70.3,18.1,11.3,56,0,0,29.94,1014,21.3,70.3,0,4.5,2,269,W,8.6,5.4,Low,2/25/2026
success,"Manjri, Pune, Maharashtra, India",Pune,Maharashtra,India,Pune,Asia/Kolkata,18.5203,73.8567,3767,18.5203,73.8567,18.9068,75.6742,2026-02-25T22:51:01.000Z,TRUE,40,78,156,39,37,28,24,2,0,4,Clear,21.7,71.1,21.9,13.6,54,0,0,29.95,1014,21.7,71.1,0,10,6,264,W,12.2,7.6,Low,2/25/2026
success,"Haibat Mau Mawaiya, Lucknow, Uttar Pradesh, India",Lucknow,Uttar Pradesh,India,Lucknow,Asia/Kolkata,26.85,80.95,VIR13353,26.85,80.95,27.1303,80.8597,2026-02-25T23:01:00.000Z,TRUE,218,177,74,26,35,114,96,6,0,0,Mist,20.2,68.4,17.4,10.8,60,0,0,29.91,1013,20.2,68.4,0,4,2,326,NNW,8.3,5.1,Low,2/25/2026
success,"Phase 2, Ludhiana, Punjab, India",Ludhiana,Punjab,India,Ludhiana,Asia/Kolkata,30.91,75.85,VIR13356,30.91,75.85,30.9293,75.5005,2026-02-25T23:01:00.000Z,TRUE,295,192,96,26,49,144,124,2,0,0,Clear,16.9,62.3,19.7,12.2,28,0,0,29.89,1012,16.9,62.3,0,10,6,33,NNE,9.4,5.8,Low,2/25/2026
success,"Kasera Bazar, Bhopal, Madhya Pradesh, India",Bhopal,Madhya Pradesh,India,Bhopal,Asia/Kolkata,23.2599,77.4126,PLLODA000552,23.2599,77.4126,23.8143,77.5341,2026-02-25T22:51:02.000Z,TRUE,93,142,36,50,74,67,54,11,0,25,Mist,22.9,73.1,14.4,8.9,31,0,0,29.97,1015,22.3,72.1,0,5,3,50,NE,6.8,4.3,Low,2/25/2026
success,"Baliawas, Gurgaon, Haryana, India",Gurgaon,Haryana,India,Gurgaon,Asia/Kolkata,28.456,77.029,11300,28.456,77.029,29,76,2026-02-25T23:01:00.000Z,TRUE,254,190,223,16,33,136,112,3,0,0,Mist,21.3,70.3,21.2,13.2,56,0,0,29.94,1014,21.3,70.3,0,4.5,2,283,WNW,10.1,6.3,Low,2/25/2026
success,"Athirappilly, Kochi, Kerala, India",Kochi,Kerala,India,Kochi,Asia/Kolkata,9.9312,76.2673,VIR11633,9.9312,76.2673,10.3529,76.512,2026-02-25T23:01:00.000Z,TRUE,82,134,64,7,25,61,49,2,0,50,Mist,30.2,86.3,17.2,10.7,84,0,0.01,29.91,1013,27.1,80.8,0,4,2,319,NW,10.4,6.5,Low,2/25/2026
success,"Arunika Vihar, Bhubaneswar, Odisha, India",Bhubaneswar,Odisha,India,Bhubaneswar,Asia/Kolkata,20.2644,85.8281,VIR2431,20.2644,85.8281,20.5431,84.6897,2026-02-25T22:51:02.000Z,TRUE,133,154,276,7,26,80,68,2,0,25,Mist,25.9,78.7,23,14.3,83,0,0,29.88,1012,24.1,75.4,0,3,1,208,SSW,12.2,7.6,Low,2/25/2026
success,"Gandhi Nagar Colony, Ranchi, Jharkhand, India",Ranchi,Jharkhand,India,Ranchi,Asia/Kolkata,23.36,85.33,VIR18962,23.36,85.33,23.456,85.2557,2026-02-25T23:01:00.000Z,TRUE,87,141,289,6,25,67,52,2,0,0,Mist,17.2,63,23.4,14.6,59,0,0,30.03,1017,17.2,63,0,4,2,332,NNW,11.2,6.9,Low,2/25/2026
success,"Vidya Nagar, Madgaon, Goa, India",Madgaon,Goa,India,Madgaon,Asia/Kolkata,15.33,73.98,ACA704868534,15.33,73.98,15.3005,74.0855,2026-02-25T23:01:00.000Z,TRUE,192,174,,,,98,88,,0,5,Clear,24.9,76.8,21.2,13.2,85,0,0,29.91,1013,22.7,72.8,0,10,6,351,N,10.4,6.5,Low,2/25/2026
success,"Ward 27, Jaipur, Rajasthan, India",Jaipur,Rajasthan,India,Jaipur,Asia/Kolkata,26.8845,75.7933,VIR10340,26.8845,75.7933,26.8106,73.7685,2026-02-25T23:01:00.000Z,TRUE,125,150,91,44,54,83,65,2,0,0,Mist,22.6,72.8,25.7,16,44,0,0,29.94,1014,23.1,73.6,0,3.5,2,17,NNE,12.2,7.6,Low,2/25/2026
success,"Ie, Raipur, Chhattisgarh, India",Raipur,Chhattisgarh,India,Raipur,Asia/Kolkata,21.2444,81.6306,VIR18914,21.2444,81.6306,21.6637,81.8406,2026-02-25T23:01:00.000Z,TRUE,296,197,40,38,24,145,123,2,0,5,Clear,24.1,75.4,28,17.4,23,0,0,29.87,1011,25,77.1,0,10,6,329,NNW,13.3,8.3,Low,2/25/2026
success,"Bongshar, Guwahati, Assam, India",Guwahati,Assam,India,Guwahati,Asia/Kolkata,26.1722,91.7458,VIR8658,26.1722,91.7458,26.4074,93.2551,2026-02-25T23:01:00.000Z,TRUE,197,172,61,7,26,106,90,44,0,50,Mist,21.2,70.2,12.9,8,64,0,0,29.85,1011,21.2,70.2,0,2.5,1,222,SW,6.1,3.8,Low,2/25/2026
success,"Gulzarbagh, Patna, Bihar, India",Patna,Bihar,India,Patna,Asia/Kolkata,25.594,85.1376,VIR17517,25.594,85.1376,25.6441,85.9065,2026-02-25T23:01:00.000Z,TRUE,285,189,60,53,65,137,118,2,0,0,Mist,23.8,74.8,13.6,8.5,73,0,0,29.88,1012,22.2,72,0,3,1,267,W,6.5,4,Low,2/25/2026
success,"Landour, Dehradun, Uttarakhand, India",Dehradun,Uttarakhand,India,Dehradun,Asia/Kolkata,30.345,78.029,12541,30.345,78.029,30.0417,79.0897,2026-02-25T23:01:00.000Z,TRUE,227,178,205,7,56,122,100,2,0,4,Clear,13.8,56.8,20.2,12.5,35,0,0,29.96,1015,14.3,57.7,0,10,6,46,NE,10.1,6.3,Low,2/25/2026
success,"Bani, Shimla, Himachal Pradesh, India",Shimla,Himachal Pradesh,India,Shimla,Asia/Kolkata,31.1033,77.1722,VIR21213,31.1033,77.1722,31.9292,77.1828,2026-02-25T23:01:00.000Z,TRUE,93,137,270,7,26,70,53,2,0,0,Clear,11.2,52.2,13,8.1,37,0,0,30.01,1016,11.7,53,0,10,6,62,ENE,6.8,4.3,Low,2/25/2026
success,"Nhpc Quarters, Gangtok, Sikkim, India",Gangtok,Sikkim,India,Gangtok,Asia/Kolkata,27.33,88.62,VIR7722,27.33,88.62,27.601,88.4541,2026-02-25T23:01:00.000Z,TRUE,58,100,772,3,48,39,35,19,0,16,Clear,2,35.5,15.9,9.9,60,0,0,30,1016,3.9,39,0,10,6,35,NE,7.6,4.7,Low,2/25/2026
success,"Bopal, Ahmedabad, Gujarat, India",Ahmedabad,Gujarat,India,Ahmedabad,Asia/Kolkata,23.0225,72.5714,13747,23.0225,72.5714,22.385,71.7453,2026-02-26T22:51:01.000Z,TRUE,91,131,382,8,23,65,53,2,0,0,Overcast,26.3,79.3,26.5,16.4,37,0,0,29.8,1009,26.4,79.5,0,4,2,237,WSW,12.6,7.8,Low,2/26/2026
success,"ISRO Colony, Bangalore, Karnataka, India",Bangalore,Karnataka,India,Bangalore,Asia/Kolkata,12.9789,77.5917,PLLODA000328,12.9789,77.5917,14.5204,75.7224,2026-02-26T22:51:01.000Z,TRUE,81,130,378,8,23,60,48,2,0,50,Partly cloudy,25.4,77.7,26.8,16.6,51,0,0.02,30,1016,25.1,77.2,0,6,3,116,ESE,19.4,12.1,Low,2/26/2026
success,"Sivakami Nagar, Chennai, Tamil Nadu, India",Chennai,Tamil Nadu,India,Chennai,Asia/Kolkata,13.0825,80.275,14144,13.0825,80.275,10.9094,78.3665,2026-02-26T23:01:00.000Z,TRUE,116,154,380,8,23,80,65,2,0,25,Clear,31.2,88.2,24.7,15.3,79,0,0,29.83,1010,28.1,82.6,0,6,3,112,ESE,16.9,10.5,Low,2/26/2026
success,"Kompally, Hyderabad, Telangana, India",Hyderabad,Telangana,India,Hyderabad,Asia/Kolkata,17.4399,78.4983,14149,17.4399,78.4983,17.8496,79.1152,2026-02-26T22:51:01.000Z,TRUE,99,146,374,8,22,70,57,2,0,50,Mist,25.7,78.3,13.7,8.5,51,0,0,29.91,1013,26.4,79.5,0,5,3,87,E,7.2,4.5,Low,2/26/2026
success,"Kamarhati, Kolkata, West Bengal, India",Kolkata,West Bengal,India,Kolkata,Asia/Kolkata,22.6686,88.3704,VIR10804,22.6686,88.3704,22.9965,87.6856,2026-02-26T23:01:00.000Z,TRUE,252,186,375,7,23,130,110,2,0,0,Mist,23.2,73.7,22.7,14.1,57,0,0,29.8,1009,22.1,71.8,0,3.2,1,184,S,10.8,6.7,Low,2/26/2026
success,"Mahim, Mumbai, Maharashtra, India",Mumbai,Maharashtra,India,Mumbai,Asia/Kolkata,19.0761,72.8775,13715,19.0761,72.8775,18.9068,75.6742,2026-02-26T23:01:00.000Z,TRUE,48,87,380,7,23,34,29,2,0,0,Mist,27.9,82.1,14.1,8.8,61,0,0,29.88,1012,26.3,79.3,0,4,2,271,W,10.1,6.3,Low,2/26/2026
success,"Dwarka, New Delhi, Delhi, India",New Delhi,Delhi,India,New Delhi,Asia/Kolkata,28.6325,77.2205,8181,28.6325,77.2205,28.6274,77.1717,2026-02-26T23:01:00.000Z,TRUE,215,176,569,16,17,117,96,3,0,0,Mist,19.1,66.4,15.9,9.9,64,0,0,29.83,1010,19.1,66.4,0,4.5,2,306,NW,7.6,4.7,Low,2/26/2026
success,"Manjri, Pune, Maharashtra, India",Pune,Maharashtra,India,Pune,Asia/Kolkata,18.5203,73.8567,3767,18.5203,73.8567,18.9068,75.6742,2026-02-26T23:01:00.000Z,TRUE,27,63,377,8,23,19,16,2,0,0,Clear,21.2,70.1,15.4,9.6,69,0,0,29.88,1012,21.2,70.1,0,10,6,261,W,10.8,6.7,Low,2/26/2026
success,"Haibat Mau Mawaiya, Lucknow, Uttar Pradesh, India",Lucknow,Uttar Pradesh,India,Lucknow,Asia/Kolkata,26.85,80.95,VIR13353,26.85,80.95,27.1303,80.8597,2026-02-26T23:01:00.000Z,TRUE,165,178,368,8,23,105,85,2,0,0,Mist,19.1,66.4,18.1,11.3,60,0,0,29.8,1009,19.1,66.4,0,4,2,266,W,8.6,5.4,Low,2/26/2026
success,"Phase 2, Ludhiana, Punjab, India",Ludhiana,Punjab,India,Ludhiana,Asia/Kolkata,30.91,75.85,VIR13356,30.91,75.85,30.9293,75.5005,2026-02-26T23:01:00.000Z,TRUE,300,195,388,8,23,149,128,2,0,2,Clear,16.9,62.3,8.3,5.2,29,0,0,29.78,1009,16.9,62.3,0,10,6,185,S,4,2.5,Low,2/26/2026
success,"Bagsewaniya, Bhopal, Madhya Pradesh, India",Bhopal,Madhya Pradesh,India,Bhopal,Asia/Kolkata,23.2599,77.4126,VIR2430,23.2599,77.4126,23.8143,77.5341,2026-02-26T22:51:01.000Z,TRUE,106,146,375,7,23,72,58,2,0,0,Clear,23.3,74,18.1,11.3,50,0,0,29.88,1012,22.3,72.1,0,6,3,359,N,8.6,5.4,Low,2/26/2026
success,"Masani, Gurgaon, Haryana, India",Gurgaon,Haryana,India,Gurgaon,Asia/Kolkata,28.456,77.029,VIR8642,28.456,77.029,29,76,2026-02-26T22:51:01.000Z,TRUE,231,183,377,8,23,124,103,2,0,0,Mist,19.2,66.6,15.9,9.9,64,0,0,29.83,1010,19.2,66.6,0,4.5,2,282,WNW,7.6,4.7,Low,2/26/2026
success,"Athirappilly, Kochi, Kerala, India",Kochi,Kerala,India,Kochi,Asia/Kolkata,9.9312,76.2673,VIR11633,9.9312,76.2673,10.3529,76.512,2026-02-26T23:01:00.000Z,TRUE,121,157,370,7,23,78,66,2,0,50,Mist,28.6,83.4,15.4,9.6,79,0,0,29.83,1010,26.2,79.2,0,4,2,331,NNW,9.4,5.8,Low,2/26/2026
success,"Arunika Vihar, Bhubaneswar, Odisha, India",Bhubaneswar,Odisha,India,Bhubaneswar,Asia/Kolkata,20.2644,85.8281,VIR2431,20.2644,85.8281,20.5431,84.6897,2026-02-26T22:51:01.000Z,TRUE,223,175,367,8,22,112,96,2,0,25,Mist,25.3,77.5,21.7,13.5,83,0,0,29.83,1010,23.2,73.8,0,2,1,174,S,11.9,7.4,Low,2/26/2026
success,"Gandhi Nagar Colony, Ranchi, Jharkhand, India",Ranchi,Jharkhand,India,Ranchi,Asia/Kolkata,23.36,85.33,VIR18962,23.36,85.33,23.456,85.2557,2026-02-26T23:01:00.000Z,TRUE,74,123,386,8,23,58,44,2,0,0,Mist,17.2,63,20.4,12.7,45,0,0,29.94,1014,17.2,63,0,3.5,2,334,NNW,9.7,6,Low,2/26/2026
success,"Vidya Nagar, Madgaon, Goa, India",Madgaon,Goa,India,Madgaon,Asia/Kolkata,15.33,73.98,ACA704868534,15.33,73.98,15.3005,74.0855,2026-02-26T23:01:00.000Z,TRUE,72,120,,,,54,43,,0,3,Clear,25.1,77.2,24.3,15.1,83,0,0,29.85,1011,23,73.4,0,10,6,346,NNW,13,8.1,Low,2/26/2026
success,"Agrasen Housing Society, Jaipur, Rajasthan, India",Jaipur,Rajasthan,India,Jaipur,Asia/Kolkata,26.8845,75.7933,PLLODA000389,26.8845,75.7933,26.8106,73.7685,2026-02-26T23:01:00.000Z,TRUE,76,120,386,8,23,56,44,2,0,0,Mist,23.1,73.6,15.9,9.9,36,0,0,29.85,1011,23.2,73.8,0,4,2,10,N,7.6,4.7,Low,2/26/2026
success,"Ie, Raipur, Chhattisgarh, India",Raipur,Chhattisgarh,India,Raipur,Asia/Kolkata,21.2444,81.6306,VIR18914,21.2444,81.6306,21.6637,81.8406,2026-02-26T23:01:00.000Z,TRUE,103,152,375,8,24,72,60,2,0,3,Clear,23.6,74.6,9.8,6.1,25,0,0,29.8,1009,23.8,74.9,0,10,6,258,WSW,4.7,2.9,Low,2/26/2026
success,"Bongshar, Guwahati, Assam, India",Guwahati,Assam,India,Guwahati,Asia/Kolkata,26.1722,91.7458,VIR8658,26.1722,91.7458,26.4074,93.2551,2026-02-26T23:01:00.000Z,TRUE,307,201,382,8,22,158,135,2,0,50,Mist,21.2,70.2,13.6,8.5,64,0,0,29.77,1008,21.2,70.2,0,2.5,1,225,SW,6.5,4,Low,2/26/2026
success,"Gulzarbagh, Patna, Bihar, India",Patna,Bihar,India,Patna,Asia/Kolkata,25.594,85.1376,VIR17517,25.594,85.1376,25.6441,85.9065,2026-02-26T23:01:00.000Z,TRUE,238,179,385,8,23,120,101,2,0,0,Mist,20.3,68.5,4.5,2.8,68,0,0,29.8,1009,20.3,68.5,0,3.5,2,154,SSE,3.6,2.2,Low,2/26/2026
success,"Landour, Dehradun, Uttarakhand, India",Dehradun,Uttarakhand,India,Dehradun,Asia/Kolkata,30.345,78.029,12541,30.345,78.029,30.0417,79.0897,2026-02-26T22:51:00.000Z,TRUE,215,172,374,8,23,116,94,2,0,0,Clear,13.6,56.4,20.8,12.9,39,0,0,29.85,1011,14.2,57.5,0,10,6,41,NE,10.4,6.5,Low,2/26/2026
success,"Bani, Shimla, Himachal Pradesh, India",Shimla,Himachal Pradesh,India,Shimla,Asia/Kolkata,31.1033,77.1722,VIR21213,31.1033,77.1722,31.9292,77.1828,2026-02-26T23:01:00.000Z,TRUE,67,113,348,8,24,53,40,2,0,0,Clear,11.1,51.9,15.9,9.9,38,0,0,29.91,1013,11.8,53.2,0,10,6,58,ENE,8.3,5.1,Low,2/26/2026
success,"Nhpc Quarters, Gangtok, Sikkim, India",Gangtok,Sikkim,India,Gangtok,Asia/Kolkata,27.33,88.62,VIR7722,27.33,88.62,27.601,88.4541,2026-02-26T23:01:00.000Z,TRUE,125,148,372,8,22,78,65,2,0,72,Patchy rain nearby,3.4,38.1,9.1,5.6,79,0,0.08,29.93,1014,4.1,39.4,0,10,6,19,NNE,4.3,2.7,Low,2/26/2026
success,"Bopal, Ahmedabad, Gujarat, India",Ahmedabad,Gujarat,India,Ahmedabad,Asia/Kolkata,23.0225,72.5714,13747,23.0225,72.5714,22.385,71.7453,2026-02-27T22:21:02.000Z,TRUE,65,107,384,9,21,47,38,2,0,0,Overcast,26.7,80.1,27,16.8,34,0,0,29.77,1008,26.3,79.3,0,4,2,209,SSW,13,8.1,Low,2/27/2026
success,"Tavarekere, Bangalore, Karnataka, India",Bangalore,Karnataka,India,Bangalore,Asia/Kolkata,12.9789,77.5917,VIR1721,12.9789,77.5917,14.5204,75.7224,2026-02-27T22:21:02.000Z,TRUE,90,141,383,9,21,67,53,2,0,50,Partly cloudy,25.7,78.2,24.9,15.5,47,0,0,29.94,1014,25.3,77.5,0,6,3,125,SE,18,11.2,Low,2/27/2026
success,"Sivakami Nagar, Chennai, Tamil Nadu, India",Chennai,Tamil Nadu,India,Chennai,Asia/Kolkata,13.0825,80.275,14144,13.0825,80.275,10.9094,78.3665,2026-02-27T22:21:02.000Z,TRUE,144,163,383,8,21,90,75,2,0,25,Mist,31.8,89.2,31.8,19.8,79,0,0,29.8,1009,28.1,82.6,0,5,3,129,SE,20.2,12.5,Low,2/27/2026
success,"Kompally, Hyderabad, Telangana, India",Hyderabad,Telangana,India,Hyderabad,Asia/Kolkata,17.4399,78.4983,14149,17.4399,78.4983,17.8496,79.1152,2026-02-27T22:21:02.000Z,TRUE,88,141,386,8,21,64,52,2,0,50,Mist,26.4,79.4,14.7,9.1,51,0,0,29.88,1012,27.1,80.8,0,5,3,145,SE,9.4,5.8,Low,2/27/2026
success,"Kamardanga, Kolkata, West Bengal, India",Kolkata,West Bengal,India,Kolkata,Asia/Kolkata,22.62,88.42,VIR5520,22.62,88.42,22.9965,87.6856,2026-02-27T22:21:02.000Z,TRUE,206,176,378,8,21,111,95,2,0,0,Mist,25.8,78.5,26.5,16.4,44,0,0,29.74,1007,24.3,75.7,0,3.5,2,228,SW,12.6,7.8,Low,2/27/2026
success,"Worli, Mumbai, Maharashtra, India",Mumbai,Maharashtra,India,Mumbai,Asia/Kolkata,19.0761,72.8775,13706,19.0761,72.8775,18.9068,75.6742,2026-02-27T22:21:02.000Z,TRUE,41,79,378,9,21,30,24,2,0,25,Mist,27.2,80.9,13,8.1,61,0,0,29.83,1010,26,78.8,0,4,2,277,W,9,5.6,Low,2/27/2026
success,"Dwarka, New Delhi, Delhi, India",New Delhi,Delhi,India,New Delhi,Asia/Kolkata,28.6325,77.2205,8181,28.6325,77.2205,28.6274,77.1717,2026-02-27T22:21:01.000Z,TRUE,248,187,590,14,20,134,109,3,0,25,Mist,22.2,71.9,15.9,9.9,53,0,0,29.77,1008,22.2,72,0,4.5,2,330,NNW,7.6,4.7,Low,2/27/2026
success,"Manjri, Pune, Maharashtra, India",Pune,Maharashtra,India,Pune,Asia/Kolkata,18.5203,73.8567,3767,18.5203,73.8567,18.9068,75.6742,2026-02-27T22:11:02.000Z,TRUE,29,65,377,9,21,21,17,2,0,0,Clear,20,68,16.4,10.2,59,0,0,29.83,1010,20,68,0,10,6,272,W,9.7,6,Low,2/27/2026
success,"Haibat Mau Mawaiya, Lucknow, Uttar Pradesh, India",Lucknow,Uttar Pradesh,India,Lucknow,Asia/Kolkata,26.85,80.95,VIR13353,26.85,80.95,27.1303,80.8597,2026-02-27T22:21:02.000Z,TRUE,279,206,372,8,20,152,128,2,0,0,Mist,20.1,68.2,15.1,9.4,64,0,0,29.77,1008,20.1,68.2,0,3.5,2,316,NW,7.2,4.5,Low,2/27/2026
success,"Phase 2, Ludhiana, Punjab, India",Ludhiana,Punjab,India,Ludhiana,Asia/Kolkata,30.91,75.85,VIR13356,30.91,75.85,30.9293,75.5005,2026-02-27T22:21:02.000Z,TRUE,267,186,384,9,21,133,114,2,0,3,Clear,18.8,65.8,10.6,6.6,25,0,0,29.73,1007,18.8,65.8,0,10,6,67,ENE,5,3.1,Low,2/27/2026
success,"Bagsewaniya, Bhopal, Madhya Pradesh, India",Bhopal,Madhya Pradesh,India,Bhopal,Asia/Kolkata,23.2599,77.4126,VIR2430,23.2599,77.4126,23.8143,77.5341,2026-02-27T22:21:02.000Z,TRUE,166,166,381,9,22,94,79,2,0,50,Mist,23.3,73.9,9.1,5.6,46,0,0,29.83,1010,22.3,72.1,0,5,3,274,W,4.3,2.7,Low,2/27/2026
success,"Baliawas, Gurgaon, Haryana, India",Gurgaon,Haryana,India,Gurgaon,Asia/Kolkata,28.456,77.029,11300,28.456,77.029,29,76,2026-02-27T22:21:01.000Z,TRUE,222,180,383,9,21,121,100,2,0,25,Mist,22.2,71.9,13.6,8.5,53,0,0,29.77,1008,22.2,72,0,4.5,2,326,NW,6.5,4,Low,2/27/2026
success,"Athirappilly, Kochi, Kerala, India",Kochi,Kerala,India,Kochi,Asia/Kolkata,9.9312,76.2673,VIR11633,9.9312,76.2673,10.3529,76.512,2026-02-27T22:21:02.000Z,TRUE,62,105,369,8,22,43,37,2,0,50,Mist,30,86.1,15.8,9.8,70,0,0,29.8,1009,27.2,81,0,4,2,352,N,9.4,5.8,Low,2/27/2026
success,"Arunika Vihar, Bhubaneswar, Odisha, India",Bhubaneswar,Odisha,India,Bhubaneswar,Asia/Kolkata,20.2644,85.8281,VIR2431,20.2644,85.8281,20.5431,84.6897,2026-02-27T22:21:02.000Z,TRUE,117,153,393,9,22,76,63,2,0,0,Mist,27.4,81.3,28.3,17.6,83,0,0,29.77,1008,25.3,77.5,0,4,2,198,SSW,17.3,10.7,Low,2/27/2026
success,"Gandhi Nagar Colony, Ranchi, Jharkhand, India",Ranchi,Jharkhand,India,Ranchi,Asia/Kolkata,23.36,85.33,VIR18962,23.36,85.33,23.456,85.2557,2026-02-27T22:21:02.000Z,TRUE,65,109,384,8,20,46,39,2,0,0,Mist,19.3,66.7,25.7,16,40,0,0,29.91,1013,19.3,66.7,0,4,2,340,NNW,12.2,7.6,Low,2/27/2026
success,"Vidya Nagar, Madgaon, Goa, India",Madgaon,Goa,India,Madgaon,Asia/Kolkata,15.33,73.98,ACA704868534,15.33,73.98,15.3005,74.0855,2026-02-27T22:21:39.000Z,TRUE,42,82,,,,30,26,,0,0,Clear,24.6,76.3,23.3,14.5,83,0,0,29.81,1009,22.2,72,0,10,6,346,NNW,11.9,7.4,Low,2/27/2026
success,"Ward 27, Jaipur, Rajasthan, India",Jaipur,Rajasthan,India,Jaipur,Asia/Kolkata,26.8845,75.7933,VIR10340,26.8845,75.7933,26.8106,73.7685,2026-02-27T22:21:02.000Z,TRUE,94,143,377,9,20,68,55,2,0,25,Mist,24.8,76.7,17.4,10.8,41,0,0,29.8,1009,25.3,77.5,0,3,1,354,N,8.3,5.1,Low,2/27/2026
success,"Ie, Raipur, Chhattisgarh, India",Raipur,Chhattisgarh,India,Raipur,Asia/Kolkata,21.2444,81.6306,VIR18914,21.2444,81.6306,21.6637,81.8406,2026-02-27T22:21:02.000Z,TRUE,83,136,363,9,21,61,50,2,0,4,Clear,24.6,76.3,18.9,11.7,26,0,0,29.74,1007,25.4,77.8,0,10,6,269,W,9,5.6,Low,2/27/2026
success,"Bongshar, Guwahati, Assam, India",Guwahati,Assam,India,Guwahati,Asia/Kolkata,26.1722,91.7458,VIR8658,26.1722,91.7458,26.4074,93.2551,2026-02-27T22:21:02.000Z,TRUE,302,197,376,8,21,153,128,2,0,50,Mist,23.4,74.1,9.8,6.1,69,0,0,29.74,1007,22.1,71.8,0,2.5,1,209,SSW,4.7,2.9,Low,2/27/2026
success,"Gulzarbagh, Patna, Bihar, India",Patna,Bihar,India,Patna,Asia/Kolkata,25.594,85.1376,VIR17517,25.594,85.1376,25.6441,85.9065,2026-02-27T22:21:02.000Z,TRUE,282,190,385,8,21,140,119,2,0,0,Mist,21,69.8,10.8,6.7,69,0,0,29.74,1007,21,69.8,0,3,1,179,S,3.6,2.2,Low,2/27/2026
success,"Landour, Dehradun, Uttarakhand, India",Dehradun,Uttarakhand,India,Dehradun,Asia/Kolkata,30.345,78.029,12541,30.345,78.029,30.0417,79.0897,2026-02-27T22:21:01.000Z,TRUE,163,161,380,9,20,95,78,2,0,0,Clear,13.8,56.9,24.8,15.4,30,0,0,29.83,1010,14.5,58.2,0,10,6,39,NE,11.9,7.4,Low,2/27/2026
success,"Bani, Shimla, Himachal Pradesh, India",Shimla,Himachal Pradesh,India,Shimla,Asia/Kolkata,31.1033,77.1722,VIR21213,31.1033,77.1722,31.9292,77.1828,2026-02-27T22:21:02.000Z,TRUE,57,99,354,8,20,44,34,2,0,0,Clear,11.6,53,20.2,12.6,31,0,0,29.88,1012,12.5,54.5,0,10,6,68,ENE,10.1,6.3,Low,2/27/2026
success,"Nhpc Quarters, Gangtok, Sikkim, India",Gangtok,Sikkim,India,Gangtok,Asia/Kolkata,27.33,88.62,VIR7722,27.33,88.62,27.601,88.4541,2026-02-27T22:21:02.000Z,TRUE,126,144,378,8,21,76,64,2,0,80,Patchy rain nearby,0.7,33.2,14.4,8.9,74,0,0.01,29.9,1012,2.6,36.7,0,10,6,35,NE,6.8,4.3,Low,2/27/2026
success,"Maninagar, Ahmedabad, Gujarat, India",Ahmedabad,Gujarat,India,Ahmedabad,Asia/Kolkata,23.0225,72.5714,8192,23.0225,72.5714,22.385,71.7453,2026-03-01T09:41:00.000Z,TRUE,97,147,210,31,28,69,57,18,0,0,Mist,24.3,75.8,11.2,7,61,0,0,29.85,1011,23,73.4,3,2.5,1,328,NNW,9.7,6,Moderate,3/1/2026
success,"Tavarekere, Bangalore, Karnataka, India",Bangalore,Karnataka,India,Bangalore,Asia/Kolkata,12.9789,77.5917,VIR1721,12.9789,77.5917,14.5204,75.7224,2026-03-01T09:41:01.000Z,TRUE,98,146,204,24,41,71,57,2,0,25,Sunny,25.8,78.4,8.3,5.1,65,0,0,30.03,1017,25.3,77.5,5,6,3,187,S,7.2,4.5,Moderate,3/1/2026
success,"Sivakami Nagar, Chennai, Tamil Nadu, India",Chennai,Tamil Nadu,India,Chennai,Asia/Kolkata,13.0825,80.275,14144,13.0825,80.275,10.9094,78.3665,2026-03-01T09:41:01.000Z,TRUE,188,171,127,8,27,101,88,2,0,25,Mist,30.4,86.7,15.2,9.4,84,0,0,29.85,1011,28.3,82.9,5.2,3,1,200,SSW,12.6,7.8,High,3/1/2026
success,"Kompally, Hyderabad, Telangana, India",Hyderabad,Telangana,India,Hyderabad,Asia/Kolkata,17.4399,78.4983,14149,17.4399,78.4983,17.8496,79.1152,2026-03-01T09:41:01.000Z,TRUE,116,156,114,9,25,76,64,2,0,0,Mist,26.4,79.6,9.1,5.7,45,0,0,29.94,1014,27,80.6,4.5,4,2,169,S,7.9,4.9,Moderate,3/1/2026
success,"Kamardanga, Kolkata, West Bengal, India",Kolkata,West Bengal,India,Kolkata,Asia/Kolkata,22.62,88.42,VIR5520,22.62,88.42,22.9965,87.6856,2026-03-01T09:41:01.000Z,TRUE,160,165,98,31,23,93,78,2,0,50,Mist,26.2,79.1,20.7,12.9,79,0,0,29.8,1009,26,78.8,5.1,2,1,214,SW,18,11.2,High,3/1/2026
success,"Mahalakshmi, Mumbai, Maharashtra, India",Mumbai,Maharashtra,India,Mumbai,Asia/Kolkata,19.0761,72.8775,11921,19.0761,72.8775,18.9068,75.6742,2026-03-01T09:41:00.000Z,TRUE,85,121,145,35,23,57,47,22,0,0,Mist,27.8,82,16.7,10.4,61,0,0,29.88,1012,26.3,79.3,3.5,3,1,18,NNE,12.6,7.8,Moderate,3/1/2026
success,"Dwarka, New Delhi, Delhi, India",New Delhi,Delhi,India,New Delhi,Asia/Kolkata,28.6325,77.2205,8181,28.6325,77.2205,28.6274,77.1717,2026-03-01T09:31:00.000Z,TRUE,240,186,133,51,24,132,108,11,0,0,Mist,19,66.2,14.1,8.7,83,0,0,29.83,1010,19,66.2,3,2.1,1,290,WNW,12.2,7.6,Moderate,3/1/2026
success,"Manjri, Pune, Maharashtra, India",Pune,Maharashtra,India,Pune,Asia/Kolkata,18.5203,73.8567,3767,18.5203,73.8567,18.9068,75.6742,2026-03-01T09:31:00.000Z,TRUE,69,114,161,29,24,50,41,2,0,0,Sunny,24.8,76.6,10.8,6.7,44,0,0,29.9,1013,23.6,74.5,3.9,10,6,27,NNE,3.6,2.2,Moderate,3/1/2026
success,"Talkatora, Lucknow, Uttar Pradesh, India",Lucknow,Uttar Pradesh,India,Lucknow,Asia/Kolkata,26.85,80.95,8188,26.85,80.95,27.1303,80.8597,2026-03-01T09:41:01.000Z,TRUE,231,183,62,27,25,120,102,6,0,0,Mist,22.1,71.8,14.1,8.7,61,0,0,29.83,1010,22.1,71.8,3.7,3.5,2,292,WNW,12.2,7.6,Moderate,3/1/2026
success,"Haibowal Khurd, Ludhiana, Punjab, India",Ludhiana,Punjab,India,Ludhiana,Asia/Kolkata,30.91,75.85,11272,30.91,75.85,30.9293,75.5005,2026-03-01T09:41:00.000Z,TRUE,309,206,107,26,24,161,138,19,0,0,Sunny,22.5,72.4,12.9,8,20,0,0,29.85,1011,22.8,73,2.6,10,6,314,NW,11.2,6.9,Moderate,3/1/2026
success,"Sector D Industrial Area, Bhopal, Madhya Pradesh, India",Bhopal,Madhya Pradesh,India,Bhopal,Asia/Kolkata,23.2599,77.4126,11275,23.2599,77.4126,23.8143,77.5341,2026-03-01T09:41:00.000Z,TRUE,56,96,29,23,49,42,33,7,0,0,Sunny,23.6,74.5,11.2,7,47,0,0,29.91,1013,23,73.4,3.9,6,3,319,NW,9.7,6,Moderate,3/1/2026
success,"Baliawas, Gurgaon, Haryana, India",Gurgaon,Haryana,India,Gurgaon,Asia/Kolkata,28.456,77.029,11300,28.456,77.029,29,76,2026-03-01T09:41:00.000Z,TRUE,200,174,208,14,23,108,91,3,0,0,Mist,20.1,68.2,15.3,9.5,73,0,0,29.85,1011,20.1,68.2,3,2.3,1,293,WNW,13.3,8.3,Moderate,3/1/2026
success,"Athirappilly, Kochi, Kerala, India",Kochi,Kerala,India,Kochi,Asia/Kolkata,9.9312,76.2673,VIR11633,9.9312,76.2673,10.3529,76.512,2026-03-01T09:41:01.000Z,TRUE,58,100,296,8,23,39,35,2,0,25,Mist,32.8,91,8.3,5.1,70,0,0,29.85,1011,29.1,84.4,4.7,5,3,11,NNE,7.2,4.5,Moderate,3/1/2026
success,"Arunika Vihar, Bhubaneswar, Odisha, India",Bhubaneswar,Odisha,India,Bhubaneswar,Asia/Kolkata,20.2644,85.8281,VIR2431,20.2644,85.8281,20.5431,84.6897,2026-03-01T09:41:01.000Z,TRUE,151,162,46,8,23,90,77,2,0,0,Mist,29.8,85.7,12,7.5,62,0,0,29.8,1009,29.4,84.9,5.1,2.5,1,233,SW,10.4,6.5,High,3/1/2026
success,"Gandhi Nagar Colony, Ranchi, Jharkhand, India",Ranchi,Jharkhand,India,Ranchi,Asia/Kolkata,23.36,85.33,VIR18962,23.36,85.33,23.456,85.2557,2026-03-01T09:41:01.000Z,TRUE,131,158,276,7,22,82,69,2,0,50,Mist,24.8,76.6,7.1,4.4,34,0,0,29.94,1014,26.4,79.5,4.9,2.5,1,319,NW,6.1,3.8,Moderate,3/1/2026
success,"Vidya Nagar, Madgaon, Goa, India",Madgaon,Goa,India,Madgaon,Asia/Kolkata,15.33,73.98,ACA704868534,15.33,73.98,15.3005,74.0855,2026-03-01T09:41:34.000Z,TRUE,42,82,,,,30,26,,0,0,Sunny,27.6,81.7,5.8,3.6,54,0,0,29.87,1012,26.7,80.1,4.1,10,6,340,NNW,5,3.1,Moderate,3/1/2026
success,"Ward 27, Jaipur, Rajasthan, India",Jaipur,Rajasthan,India,Jaipur,Asia/Kolkata,26.8845,75.7933,VIR10340,26.8845,75.7933,26.8106,73.7685,2026-03-01T09:41:01.000Z,TRUE,99,143,65,45,25,70,56,2,0,0,Mist,23.4,74.1,10.8,6.7,44,0,0,29.88,1012,24.2,75.6,3,3.5,2,126,SE,3.6,2.2,Moderate,3/1/2026
success,"Ie, Raipur, Chhattisgarh, India",Raipur,Chhattisgarh,India,Raipur,Asia/Kolkata,21.2444,81.6306,VIR18914,21.2444,81.6306,21.6637,81.8406,2026-03-01T09:41:01.000Z,TRUE,232,180,39,39,25,115,100,37,0,15,Sunny,28.6,83.5,8.7,5.4,27,0,0,29.84,1010,30,86,4.4,10,6,300,WNW,7.6,4.7,Moderate,3/1/2026
success,"Bongshar, Guwahati, Assam, India",Guwahati,Assam,India,Guwahati,Asia/Kolkata,26.1722,91.7458,VIR8658,26.1722,91.7458,26.4074,93.2551,2026-03-01T09:41:01.000Z,TRUE,259,186,50,8,23,134,111,41,0,50,Mist,21.4,70.5,7.1,4.4,83,0,0,29.83,1010,21.4,70.5,4.4,2,1,49,NE,6.1,3.8,Moderate,3/1/2026
success,"Gulzarbagh, Patna, Bihar, India",Patna,Bihar,India,Patna,Asia/Kolkata,25.594,85.1376,VIR17517,25.594,85.1376,25.6441,85.9065,2026-03-01T09:41:01.000Z,TRUE,212,175,73,41,41,112,95,2,0,50,Mist,23.3,73.9,11.2,7,57,0,0,29.8,1009,24.2,75.6,4.2,3.5,2,280,W,9.7,6,Moderate,3/1/2026
success,"Landour, Dehradun, Uttarakhand, India",Dehradun,Uttarakhand,India,Dehradun,Asia/Kolkata,30.345,78.029,12541,30.345,78.029,30.0417,79.0897,2026-03-01T09:31:00.000Z,TRUE,88,128,208,8,39,62,49,2,0,0,Sunny,17.3,63.2,3.9,2.4,19,0,0,29.85,1011,17.3,63.2,3.2,10,6,26,NNE,3.6,2.2,Moderate,3/1/2026
success,"Bani, Shimla, Himachal Pradesh, India",Shimla,Himachal Pradesh,India,Shimla,Asia/Kolkata,31.1033,77.1722,VIR21213,31.1033,77.1722,31.9292,77.1828,2026-03-01T09:41:01.000Z,TRUE,31,68,271,8,25,23,19,2,0,0,Sunny,13.3,55.9,9.5,5.9,23,0,0,29.9,1012,13.3,56,3.2,10,6,30,NNE,6.1,3.8,Moderate,3/1/2026
success,"Nhpc Quarters, Gangtok, Sikkim, India",Gangtok,Sikkim,India,Gangtok,Asia/Kolkata,27.33,88.62,VIR7722,27.33,88.62,27.601,88.4541,2026-03-01T09:41:01.000Z,TRUE,74,120,52,8,32,50,44,38,0,71,Patchy rain nearby,14.4,57.9,8.7,5.4,47,0,0.08,29.94,1014,14.5,58.1,3.8,10,6,221,SW,7.6,4.7,Moderate,3/1/2026
success,"Maninagar, Ahmedabad, Gujarat, India",Ahmedabad,Gujarat,India,Ahmedabad,Asia/Kolkata,23.0225,72.5714,8192,23.0225,72.5714,22.385,71.7453,2026-03-01T22:01:00.000Z,TRUE,101,145,197,32,48,71,58,25,0,0,Overcast,27,80.6,17.4,10.8,45,0,0,29.83,1010,27.2,81,0,4,2,323,NW,9,5.6,Low,3/1/2026
success,"Peenya, Bangalore, Karnataka, India",Bangalore,Karnataka,India,Bangalore,Asia/Kolkata,12.9789,77.5917,3758,12.9789,77.5917,14.5204,75.7224,2026-03-01T22:11:01.000Z,TRUE,112,154,193,24,56,75,62,2,0,50,Partly cloudy,25.1,77.3,30.4,18.9,50,0,0,30,1016,24.3,75.7,0,6,3,118,ESE,20.2,12.5,Low,3/1/2026
success,"Sivakami Nagar, Chennai, Tamil Nadu, India",Chennai,Tamil Nadu,India,Chennai,Asia/Kolkata,13.0825,80.275,14144,13.0825,80.275,10.9094,78.3665,2026-03-01T22:11:01.000Z,TRUE,143,162,142,8,32,87,74,2,0,25,Mist,31.5,88.8,29.8,18.5,79,0,0,29.85,1011,28.1,82.6,0,5,3,141,SE,18.4,11.4,Low,3/1/2026
success,"Saidabad, Hyderabad, Telangana, India",Hyderabad,Telangana,India,Hyderabad,Asia/Kolkata,17.3617,78.4747,PLLODA000055,17.3617,78.4747,17.8496,79.1152,2026-03-01T22:11:01.000Z,TRUE,158,165,175,9,29,90,77,2,0,50,Partly cloudy,27.4,81.3,9.8,6.1,55,0,0,29.94,1014,28.3,82.9,0,6,3,103,ESE,4.7,2.9,Low,3/1/2026
success,"Dhakuria, Kolkata, West Bengal, India",Kolkata,West Bengal,India,Kolkata,Asia/Kolkata,22.5325,88.3521,12458,22.5325,88.3521,22.9965,87.6856,2026-03-01T22:01:00.000Z,TRUE,165,165,69,25,38,94,79,2,0,25,Mist,28.9,84.1,25.4,15.8,84,0,0,29.77,1008,26.1,79,0,3,1,212,SSW,15.5,9.6,Low,3/1/2026
success,"Mahim, Mumbai, Maharashtra, India",Mumbai,Maharashtra,India,Mumbai,Asia/Kolkata,19.0761,72.8775,13715,19.0761,72.8775,18.9068,75.6742,2026-03-01T22:11:01.000Z,TRUE,72,117,248,32,45,52,43,21,0,0,Mist,27.3,81.2,17,10.6,70,0,0,29.85,1011,26.1,79,0,3,1,326,NNW,11.9,7.4,Low,3/1/2026
success,"Vivek Vihar, New Delhi, Delhi, India",New Delhi,Delhi,India,New Delhi,Asia/Kolkata,28.6325,77.2205,10118,28.6325,77.2205,28.6274,77.1717,2026-03-01T22:01:00.000Z,TRUE,188,170,227,44,62,106,87,10,0,0,Mist,22.3,72.1,21.2,13.2,61,0,0,29.85,1011,22.4,72.3,0,4.5,2,297,WNW,10.1,6.3,Low,3/1/2026
success,"Manjri, Pune, Maharashtra, India",Pune,Maharashtra,India,Pune,Asia/Kolkata,18.5203,73.8567,3767,18.5203,73.8567,18.9068,75.6742,2026-03-01T22:01:00.000Z,TRUE,71,118,169,32,44,53,43,2,0,0,Clear,25.1,77.2,16.3,10.2,46,0,0,29.88,1012,24.1,75.4,0,10,6,261,W,9.4,5.8,Low,3/1/2026
success,"Talkatora, Lucknow, Uttar Pradesh, India",Lucknow,Uttar Pradesh,India,Lucknow,Asia/Kolkata,26.85,80.95,8188,26.85,80.95,27.1303,80.8597,2026-03-01T22:11:01.000Z,TRUE,127,156,95,21,37,81,67,5,0,0,Mist,21.3,70.3,30.2,18.8,53,0,0,29.8,1009,21.3,70.3,0,5,3,273,W,14.4,8.9,Low,3/1/2026
success,"Phase 2, Ludhiana, Punjab, India",Ludhiana,Punjab,India,Ludhiana,Asia/Kolkata,30.91,75.85,VIR13356,30.91,75.85,30.9293,75.5005,2026-03-01T22:11:01.000Z,TRUE,153,162,108,27,27,91,76,19,0,1,Clear,18.2,64.7,19.7,12.2,19,0,0,29.83,1010,18.2,64.7,0,10,6,28,NNE,9.4,5.8,Low,3/1/2026
success,"Bagsewaniya, Bhopal, Madhya Pradesh, India",Bhopal,Madhya Pradesh,India,Bhopal,Asia/Kolkata,23.2599,77.4126,VIR2430,23.2599,77.4126,23.8143,77.5341,2026-03-01T22:11:01.000Z,TRUE,111,151,89,19,65,74,61,2,0,0,Clear,21.3,70.3,17.4,10.8,43,0,0,29.91,1013,21.3,70.3,0,6,3,356,N,8.3,5.1,Low,3/1/2026
success,"Baliawas, Gurgaon, Haryana, India",Gurgaon,Haryana,India,Gurgaon,Asia/Kolkata,28.456,77.029,11300,28.456,77.029,29,76,2026-03-01T22:11:00.000Z,TRUE,191,175,255,13,32,107,90,3,0,0,Mist,22.3,72.1,21.9,13.6,61,0,0,29.85,1011,22.4,72.3,0,4.5,2,306,NW,10.4,6.5,Low,3/1/2026
success,"Athirappilly, Kochi, Kerala, India",Kochi,Kerala,India,Kochi,Asia/Kolkata,9.9312,76.2673,VIR11633,9.9312,76.2673,10.3529,76.512,2026-03-01T22:11:01.000Z,TRUE,47,85,84,8,25,33,28,2,0,75,Mist,33.3,91.9,5.9,3.7,74,0.02,0.56,29.85,1011,28.3,82.9,0,4,2,307,NW,3.6,2.2,Low,3/1/2026
success,"Arunika Vihar, Bhubaneswar, Odisha, India",Bhubaneswar,Odisha,India,Bhubaneswar,Asia/Kolkata,20.2644,85.8281,VIR2431,20.2644,85.8281,20.5431,84.6897,2026-03-01T22:11:01.000Z,TRUE,144,159,50,8,78,85,72,2,0,0,Mist,29.4,84.8,30.4,18.9,84,0,0,29.8,1009,26.4,79.5,0,2.5,1,198,SSW,20.2,12.5,Low,3/1/2026
success,"Gandhi Nagar Colony, Ranchi, Jharkhand, India",Ranchi,Jharkhand,India,Ranchi,Asia/Kolkata,23.36,85.33,VIR18962,23.36,85.33,23.456,85.2557,2026-03-01T22:11:01.000Z,TRUE,79,130,275,54,42,58,47,2,0,50,Mist,23.6,74.5,19.7,12.2,47,0,0,29.94,1014,23.2,73.8,0,4,2,340,NNW,9.4,5.8,Low,3/1/2026
success,"Vidya Nagar, Madgaon, Goa, India",Madgaon,Goa,India,Madgaon,Asia/Kolkata,15.33,73.98,ACA704868534,15.33,73.98,15.3005,74.0855,2026-03-01T22:11:36.000Z,TRUE,75,124,,,,54,45,,0,7,Clear,25.1,77.3,17.1,10.6,80,0,0,29.86,1011,23.1,73.6,0,10,6,337,NNW,9,5.6,Low,3/1/2026
success,"Ward 27, Jaipur, Rajasthan, India",Jaipur,Rajasthan,India,Jaipur,Asia/Kolkata,26.8845,75.7933,VIR10340,26.8845,75.7933,26.8106,73.7685,2026-03-01T22:11:01.000Z,TRUE,122,150,59,46,58,80,64,2,0,0,Mist,23.4,74,18.1,11.3,31,0,0,29.88,1012,24.2,75.6,0,3,1,17,NNE,8.6,5.4,Low,3/1/2026
success,"Ie, Raipur, Chhattisgarh, India",Raipur,Chhattisgarh,India,Raipur,Asia/Kolkata,21.2444,81.6306,VIR18914,21.2444,81.6306,21.6637,81.8406,2026-03-01T22:11:01.000Z,TRUE,107,150,26,41,26,71,60,2,0,5,Clear,26.1,79,26.5,16.4,26,0,0,29.79,1009,27.4,81.3,0,10,6,309,NW,12.6,7.8,Low,3/1/2026
success,"Pan Bazaar, Guwahati, Assam, India",Guwahati,Assam,India,Guwahati,Asia/Kolkata,26.1722,91.7458,13729,26.1722,91.7458,26.4074,93.2551,2026-03-01T22:11:01.000Z,TRUE,170,166,58,8,24,94,81,38,0,50,Mist,20.4,68.7,8.3,5.2,78,0,0,29.83,1010,20.4,68.7,0,2,1,134,SE,4,2.5,Low,3/1/2026
success,"Gulzarbagh, Patna, Bihar, India",Patna,Bihar,India,Patna,Asia/Kolkata,25.594,85.1376,VIR17517,25.594,85.1376,25.6441,85.9065,2026-03-01T22:11:01.000Z,TRUE,194,170,79,43,58,103,88,2,0,0,Mist,25,77,15.9,9.9,58,0,0,29.8,1009,26.3,79.3,0,3.5,2,314,NW,7.6,4.7,Low,3/1/2026
success,"Landour, Dehradun, Uttarakhand, India",Dehradun,Uttarakhand,India,Dehradun,Asia/Kolkata,30.345,78.029,12541,30.345,78.029,30.0417,79.0897,2026-03-01T22:11:00.000Z,TRUE,87,127,208,8,67,62,49,2,0,0,Clear,15.5,59.8,22.7,14.1,25,0,0,29.87,1011,15.5,59.8,0,10,6,45,NE,10.8,6.7,Low,3/1/2026
success,"Bani, Shimla, Himachal Pradesh, India",Shimla,Himachal Pradesh,India,Shimla,Asia/Kolkata,31.1033,77.1722,VIR21213,31.1033,77.1722,31.9292,77.1828,2026-03-01T22:11:01.000Z,TRUE,27,63,291,8,25,19,16,2,0,0,Clear,11,51.8,19.6,12.2,25,0,0,29.97,1015,11.9,53.4,0,10,6,55,NE,9.4,5.8,Low,3/1/2026
success,"Nhpc Quarters, Gangtok, Sikkim, India",Gangtok,Sikkim,India,Gangtok,Asia/Kolkata,27.33,88.62,VIR7722,27.33,88.62,27.601,88.4541,2026-03-01T22:11:01.000Z,TRUE,79,124,45,8,54,53,47,2,0,73,Patchy rain nearby,7.4,45.4,8.7,5.4,68,0,0.03,29.96,1015,8.1,46.5,0,10,6,25,NNE,5.4,3.4,Low,3/1/2026
success,"Bopal, Ahmedabad, Gujarat, India",Ahmedabad,Gujarat,India,Ahmedabad,Asia/Kolkata,23.0225,72.5714,13747,23.0225,72.5714,22.385,71.7453,2026-03-03T22:31:00.000Z,TRUE,132,156,385,8,23,82,69,2,0,0,Overcast,27.5,81.5,25.7,16,30,0,0,29.88,1012,28.2,82.8,0,3,1,322,NW,12.2,7.6,Low,3/3/2026
success,"Tavarekere, Bangalore, Karnataka, India",Bangalore,Karnataka,India,Bangalore,Asia/Kolkata,12.9789,77.5917,VIR1721,12.9789,77.5917,14.5204,75.7224,2026-03-03T22:31:00.000Z,TRUE,103,149,378,8,23,72,59,2,0,0,Clear,25.9,78.6,32.2,20,41,0,0,30.06,1018,25.4,77.7,0,6,3,105,ESE,21.2,13.2,Low,3/3/2026
success,"Sivakami Nagar, Chennai, Tamil Nadu, India",Chennai,Tamil Nadu,India,Chennai,Asia/Kolkata,13.0825,80.275,14144,13.0825,80.275,10.9094,78.3665,2026-03-03T22:31:00.000Z,TRUE,84,135,384,8,23,62,50,2,0,25,Mist,30.9,87.7,20.9,13,74,0,0,29.91,1013,28,82.4,0,5,3,129,SE,12.6,7.8,Low,3/3/2026
success,"Ramachandrapuram, Hyderabad, Telangana, India",Hyderabad,Telangana,India,Hyderabad,Asia/Kolkata,17.4399,78.4983,14140,17.4399,78.4983,17.8496,79.1152,2026-03-03T22:31:00.000Z,TRUE,113,153,375,8,23,75,62,2,0,0,Clear,24.9,76.8,18.1,11.3,48,0,0,30.03,1017,26.3,79.3,0,6,3,59,ENE,8.6,5.4,Low,3/3/2026
success,"Kamardanga, Kolkata, West Bengal, India",Kolkata,West Bengal,India,Kolkata,Asia/Kolkata,22.62,88.42,VIR5520,22.62,88.42,22.9965,87.6856,2026-03-03T22:31:00.000Z,TRUE,242,182,380,8,22,123,105,2,0,0,Mist,24.1,75.4,16.6,10.3,44,0,0,29.88,1012,25,77,0,3.5,2,212,SSW,7.9,4.9,Low,3/3/2026
success,"Malad, Mumbai, Maharashtra, India",Mumbai,Maharashtra,India,Mumbai,Asia/Kolkata,19.0761,72.8775,VIR15287,19.0761,72.8775,18.9068,75.6742,2026-03-03T22:31:00.000Z,TRUE,245,186,379,8,22,121,107,2,0,0,Overcast,31,87.8,33.3,20.7,58,0,0,29.88,1012,29.1,84.4,0,2.5,1,352,N,15.8,9.8,Low,3/3/2026
success,"Dwarka, New Delhi, Delhi, India",New Delhi,Delhi,India,New Delhi,Asia/Kolkata,28.6325,77.2205,8181,28.6325,77.2205,28.6274,77.1717,2026-03-03T22:31:00.000Z,TRUE,151,163,595,15,19,91,75,4,0,0,Mist,22.1,71.7,34,21.1,57,0,0,29.91,1013,22,71.6,0,4.5,2,276,W,16.2,10.1,Low,3/3/2026
success,"Manjri, Pune, Maharashtra, India",Pune,Maharashtra,India,Pune,Asia/Kolkata,18.5203,73.8567,3767,18.5203,73.8567,18.9068,75.6742,2026-03-03T22:31:00.000Z,TRUE,101,141,374,8,23,68,57,2,0,0,Clear,24.8,76.6,6.8,4.2,27,0,0,29.93,1014,25.6,78,0,10,6,344,NNW,3.6,2.2,Low,3/3/2026
success,"Talkatora, Lucknow, Uttar Pradesh, India",Lucknow,Uttar Pradesh,India,Lucknow,Asia/Kolkata,26.85,80.95,8188,26.85,80.95,27.1303,80.8597,2026-03-03T22:31:00.000Z,TRUE,220,183,381,8,23,119,102,2,0,0,Mist,21.1,70,19.7,12.2,60,0,0,29.88,1012,21.1,70,0,4,2,284,WNW,9.4,5.8,Low,3/3/2026
success,"Haibowal Khurd, Ludhiana, Punjab, India",Ludhiana,Punjab,India,Ludhiana,Asia/Kolkata,30.91,75.85,11272,30.91,75.85,30.9293,75.5005,2026-03-03T22:31:00.000Z,TRUE,271,186,376,8,23,131,114,2,0,0,Clear,20.1,68.1,18.1,11.3,19,0,0,29.88,1012,20.1,68.1,0,10,6,334,NNW,8.6,5.4,Low,3/3/2026
success,"Sector D Industrial Area, Bhopal, Madhya Pradesh, India",Bhopal,Madhya Pradesh,India,Bhopal,Asia/Kolkata,23.2599,77.4126,11275,23.2599,77.4126,23.8143,77.5341,2026-03-03T22:31:00.000Z,TRUE,187,172,382,8,23,106,88,2,0,0,Clear,23.6,74.5,17.4,10.8,31,0,0,30.03,1017,24.1,75.4,0,6,3,14,NNE,8.3,5.1,Low,3/3/2026
success,"Khoh, Gurgaon, Haryana, India",Gurgaon,Haryana,India,Gurgaon,Asia/Kolkata,28.456,77.029,12445,28.456,77.029,29,76,2026-03-03T22:31:00.000Z,TRUE,165,167,378,8,23,97,80,2,0,0,Mist,22.2,71.9,33.3,20.7,57,0,0,29.91,1013,22.2,72,0,4.5,2,274,W,15.8,9.8,Low,3/3/2026
success,"Edayar, Kochi, Kerala, India",Kochi,Kerala,India,Kochi,Asia/Kolkata,9.9312,76.2673,11919,9.9312,76.2673,10.3529,76.512,2026-03-03T22:31:00.000Z,TRUE,70,117,390,7,24,52,42,2,0,50,Mist,32.5,90.5,8.8,5.5,79,0,0.11,29.88,1012,28,82.4,0,4,2,10,N,5.4,3.4,Low,3/3/2026
success,"Arunika Vihar, Bhubaneswar, Odisha, India",Bhubaneswar,Odisha,India,Bhubaneswar,Asia/Kolkata,20.2644,85.8281,VIR2431,20.2644,85.8281,20.5431,84.6897,2026-03-03T22:31:00.000Z,TRUE,161,163,395,8,23,90,77,2,0,0,Mist,28.8,83.8,23.3,14.5,74,0,0,29.88,1012,26.1,79,0,3,1,186,S,11.9,7.4,Low,3/3/2026
success,"Gandhi Nagar Colony, Ranchi, Jharkhand, India",Ranchi,Jharkhand,India,Ranchi,Asia/Kolkata,23.36,85.33,VIR18962,23.36,85.33,23.456,85.2557,2026-03-03T22:31:00.000Z,TRUE,81,133,379,8,22,63,49,2,0,0,Mist,21,69.8,17.4,10.8,35,0,0,30.03,1017,21,69.8,0,4.5,2,319,NW,8.3,5.1,Low,3/3/2026
success,"Vidya Nagar, Madgaon, Goa, India",Madgaon,Goa,India,Madgaon,Asia/Kolkata,15.33,73.98,ACA704868534,15.33,73.98,15.3005,74.0855,2026-03-03T22:31:00.000Z,TRUE,160,167,,,,87,78,,0,8,Clear,26.2,79.1,7.2,4.5,89,0,0,29.9,1013,23.9,75,0,10,6,353,N,4,2.5,Low,3/3/2026
success,"Jhotwara, Jaipur, Rajasthan, India",Jaipur,Rajasthan,India,Jaipur,Asia/Kolkata,26.8845,75.7933,11304,26.8845,75.7933,26.8106,73.7685,2026-03-03T22:31:00.000Z,TRUE,98,142,381,7,24,68,56,2,0,0,Mist,23.2,73.8,18.9,11.7,36,0,0,29.97,1015,24.1,75.4,0,3,1,332,NNW,9,5.6,Low,3/3/2026
success,"Ie, Raipur, Chhattisgarh, India",Raipur,Chhattisgarh,India,Raipur,Asia/Kolkata,21.2444,81.6306,VIR18914,21.2444,81.6306,21.6637,81.8406,2026-03-03T22:31:00.000Z,TRUE,96,143,371,8,24,66,55,2,0,0,Clear,24.7,76.5,9.1,5.6,20,0,0,29.89,1012,26.4,79.4,0,10,6,272,W,4.3,2.7,Low,3/3/2026
success,"Bongshar, Guwahati, Assam, India",Guwahati,Assam,India,Guwahati,Asia/Kolkata,26.1722,91.7458,VIR8658,26.1722,91.7458,26.4074,93.2551,2026-03-03T22:31:00.000Z,TRUE,273,186,388,8,23,132,113,2,0,25,Mist,21,69.8,14.4,8.9,69,0,0,29.88,1012,21,69.8,0,2.5,1,210,SSW,6.8,4.3,Low,3/3/2026
success,"Gulzarbagh, Patna, Bihar, India",Patna,Bihar,India,Patna,Asia/Kolkata,25.594,85.1376,VIR17517,25.594,85.1376,25.6441,85.9065,2026-03-03T22:31:00.000Z,TRUE,244,181,378,8,23,123,104,2,0,0,Mist,21.4,70.5,14.4,8.9,73,0,0,29.88,1012,21.4,70.5,0,3,1,64,ENE,6.8,4.3,Low,3/3/2026
success,"New Subhash Nagar, Dehradun, Uttarakhand, India",Dehradun,Uttarakhand,India,Dehradun,Asia/Kolkata,30.345,78.029,VIR5694,30.345,78.029,30.0417,79.0897,2026-03-03T22:31:00.000Z,TRUE,166,163,376,8,23,94,79,2,0,0,Clear,17,62.5,19.7,12.2,23,0,0,29.89,1012,17,62.5,0,10,6,42,NE,9.4,5.8,Low,3/3/2026
success,"Bani, Shimla, Himachal Pradesh, India",Shimla,Himachal Pradesh,India,Shimla,Asia/Kolkata,31.1033,77.1722,VIR21213,31.1033,77.1722,31.9292,77.1828,2026-03-03T22:31:00.000Z,TRUE,31,68,354,8,22,22,19,2,0,0,Clear,14.6,58.2,18.9,11.7,25,0,0,30.02,1017,14.9,58.8,0,10,6,57,ENE,9,5.6,Low,3/3/2026
success,"Nhpc Quarters, Gangtok, Sikkim, India",Gangtok,Sikkim,India,Gangtok,Asia/Kolkata,27.33,88.62,VIR7722,27.33,88.62,27.601,88.4541,2026-03-03T22:31:00.000Z,TRUE,133,151,364,8,24,78,68,2,0,5,Clear,2.8,37.1,14.4,8.9,54,0,0,30.07,1018,4.5,40.1,0,10,6,34,NE,6.8,4.3,Low,3/3/2026
success,"Bopal, Ahmedabad, Gujarat, India",Ahmedabad,Gujarat,India,Ahmedabad,Asia/Kolkata,23.0225,72.5714,13747,23.0225,72.5714,22.385,71.7453,2026-03-04T22:31:00.000Z,TRUE,78,128,376,8,22,58,47,2,0,0,Overcast,26.8,80.3,28,17.4,30,0,0,29.91,1013,28.1,82.6,0,4,2,319,NW,13.3,8.3,Low,3/4/2026
success,"Tavarekere, Bangalore, Karnataka, India",Bangalore,Karnataka,India,Bangalore,Asia/Kolkata,12.9789,77.5917,VIR1721,12.9789,77.5917,14.5204,75.7224,2026-03-04T22:31:00.000Z,TRUE,97,147,379,8,22,69,57,2,0,0,Clear,25.6,78.1,32.9,20.4,44,0,0,30.06,1018,25.2,77.4,0,6,3,101,ESE,21.6,13.4,Low,3/4/2026
success,"Sivakami Nagar, Chennai, Tamil Nadu, India",Chennai,Tamil Nadu,India,Chennai,Asia/Kolkata,13.0825,80.275,14144,13.0825,80.275,10.9094,78.3665,2026-03-04T22:31:00.000Z,TRUE,64,108,375,9,22,47,38,2,0,0,Clear,31.3,88.4,16.3,10.1,74,0,0,29.88,1012,28.3,82.9,0,6,3,125,SE,9.7,6,Low,3/4/2026
success,"Kompally, Hyderabad, Telangana, India",Hyderabad,Telangana,India,Hyderabad,Asia/Kolkata,17.4399,78.4983,14149,17.4399,78.4983,17.8496,79.1152,2026-03-04T22:21:01.000Z,TRUE,101,144,382,9,22,71,57,2,0,0,Clear,22.8,73.1,12.9,8,44,0,0,30.03,1017,23.4,74.1,0,6,3,51,NE,6.1,3.8,Low,3/4/2026
success,"Kamardanga, Kolkata, West Bengal, India",Kolkata,West Bengal,India,Kolkata,Asia/Kolkata,22.62,88.42,VIR5520,22.62,88.42,22.9965,87.6856,2026-03-04T22:31:00.000Z,TRUE,265,197,377,8,22,141,121,2,0,0,Mist,24.9,76.7,12.1,7.5,51,0,0,29.85,1011,25.1,77.2,0,3.5,2,180,S,5.8,3.6,Low,3/4/2026
success,"Worli, Mumbai, Maharashtra, India",Mumbai,Maharashtra,India,Mumbai,Asia/Kolkata,19.0761,72.8775,13706,19.0761,72.8775,18.9068,75.6742,2026-03-04T22:31:00.000Z,TRUE,76,125,383,8,22,55,46,2,0,0,Overcast,38,100.5,30.2,18.8,28,0,0,29.88,1012,33.1,91.6,0,4,2,355,N,14.4,8.9,Low,3/4/2026
success,"Lajpat Nagar, New Delhi, Delhi, India",New Delhi,Delhi,India,New Delhi,Asia/Kolkata,28.6325,77.2205,PLLODA000003,28.6325,77.2205,28.6274,77.1717,2026-03-04T22:31:00.000Z,TRUE,96,142,377,8,22,69,55,2,0,0,Mist,23.3,73.9,32,19.9,65,0,0,29.91,1013,24,75.2,0,4.5,2,287,WNW,15.5,9.6,Low,3/4/2026
success,"Manjri, Pune, Maharashtra, India",Pune,Maharashtra,India,Pune,Asia/Kolkata,18.5203,73.8567,3767,18.5203,73.8567,18.9068,75.6742,2026-03-04T22:31:00.000Z,TRUE,88,130,376,9,22,60,50,2,0,0,Clear,24.9,76.9,11.3,7,20,0,0,29.92,1013,26.6,79.9,0,10,6,46,NE,5.4,3.4,Low,3/4/2026
success,"Haibat Mau Mawaiya, Lucknow, Uttar Pradesh, India",Lucknow,Uttar Pradesh,India,Lucknow,Asia/Kolkata,26.85,80.95,VIR13353,26.85,80.95,27.1303,80.8597,2026-03-04T22:31:00.000Z,TRUE,284,195,385,8,22,139,121,2,0,0,Mist,22.1,71.7,16.6,10.3,78,0,0,29.85,1011,22,71.6,0,3.5,2,64,ENE,7.9,4.9,Low,3/4/2026
success,"Phase 2, Ludhiana, Punjab, India",Ludhiana,Punjab,India,Ludhiana,Asia/Kolkata,30.91,75.85,VIR13356,30.91,75.85,30.9293,75.5005,2026-03-04T22:31:00.000Z,TRUE,210,173,384,8,22,110,93,2,0,0,Clear,22.1,71.8,22.7,14.1,19,0,0,29.86,1011,22.1,71.8,0,10,6,346,NNW,10.8,6.7,Low,3/4/2026
success,"Bagsewaniya, Bhopal, Madhya Pradesh, India",Bhopal,Madhya Pradesh,India,Bhopal,Asia/Kolkata,23.2599,77.4126,VIR2430,23.2599,77.4126,23.8143,77.5341,2026-03-04T22:21:01.000Z,TRUE,82,124,379,9,22,56,47,2,0,0,Mist,22.6,72.8,23.4,14.6,25,0,0,30,1016,23.1,73.6,0,5,3,338,NNW,11.2,6.9,Low,3/4/2026
success,"Baliawas, Gurgaon, Haryana, India",Gurgaon,Haryana,India,Gurgaon,Asia/Kolkata,28.456,77.029,11300,28.456,77.029,29,76,2026-03-04T22:31:00.000Z,TRUE,85,133,378,9,22,62,50,2,0,0,Mist,23.4,74,32.5,20.2,65,0,0,29.91,1013,24,75.2,0,4.5,2,284,WNW,15.5,9.6,Low,3/4/2026
success,"Athirappilly, Kochi, Kerala, India",Kochi,Kerala,India,Kochi,Asia/Kolkata,9.9312,76.2673,VIR11633,9.9312,76.2673,10.3529,76.512,2026-03-04T22:31:00.000Z,TRUE,109,154,375,8,22,72,62,2,0,50,Mist,29.9,85.8,5.2,3.2,84,0,0,29.91,1013,27.1,80.8,0,4,2,187,S,3.6,2.2,Low,3/4/2026
success,"Laxmi Sagar, Bhubaneswar, Odisha, India",Bhubaneswar,Odisha,India,Bhubaneswar,Asia/Kolkata,20.2644,85.8281,PLLODA000512,20.2644,85.8281,20.5431,84.6897,2026-03-04T22:31:00.000Z,TRUE,200,174,390,8,22,104,90,2,0,0,Mist,30,86.1,24.2,15.1,79,0,0,29.83,1010,26.2,79.2,0,3,1,172,S,12.6,7.8,Low,3/4/2026
success,"Gandhi Nagar Colony, Ranchi, Jharkhand, India",Ranchi,Jharkhand,India,Ranchi,Asia/Kolkata,23.36,85.33,VIR18962,23.36,85.33,23.456,85.2557,2026-03-04T22:31:00.000Z,TRUE,76,125,379,8,23,58,46,2,0,0,Mist,20.3,68.5,20.4,12.7,40,0,0,30,1016,20.3,68.5,0,4,2,313,NW,9.7,6,Low,3/4/2026
success,"Vidya Nagar, Madgaon, Goa, India",Madgaon,Goa,India,Madgaon,Asia/Kolkata,15.33,73.98,ACA704868534,15.33,73.98,15.3005,74.0855,2026-03-04T22:31:00.000Z,TRUE,140,162,,,,81,72,,0,22,Clear,26.9,80.5,5.8,3.6,93,0,0,29.91,1013,24.3,75.7,0,10,6,16,NNE,3.6,2.2,Low,3/4/2026
success,"Ward 27, Jaipur, Rajasthan, India",Jaipur,Rajasthan,India,Jaipur,Asia/Kolkata,26.8845,75.7933,VIR10340,26.8845,75.7933,26.8106,73.7685,2026-03-04T22:21:01.000Z,TRUE,88,135,376,9,21,63,51,2,0,0,Mist,25.3,77.6,22.7,14.1,32,0,0,29.97,1015,27.1,80.8,0,3,1,325,NW,10.8,6.7,Low,3/4/2026
success,"Ie, Raipur, Chhattisgarh, India",Raipur,Chhattisgarh,India,Raipur,Asia/Kolkata,21.2444,81.6306,VIR18914,21.2444,81.6306,21.6637,81.8406,2026-03-04T22:21:01.000Z,TRUE,96,135,385,9,22,64,53,2,0,0,Clear,24.6,76.2,20.4,12.7,16,0,0,29.87,1012,26.1,79.1,0,10,6,308,NW,9.7,6,Low,3/4/2026
success,"Bongshar, Guwahati, Assam, India",Guwahati,Assam,India,Guwahati,Asia/Kolkata,26.1722,91.7458,VIR8658,26.1722,91.7458,26.4074,93.2551,2026-03-04T22:21:01.000Z,TRUE,305,195,396,8,22,155,129,2,0,25,Mist,23.6,74.5,12.1,7.5,69,0,0,29.85,1011,22.1,71.8,0,2.5,1,218,SW,5.8,3.6,Low,3/4/2026
success,"Mithapur, Patna, Bihar, India",Patna,Bihar,India,Patna,Asia/Kolkata,25.594,85.1376,PLLODA000424,25.594,85.1376,25.6441,85.9065,2026-03-04T22:31:00.000Z,TRUE,251,185,384,8,21,127,109,2,0,0,Mist,23,73.4,13.6,8.5,65,0,0,29.85,1011,23.4,74.1,0,3.5,2,68,ENE,6.5,4,Low,3/4/2026
success,"Landour, Dehradun, Uttarakhand, India",Dehradun,Uttarakhand,India,Dehradun,Asia/Kolkata,30.345,78.029,12541,30.345,78.029,30.0417,79.0897,2026-03-04T22:31:00.000Z,TRUE,161,161,372,8,22,92,77,2,0,0,Clear,18.7,65.6,23.4,14.6,26,0,0,29.94,1014,18.7,65.6,0,10,6,40,NE,11.2,6.9,Low,3/4/2026
success,"Bani, Shimla, Himachal Pradesh, India",Shimla,Himachal Pradesh,India,Shimla,Asia/Kolkata,31.1033,77.1722,VIR21213,31.1033,77.1722,31.9292,77.1828,2026-03-04T22:31:00.000Z,TRUE,35,72,367,8,22,25,21,2,0,0,Clear,16.9,62.4,19.7,12.2,30,0,0,30.01,1016,16.9,62.4,0,10,6,47,NE,9.4,5.8,Low,3/4/2026
success,"Nhpc Quarters, Gangtok, Sikkim, India",Gangtok,Sikkim,India,Gangtok,Asia/Kolkata,27.33,88.62,VIR7722,27.33,88.62,27.601,88.4541,2026-03-04T22:31:00.000Z,TRUE,131,152,391,8,21,77,68,2,0,2,Clear,4.9,40.9,15.9,9.9,46,0,0,30.04,1017,6.5,43.6,0,10,6,33,NNE,7.6,4.7,Low,3/4/2026
success,"Soni Ni Chali, Ahmedabad, Gujarat, India",Ahmedabad,Gujarat,India,Ahmedabad,Asia/Kolkata,23.0225,72.5714,VIR215,23.0225,72.5714,22.385,71.7453,2026-03-05T23:51:02.000Z,TRUE,72,114,515,18,14,52,42,5,0,0,Overcast,25.2,77.4,34.8,21.6,34,0,0,29.88,1012,26.1,79,1,4,2,307,NW,16.6,10.3,Low,3/5/2026
success,"Tavarekere, Bangalore, Karnataka, India",Bangalore,Karnataka,India,Bangalore,Asia/Kolkata,12.9789,77.5917,VIR1721,12.9789,77.5917,14.5204,75.7224,2026-03-05T23:41:01.000Z,TRUE,109,149,454,23,18,75,60,5,0,0,Clear,23.9,75.1,20.3,12.6,47,0,0,30.03,1017,23.3,73.9,1,6,3,104,ESE,11.2,6.9,Low,3/5/2026
success,"Sivakami Nagar, Chennai, Tamil Nadu, India",Chennai,Tamil Nadu,India,Chennai,Asia/Kolkata,13.0825,80.275,14144,13.0825,80.275,10.9094,78.3665,2026-03-05T23:41:01.000Z,TRUE,59,101,547,4,12,43,36,2,0,25,Clear,32.1,89.8,27.1,16.8,79,0,0,29.8,1009,28.2,82.8,1,6,3,177,S,16.2,10.1,Low,3/5/2026
success,"Kompally, Hyderabad, Telangana, India",Hyderabad,Telangana,India,Hyderabad,Asia/Kolkata,17.4399,78.4983,14149,17.4399,78.4983,17.8496,79.1152,2026-03-05T23:41:01.000Z,TRUE,126,160,584,9,12,84,69,3,0,0,Clear,24.6,76.3,21.2,13.2,17,0,0,29.84,1010,26.2,79.2,1,10,6,10,N,10.1,6.3,Low,3/5/2026
success,"Kamardanga, Kolkata, West Bengal, India",Kolkata,West Bengal,India,Kolkata,Asia/Kolkata,22.62,88.42,VIR5520,22.62,88.42,22.9965,87.6856,2026-03-05T23:51:02.000Z,TRUE,230,182,460,12,12,123,103,2,0,25,Mist,26.4,79.6,21.2,13.2,83,0,0,29.8,1009,25.2,77.4,1,2.8,1,190,S,10.1,6.3,Low,3/5/2026
success,"Malad, Mumbai, Maharashtra, India",Mumbai,Maharashtra,India,Mumbai,Asia/Kolkata,19.0761,72.8775,VIR15287,19.0761,72.8775,18.9068,75.6742,2026-03-05T23:41:01.000Z,TRUE,89,137,426,20,16,64,52,4,0,0,Overcast,39.1,102.3,40.5,25.2,30,0,0,29.85,1011,32.4,90.3,1,3,1,342,NNW,23.4,14.5,Low,3/5/2026
success,"Dwarka, New Delhi, Delhi, India",New Delhi,Delhi,India,New Delhi,Asia/Kolkata,28.6325,77.2205,8181,28.6325,77.2205,28.6274,77.1717,2026-03-05T23:51:01.000Z,TRUE,109,150,525,14,17,76,61,4,0,0,Mist,23.9,75,31.8,19.7,54,0,0,29.83,1010,25.1,77.2,1,4,2,285,WNW,15.1,9.4,Low,3/5/2026
success,"Manjri, Pune, Maharashtra, India",Pune,Maharashtra,India,Pune,Asia/Kolkata,18.5203,73.8567,3767,18.5203,73.8567,18.9068,75.6742,2026-03-05T23:51:01.000Z,TRUE,93,143,386,9,24,66,54,2,0,0,Clear,23.9,75,18.9,11.7,27,0,0,29.89,1012,24,75.3,1,10,6,296,WNW,9,5.6,Low,3/5/2026
success,"Haibat Mau Mawaiya, Lucknow, Uttar Pradesh, India",Lucknow,Uttar Pradesh,India,Lucknow,Asia/Kolkata,26.85,80.95,VIR13353,26.85,80.95,27.1303,80.8597,2026-03-05T23:51:02.000Z,TRUE,350,256,365,8,13,222,187,4,0,0,Mist,22.3,72.1,18.1,11.3,88,0,0,29.8,1009,22,71.6,1,3,1,82,E,8.6,5.4,Low,3/5/2026
success,"Allowal, Ludhiana, Punjab, India",Ludhiana,Punjab,India,Ludhiana,Asia/Kolkata,30.91,75.85,PLLODA000042,30.91,75.85,30.9293,75.5005,2026-03-05T23:41:01.000Z,TRUE,326,220,442,9,22,187,158,2,0,0,Clear,22.7,72.9,19.7,12.2,23,0,0,29.76,1008,22.6,72.7,1,10,6,324,NW,9.4,5.8,Low,3/5/2026
success,"Bagsewaniya, Bhopal, Madhya Pradesh, India",Bhopal,Madhya Pradesh,India,Bhopal,Asia/Kolkata,23.2599,77.4126,VIR2430,23.2599,77.4126,23.8143,77.5341,2026-03-05T23:51:02.000Z,TRUE,88,129,926,32,16,62,50,8,0,0,Clear,22.7,72.9,13.6,8.5,29,0,0,29.94,1014,23.2,73.8,1,6,3,348,NNW,6.5,4,Low,3/5/2026
success,"Baliawas, Gurgaon, Haryana, India",Gurgaon,Haryana,India,Gurgaon,Asia/Kolkata,28.456,77.029,11300,28.456,77.029,29,76,2026-03-05T23:51:01.000Z,TRUE,124,157,446,8,21,80,66,2,0,0,Mist,23.9,75,31.8,19.7,54,0,0,29.83,1010,25.1,77.2,1,4,2,287,WNW,15.1,9.4,Low,3/5/2026
success,"Kathrikadavu, Kochi, Kerala, India",Kochi,Kerala,India,Kochi,Asia/Kolkata,9.9312,76.2673,PLLODA000140,9.9312,76.2673,10.3529,76.512,2026-03-05T23:51:02.000Z,TRUE,142,161,369,8,24,83,73,2,0,50,Mist,30.7,87.3,7.6,4.7,84,0,0,29.85,1011,27.2,81,1,4,2,348,NNW,4.7,2.9,Low,3/5/2026
success,"Arunika Vihar, Bhubaneswar, Odisha, India",Bhubaneswar,Odisha,India,Bhubaneswar,Asia/Kolkata,20.2644,85.8281,VIR2431,20.2644,85.8281,20.5431,84.6897,2026-03-05T23:51:02.000Z,TRUE,184,165,393,8,24,98,84,2,0,50,Mist,27.7,81.9,16.6,10.3,94,0,0,29.77,1008,25.2,77.4,1,2,1,139,SE,7.9,4.9,Low,3/5/2026
success,"Gandhi Nagar Colony, Ranchi, Jharkhand, India",Ranchi,Jharkhand,India,Ranchi,Asia/Kolkata,23.36,85.33,VIR18962,23.36,85.33,23.456,85.2557,2026-03-05T23:51:02.000Z,TRUE,164,164,384,8,23,89,79,2,0,0,Mist,21.3,70.3,12.1,7.5,56,0,0,29.94,1014,21.3,70.3,1,4,2,320,NW,5.8,3.6,Low,3/5/2026
success,"Vidya Nagar, Madgaon, Goa, India",Madgaon,Goa,India,Madgaon,Asia/Kolkata,15.33,73.98,ACA704868534,15.33,73.98,15.3005,74.0855,2026-03-05T23:51:36.000Z,TRUE,227,181,,,,110,98,,0,0,Clear,25.5,77.9,8,4.9,88,0,0,29.84,1011,23.4,74,1,10,6,85,E,4,2.5,Low,3/5/2026
success,"Ward 27, Jaipur, Rajasthan, India",Jaipur,Rajasthan,India,Jaipur,Asia/Kolkata,26.8845,75.7933,VIR10340,26.8845,75.7933,26.8106,73.7685,2026-03-05T23:51:02.000Z,TRUE,90,134,610,16,18,64,51,4,0,0,Mist,23.4,74.2,21.2,13.2,47,0,0,29.88,1012,24.1,75.4,1,3,1,310,NW,10.1,6.3,Low,3/5/2026
success,"Ie, Raipur, Chhattisgarh, India",Raipur,Chhattisgarh,India,Raipur,Asia/Kolkata,21.2444,81.6306,VIR18914,21.2444,81.6306,21.6637,81.8406,2026-03-05T23:51:02.000Z,TRUE,74,120,363,8,22,55,44,2,0,0,Clear,24.8,76.6,22.7,14.1,19,0,0,29.78,1009,26.4,79.5,1,10,6,334,NNW,10.8,6.7,Low,3/5/2026
success,"Bongshar, Guwahati, Assam, India",Guwahati,Assam,India,Guwahati,Asia/Kolkata,26.1722,91.7458,VIR8658,26.1722,91.7458,26.4074,93.2551,2026-03-05T23:51:02.000Z,TRUE,311,205,860,7,5,160,137,18,0,50,Mist,24.1,75.4,13.6,8.5,69,0,0,29.83,1010,23,73.4,1,2.5,1,221,SW,6.5,4,Low,3/5/2026
success,"Gulzarbagh, Patna, Bihar, India",Patna,Bihar,India,Patna,Asia/Kolkata,25.594,85.1376,VIR17517,25.594,85.1376,25.6441,85.9065,2026-03-05T23:51:02.000Z,TRUE,306,209,1000,8,17,169,142,1,0,0,Mist,22.9,73.3,18.9,11.7,78,0,0,29.8,1009,22.3,72.1,1,3,1,54,NE,9,5.6,Low,3/5/2026
success,"Landour, Dehradun, Uttarakhand, India",Dehradun,Uttarakhand,India,Dehradun,Asia/Kolkata,30.345,78.029,12541,30.345,78.029,30.0417,79.0897,2026-03-05T23:51:01.000Z,TRUE,260,186,358,8,19,135,110,2,0,0,Clear,19.1,66.3,21.2,13.2,32,0,0,29.87,1011,19.1,66.3,1,10,6,44,NE,10.1,6.3,Low,3/5/2026
success,"Bani, Shimla, Himachal Pradesh, India",Shimla,Himachal Pradesh,India,Shimla,Asia/Kolkata,31.1033,77.1722,VIR21213,31.1033,77.1722,31.9292,77.1828,2026-03-05T23:51:02.000Z,TRUE,29,66,354,9,23,20,18,2,0,0,Clear,17.3,63.2,20.4,12.7,39,0,0,29.92,1013,17.3,63.2,1,10,6,60,ENE,9.7,6,Low,3/5/2026
success,"Upper Tadong, Gangtok, Sikkim, India",Gangtok,Sikkim,India,Gangtok,Asia/Kolkata,27.33,88.62,-199528,27.33,88.62,27.601,88.4541,2026-03-05T23:51:02.000Z,TRUE,78,122,232,2,6,60,46,4,0,5,Clear,5.6,42,14.4,8.9,52,0,0,29.99,1016,6.8,44.3,1,10,6,37,NE,6.8,4.3,Low,3/5/2026
success,"Soni Ni Chali, Ahmedabad, Gujarat, India",Ahmedabad,Gujarat,India,Ahmedabad,Asia/Kolkata,23.0225,72.5714,VIR215,23.0225,72.5714,22.385,71.7453,2026-03-06T22:31:00.000Z,TRUE,118,148,786,58,20,77,63,8,0,0,Overcast,25.2,77.4,23.4,14.6,37,0,0,29.83,1010,27,80.6,1,4,2,307,NW,11.2,6.9,Low,3/6/2026
success,"Tavarekere, Bangalore, Karnataka, India",Bangalore,Karnataka,India,Bangalore,Asia/Kolkata,12.9789,77.5917,VIR1721,12.9789,77.5917,14.5204,75.7224,2026-03-06T22:31:00.000Z,TRUE,130,158,506,12,23,81,68,2,0,0,Clear,24.8,76.7,24.1,15,39,0,0,30,1016,26.2,79.2,1,6,3,104,ESE,13,8.1,Low,3/6/2026
success,"Sivakami Nagar, Chennai, Tamil Nadu, India",Chennai,Tamil Nadu,India,Chennai,Asia/Kolkata,13.0825,80.275,14144,13.0825,80.275,10.9094,78.3665,2026-03-06T22:21:02.000Z,TRUE,84,136,516,6,17,62,50,2,0,25,Clear,32.1,89.7,28.4,17.6,84,0,0,29.8,1009,28,82.4,1,6,3,151,SSE,17.3,10.7,Low,3/6/2026
success,"Kompally, Hyderabad, Telangana, India",Hyderabad,Telangana,India,Hyderabad,Asia/Kolkata,17.4399,78.4983,14149,17.4399,78.4983,17.8496,79.1152,2026-03-06T22:21:02.000Z,TRUE,109,148,548,9,14,73,60,5,0,0,Clear,23.9,74.9,7.6,4.7,36,0,0,29.94,1014,25.1,77.2,1,6,3,62,ENE,3.6,2.2,Low,3/6/2026
success,"Kamardanga, Kolkata, West Bengal, India",Kolkata,West Bengal,India,Kolkata,Asia/Kolkata,22.62,88.42,VIR5520,22.62,88.42,22.9965,87.6856,2026-03-06T22:21:01.000Z,TRUE,172,165,459,13,10,95,81,2,0,0,Mist,27.2,81,25.4,15.8,83,0,0,29.85,1011,25.1,77.2,1,3.5,2,176,S,14.4,8.9,Low,3/6/2026
success,"Worli, Mumbai, Maharashtra, India",Mumbai,Maharashtra,India,Mumbai,Asia/Kolkata,19.0761,72.8775,13706,19.0761,72.8775,18.9068,75.6742,2026-03-06T22:21:01.000Z,TRUE,96,140,356,11,19,67,54,3,0,0,Overcast,32.1,89.8,30.2,18.8,45,0,0,29.85,1011,29.3,84.7,1,3.5,2,343,NNW,18,11.2,Low,3/6/2026
success,"Lajpat Nagar, New Delhi, Delhi, India",New Delhi,Delhi,India,New Delhi,Asia/Kolkata,28.6325,77.2205,PLLODA000003,28.6325,77.2205,28.6274,77.1717,2026-03-06T22:21:01.000Z,TRUE,256,189,610,17,19,138,114,3,0,0,Mist,23.9,74.9,13.6,8.5,61,0,0,29.85,1011,25.1,77.2,1,4.5,2,10,N,6.5,4,Low,3/6/2026
success,"Manjri, Pune, Maharashtra, India",Pune,Maharashtra,India,Pune,Asia/Kolkata,18.5203,73.8567,3767,18.5203,73.8567,18.9068,75.6742,2026-03-06T22:21:01.000Z,TRUE,98,146,380,8,27,69,57,2,0,0,Clear,24.4,75.9,23.3,14.5,32,0,0,29.89,1012,24.2,75.6,1,10,6,283,WNW,11.2,6.9,Low,3/6/2026
success,"Charbagh, Lucknow, Uttar Pradesh, India",Lucknow,Uttar Pradesh,India,Lucknow,Asia/Kolkata,26.85,80.95,PLLODX000007,26.85,80.95,27.1303,80.8597,2026-03-06T22:31:00.000Z,TRUE,331,233,475,10,8,193,163,5,0,0,Mist,23.4,74.1,14.4,8.9,65,0,0,29.85,1011,24.1,75.4,1,3,1,80,E,6.8,4.3,Low,3/6/2026
success,"Allowal, Ludhiana, Punjab, India",Ludhiana,Punjab,India,Ludhiana,Asia/Kolkata,30.91,75.85,PLLODA000042,30.91,75.85,30.9293,75.5005,2026-03-06T22:21:01.000Z,TRUE,231,179,782,13,15,120,101,7,0,9,Clear,22.9,73.2,6,3.8,23,0,0,29.79,1009,23,73.3,1,10,6,201,SSW,3.6,2.2,Low,3/6/2026
success,"Bagsewaniya, Bhopal, Madhya Pradesh, India",Bhopal,Madhya Pradesh,India,Bhopal,Asia/Kolkata,23.2599,77.4126,VIR2430,23.2599,77.4126,23.8143,77.5341,2026-03-06T22:21:01.000Z,TRUE,83,135,812,13,42,64,50,6,0,0,Mist,22.7,72.9,19.7,12.2,29,0,0,29.91,1013,23.2,73.8,1,5,3,343,NNW,9.4,5.8,Low,3/6/2026
success,"Baliawas, Gurgaon, Haryana, India",Gurgaon,Haryana,India,Gurgaon,Asia/Kolkata,28.456,77.029,11300,28.456,77.029,29,76,2026-03-06T22:21:01.000Z,TRUE,210,178,434,8,25,113,96,2,0,0,Mist,23.8,74.8,13.6,8.5,61,0,0,29.85,1011,25,77,1,4.5,2,336,NNW,6.5,4,Low,3/6/2026
success,"Athirappilly, Kochi, Kerala, India",Kochi,Kerala,India,Kochi,Asia/Kolkata,9.9312,76.2673,VIR11633,9.9312,76.2673,10.3529,76.512,2026-03-06T22:21:01.000Z,TRUE,104,152,388,7,26,72,60,2,0,25,Mist,35.7,96.2,14.8,9.2,75,0,0.1,29.85,1011,29.3,84.7,1,4,2,283,WNW,9.4,5.8,Low,3/6/2026
success,"Arunika Vihar, Bhubaneswar, Odisha, India",Bhubaneswar,Odisha,India,Bhubaneswar,Asia/Kolkata,20.2644,85.8281,VIR2431,20.2644,85.8281,20.5431,84.6897,2026-03-06T22:31:00.000Z,TRUE,134,157,362,8,26,80,69,2,0,0,Mist,29.5,85.2,16.5,10.2,84,0,0,29.83,1010,26,78.8,1,3.5,2,174,S,10.4,6.5,Low,3/6/2026
success,"Gandhi Nagar Colony, Ranchi, Jharkhand, India",Ranchi,Jharkhand,India,Ranchi,Asia/Kolkata,23.36,85.33,VIR18962,23.36,85.33,23.456,85.2557,2026-03-06T22:31:00.000Z,TRUE,178,166,394,7,26,100,83,2,0,50,Mist,23.9,74.9,16.6,10.3,57,0,0,29.94,1014,22.2,72,1,3.5,2,118,ESE,7.9,4.9,Low,3/6/2026
success,"Vidya Nagar, Madgaon, Goa, India",Madgaon,Goa,India,Madgaon,Asia/Kolkata,15.33,73.98,ACA704868534,15.33,73.98,15.3005,74.0855,2026-03-06T22:31:00.000Z,TRUE,270,196,,,,133,118,,0,0,Clear,25.4,77.7,6.8,4.2,86,0,0,29.85,1011,23.3,73.9,1,10,6,120,ESE,3.6,2.2,Low,3/6/2026
success,"Ward 27, Jaipur, Rajasthan, India",Jaipur,Rajasthan,India,Jaipur,Asia/Kolkata,26.8845,75.7933,VIR10340,26.8845,75.7933,26.8106,73.7685,2026-03-06T22:21:01.000Z,TRUE,136,153,902,17,9,84,68,7,0,0,Mist,23.9,74.9,19.7,12.2,30,0,0,29.88,1012,25.1,77.2,1,3,1,317,NW,9.4,5.8,Low,3/6/2026
success,"Ie, Raipur, Chhattisgarh, India",Raipur,Chhattisgarh,India,Raipur,Asia/Kolkata,21.2444,81.6306,VIR18914,21.2444,81.6306,21.6637,81.8406,2026-03-06T22:31:00.000Z,TRUE,88,138,376,7,28,65,52,2,0,0,Clear,25.9,78.7,21.2,13.2,17,0,0,29.79,1009,27.9,82.2,1,10,6,353,N,10.1,6.3,Low,3/6/2026
success,"Bongshar, Guwahati, Assam, India",Guwahati,Assam,India,Guwahati,Asia/Kolkata,26.1722,91.7458,VIR8658,26.1722,91.7458,26.4074,93.2551,2026-03-06T22:31:00.000Z,TRUE,323,212,843,1,5,169,150,12,0,50,Mist,24.6,76.2,17.4,10.8,69,0,0,29.83,1010,24.2,75.6,1,2.5,1,230,SW,8.3,5.1,Low,3/6/2026
success,"Gulzarbagh, Patna, Bihar, India",Patna,Bihar,India,Patna,Asia/Kolkata,25.594,85.1376,VIR17517,25.594,85.1376,25.6441,85.9065,2026-03-06T22:21:01.000Z,TRUE,319,216,704,6,17,183,151,2,0,0,Mist,25.3,77.5,22.7,14.1,61,0,0,29.83,1010,26.1,79,1,3,1,80,E,10.8,6.7,Low,3/6/2026
success,"Landour, Dehradun, Uttarakhand, India",Dehradun,Uttarakhand,India,Dehradun,Asia/Kolkata,30.345,78.029,12541,30.345,78.029,30.0417,79.0897,2026-03-06T22:31:00.000Z,TRUE,280,195,356,5,22,148,123,2,0,2,Clear,19.2,66.5,21.3,13.3,32,0,0,29.94,1014,19.2,66.5,1,10,6,44,NE,10.4,6.5,Low,3/6/2026
success,"Bani, Shimla, Himachal Pradesh, India",Shimla,Himachal Pradesh,India,Shimla,Asia/Kolkata,31.1033,77.1722,VIR21213,31.1033,77.1722,31.9292,77.1828,2026-03-06T22:31:00.000Z,TRUE,125,141,384,8,27,79,62,2,0,18,Clear,18.4,65.1,15.1,9.4,37,0,0,29.96,1015,18.4,65.1,1,10,6,70,ENE,7.6,4.7,Low,3/6/2026
success,"Nhpc Quarters, Gangtok, Sikkim, India",Gangtok,Sikkim,India,Gangtok,Asia/Kolkata,27.33,88.62,VIR7722,27.33,88.62,27.601,88.4541,2026-03-06T22:31:00.000Z,TRUE,71,116,190,3,6,63,42,2,0,9,Clear,5.9,42.6,14.4,8.9,60,0,0,30.05,1018,7.1,44.8,1,10,6,39,NE,6.8,4.3,Low,3/6/2026
success,"Bopal, Ahmedabad, Gujarat, India",Ahmedabad,Gujarat,India,Ahmedabad,Asia/Kolkata,23.0225,72.5714,13747,23.0225,72.5714,22.385,71.7453,2026-03-07T22:11:02.000Z,TRUE,145,160,611,14,32,89,73,3,0,0,Overcast,25.3,77.6,28,17.4,42,0,0,29.85,1011,27,80.6,1,3.5,2,312,NW,13.3,8.3,Low,3/7/2026
success,"Tavarekere, Bangalore, Karnataka, India",Bangalore,Karnataka,India,Bangalore,Asia/Kolkata,12.9789,77.5917,VIR1721,12.9789,77.5917,14.5204,75.7224,2026-03-07T22:11:02.000Z,TRUE,114,155,434,9,25,77,64,2,0,0,Clear,25.5,77.8,27.1,16.8,44,0,0,30.03,1017,25.2,77.4,1,6,3,123,ESE,16.2,10.1,Low,3/7/2026
success,"Abhiramapuram, Chennai, Tamil Nadu, India",Chennai,Tamil Nadu,India,Chennai,Asia/Kolkata,13.0825,80.275,PLLODA000062,13.0825,80.275,10.9094,78.3665,2026-03-07T22:11:02.000Z,TRUE,67,112,560,5,19,49,40,2,0,0,Clear,32,89.6,29.1,18.1,84,0,0,29.85,1011,28.1,82.6,1,6,3,139,SE,18.7,11.6,Low,3/7/2026
success,"Kompally, Hyderabad, Telangana, India",Hyderabad,Telangana,India,Hyderabad,Asia/Kolkata,17.4399,78.4983,14149,17.4399,78.4983,17.8496,79.1152,2026-03-07T22:11:02.000Z,TRUE,132,158,450,8,15,82,69,3,0,0,Mist,24,75.2,13.6,8.5,41,0,0,29.97,1015,25.3,77.5,1,5,3,44,NE,6.5,4,Low,3/7/2026
success,"Kamardanga, Kolkata, West Bengal, India",Kolkata,West Bengal,India,Kolkata,Asia/Kolkata,22.62,88.42,VIR5520,22.62,88.42,22.9965,87.6856,2026-03-07T22:11:02.000Z,TRUE,145,159,352,11,10,86,72,2,0,50,Mist,27.8,82,22.5,14,89,0,0,29.91,1013,25.3,77.5,1,3.2,1,169,S,13.7,8.5,Low,3/7/2026
success,"Mahalakshmi, Mumbai, Maharashtra, India",Mumbai,Maharashtra,India,Mumbai,Asia/Kolkata,19.0761,72.8775,11921,19.0761,72.8775,18.9068,75.6742,2026-03-07T22:11:01.000Z,TRUE,132,160,384,28,22,83,70,2,0,0,Overcast,30.2,86.3,30.5,18.9,62,0,0,29.85,1011,28.1,82.6,1,3,1,346,NNW,16.6,10.3,Low,3/7/2026
success,"Vivek Vihar, New Delhi, Delhi, India",New Delhi,Delhi,India,New Delhi,Asia/Kolkata,28.6325,77.2205,10118,28.6325,77.2205,28.6274,77.1717,2026-03-07T22:11:01.000Z,TRUE,260,191,577,21,19,140,116,3,0,0,Mist,24,75.2,17.4,10.8,51,0,0,29.91,1013,25.3,77.5,1,4.5,2,308,NW,8.3,5.1,Low,3/7/2026
success,"Manjri, Pune, Maharashtra, India",Pune,Maharashtra,India,Pune,Asia/Kolkata,18.5203,73.8567,3767,18.5203,73.8567,18.9068,75.6742,2026-03-07T22:01:00.000Z,TRUE,105,147,378,8,27,71,59,2,0,0,Clear,24.9,76.9,8.3,5.2,18,0,0,29.89,1012,26.6,79.9,1,10,6,16,NNE,4,2.5,Low,3/7/2026
success,"Haibat Mau Mawaiya, Lucknow, Uttar Pradesh, India",Lucknow,Uttar Pradesh,India,Lucknow,Asia/Kolkata,26.85,80.95,VIR13353,26.85,80.95,27.1303,80.8597,2026-03-07T22:11:02.000Z,TRUE,343,251,428,10,9,214,180,4,0,0,Mist,24.3,75.8,7.6,4.7,69,0,0,29.88,1012,25.2,77.4,1,3.5,2,257,WSW,3.6,2.2,Low,3/7/2026
success,"Phase 2, Ludhiana, Punjab, India",Ludhiana,Punjab,India,Ludhiana,Asia/Kolkata,30.91,75.85,VIR13356,30.91,75.85,30.9293,75.5005,2026-03-07T22:11:02.000Z,TRUE,300,200,777,12,12,157,132,5,0,32,Partly Cloudy,23.2,73.8,16.6,10.3,21,0,0,29.86,1011,23.8,74.9,1,10,6,60,ENE,7.9,4.9,Low,3/7/2026
success,"Kasera Bazar, Bhopal, Madhya Pradesh, India",Bhopal,Madhya Pradesh,India,Bhopal,Asia/Kolkata,23.2599,77.4126,PLLODA000552,23.2599,77.4126,23.8143,77.5341,2026-03-07T22:11:02.000Z,TRUE,127,153,616,23,22,80,66,15,0,0,Clear,23.3,73.9,19.7,12.2,34,0,0,29.97,1015,24.2,75.6,1,6,3,16,NNE,9.4,5.8,Low,3/7/2026
success,"Baliawas, Gurgaon, Haryana, India",Gurgaon,Haryana,India,Gurgaon,Asia/Kolkata,28.456,77.029,11300,28.456,77.029,29,76,2026-03-07T22:11:01.000Z,TRUE,203,177,421,8,25,114,95,2,0,0,Mist,24,75.2,16.6,10.3,51,0,0,29.91,1013,25.3,77.5,1,4.5,2,272,W,7.9,4.9,Low,3/7/2026
success,"Athirappilly, Kochi, Kerala, India",Kochi,Kerala,India,Kochi,Asia/Kolkata,9.9312,76.2673,VIR11633,9.9312,76.2673,10.3529,76.512,2026-03-07T22:11:02.000Z,TRUE,111,154,384,7,25,75,63,2,0,50,Mist,33.1,91.7,11.3,7,84,0,0,29.85,1011,28.2,82.8,1,4,2,319,NW,7.2,4.5,Low,3/7/2026
success,"Laxmi Sagar, Bhubaneswar, Odisha, India",Bhubaneswar,Odisha,India,Bhubaneswar,Asia/Kolkata,20.2644,85.8281,PLLODA000512,20.2644,85.8281,20.5431,84.6897,2026-03-07T22:11:02.000Z,TRUE,135,161,398,7,27,82,70,2,0,50,Mist,29.9,85.8,16.8,10.4,89,0,0,29.88,1012,26.4,79.5,1,2.5,1,188,S,10.1,6.3,Low,3/7/2026
success,"Gandhi Nagar Colony, Ranchi, Jharkhand, India",Ranchi,Jharkhand,India,Ranchi,Asia/Kolkata,23.36,85.33,VIR18962,23.36,85.33,23.456,85.2557,2026-03-07T22:11:02.000Z,TRUE,150,161,368,8,25,86,75,2,0,50,Mist,24,75.3,12.6,7.8,57,0,0,30,1016,22.3,72.1,1,3,1,120,ESE,6.5,4,Low,3/7/2026
success,"Vidya Nagar, Madgaon, Goa, India",Madgaon,Goa,India,Madgaon,Asia/Kolkata,15.33,73.98,ACA704868534,15.33,73.98,15.3005,74.0855,2026-03-07T22:11:38.000Z,TRUE,198,175,,,,99,90,,0,0,Clear,26,78.8,13.2,8.2,84,0,0,29.87,1011,23.9,75.1,1,10,6,350,N,6.8,4.3,Low,3/7/2026
success,"Ward 27, Jaipur, Rajasthan, India",Jaipur,Rajasthan,India,Jaipur,Asia/Kolkata,26.8845,75.7933,VIR10340,26.8845,75.7933,26.8106,73.7685,2026-03-07T22:11:02.000Z,TRUE,125,150,908,20,10,79,65,5,0,0,Mist,24.5,76.2,18.1,11.3,34,0,0,29.94,1014,26.1,79,1,3.5,2,327,NNW,8.6,5.4,Low,3/7/2026
success,"Ie, Raipur, Chhattisgarh, India",Raipur,Chhattisgarh,India,Raipur,Asia/Kolkata,21.2444,81.6306,VIR18914,21.2444,81.6306,21.6637,81.8406,2026-03-07T22:11:02.000Z,TRUE,148,160,342,7,27,89,73,2,0,0,Clear,25.3,77.6,12.9,8,19,0,0,29.83,1010,27.2,80.9,1,10,6,109,ESE,6.1,3.8,Low,3/7/2026
success,"Bongshar, Guwahati, Assam, India",Guwahati,Assam,India,Guwahati,Asia/Kolkata,26.1722,91.7458,VIR8658,26.1722,91.7458,26.4074,93.2551,2026-03-07T22:11:02.000Z,TRUE,301,198,1000,6,5,150,128,21,0,50,Mist,25.3,77.6,18.9,11.7,65,0,0,29.88,1012,25.1,77.2,1,2.5,1,238,WSW,9,5.6,Low,3/7/2026
success,"Gulzarbagh, Patna, Bihar, India",Patna,Bihar,India,Patna,Asia/Kolkata,25.594,85.1376,VIR17517,25.594,85.1376,25.6441,85.9065,2026-03-07T22:11:02.000Z,TRUE,341,239,849,8,20,216,176,2,0,0,Mist,25.7,78.3,23.4,14.6,74,0,0,29.88,1012,26.1,79,1,2.5,1,83,E,11.2,6.9,Low,3/7/2026
success,"Landour, Dehradun, Uttarakhand, India",Dehradun,Uttarakhand,India,Dehradun,Asia/Kolkata,30.345,78.029,12541,30.345,78.029,30.0417,79.0897,2026-03-07T22:11:01.000Z,TRUE,289,218,368,4,22,164,133,2,0,2,Clear,19.2,66.5,22.7,14.1,33,0,0,30,1016,19.2,66.5,1,10,6,43,NE,10.8,6.7,Low,3/7/2026
success,"Bani, Shimla, Himachal Pradesh, India",Shimla,Himachal Pradesh,India,Shimla,Asia/Kolkata,31.1033,77.1722,VIR21213,31.1033,77.1722,31.9292,77.1828,2026-03-07T22:11:02.000Z,TRUE,37,77,389,7,25,25,22,2,0,32,Partly Cloudy,17.5,63.5,17,10.6,37,0,0,30.04,1017,17.5,63.5,1,10,6,65,ENE,8.3,5.1,Low,3/7/2026
success,"Nhpc Quarters, Gangtok, Sikkim, India",Gangtok,Sikkim,India,Gangtok,Asia/Kolkata,27.33,88.62,VIR7722,27.33,88.62,27.601,88.4541,2026-03-07T22:01:00.000Z,TRUE,75,122,188,2,8,66,45,2,0,21,Clear,10.5,50.9,4.5,2.8,65,0,0,30.07,1018,10.5,50.9,1,10,6,34,NE,3.6,2.2,Low,3/7/2026
success,"Maninagar, Ahmedabad, Gujarat, India",Ahmedabad,Gujarat,India,Ahmedabad,Asia/Kolkata,23.0225,72.5714,8192,23.0225,72.5714,22.385,71.7453,2026-03-08T22:11:02.000Z,TRUE,70,116,459,14,40,51,42,5,0,0,Overcast,26.8,80.2,32.2,20,28,0,0,29.88,1012,28.3,82.9,0,4,2,333,NNW,15.5,9.6,Low,3/8/2026
success,"Peenya, Bangalore, Karnataka, India",Bangalore,Karnataka,India,Bangalore,Asia/Kolkata,12.9789,77.5917,3758,12.9789,77.5917,14.5204,75.7224,2026-03-08T22:01:00.000Z,TRUE,105,151,501,12,23,73,60,3,0,0,Clear,25.1,77.3,27.5,17.1,47,0,0,30.03,1017,25.3,77.5,0,6,3,106,ESE,16.2,10.1,Low,3/8/2026
success,"Kazhikundram, Chennai, Tamil Nadu, India",Chennai,Tamil Nadu,India,Chennai,Asia/Kolkata,13.0825,80.275,11279,13.0825,80.275,10.9094,78.3665,2026-03-08T22:11:02.000Z,TRUE,56,97,556,4,11,41,34,2,0,25,Mist,31.6,88.9,24.8,15.4,84,0,0,29.88,1012,28,82.4,0,5,3,118,ESE,15.8,9.8,Low,3/8/2026
success,"Kompally, Hyderabad, Telangana, India",Hyderabad,Telangana,India,Hyderabad,Asia/Kolkata,17.4399,78.4983,14149,17.4399,78.4983,17.8496,79.1152,2026-03-08T22:11:02.000Z,TRUE,138,161,479,6,17,83,71,3,0,0,Mist,26.5,79.6,15,9.4,62,0,0,30,1016,27.3,81.1,0,5,3,137,SE,7.2,4.5,Low,3/8/2026
success,"Kamarhati, Kolkata, West Bengal, India",Kolkata,West Bengal,India,Kolkata,Asia/Kolkata,22.6686,88.3704,VIR10804,22.6686,88.3704,22.9965,87.6856,2026-03-08T22:11:02.000Z,TRUE,163,163,355,9,11,92,78,2,0,50,Mist,29.1,84.3,26.1,16.2,94,0,0,29.91,1013,26.3,79.3,0,3.2,1,185,S,16.2,10.1,Low,3/8/2026
success,"Mahim, Mumbai, Maharashtra, India",Mumbai,Maharashtra,India,Mumbai,Asia/Kolkata,19.0761,72.8775,13715,19.0761,72.8775,18.9068,75.6742,2026-03-08T22:11:02.000Z,TRUE,112,150,338,11,24,73,62,3,0,0,Overcast,39.1,102.5,28.9,17.9,32,0,0,29.85,1011,33.2,91.8,0,3,1,328,NNW,14,8.7,Low,3/8/2026
success,"Vivek Vihar, New Delhi, Delhi, India",New Delhi,Delhi,India,New Delhi,Asia/Kolkata,28.6325,77.2205,10118,28.6325,77.2205,28.6274,77.1717,2026-03-08T22:11:01.000Z,TRUE,192,171,491,10,22,105,88,3,0,0,Mist,23.9,74.9,22.7,14.1,61,0,0,29.88,1012,25.1,77.2,0,4.5,2,304,NW,10.8,6.7,Low,3/8/2026
success,"Manjri, Pune, Maharashtra, India",Pune,Maharashtra,India,Pune,Asia/Kolkata,18.5203,73.8567,3767,18.5203,73.8567,18.9068,75.6742,2026-03-08T22:11:01.000Z,TRUE,77,119,381,8,25,53,44,2,0,0,Clear,25.8,78.4,3.8,2.3,12,0,0,29.87,1011,27.7,81.9,0,10,6,319,NW,3.6,2.2,Low,3/8/2026
success,"Haibat Mau Mawaiya, Lucknow, Uttar Pradesh, India",Lucknow,Uttar Pradesh,India,Lucknow,Asia/Kolkata,26.85,80.95,VIR13353,26.85,80.95,27.1303,80.8597,2026-03-08T22:11:02.000Z,TRUE,364,284,447,9,19,242,201,4,0,0,Mist,23.9,74.9,18.1,11.3,79,0,0,29.88,1012,25.1,77.2,0,2.5,1,239,WSW,8.6,5.4,Low,3/8/2026
success,"Allowal, Ludhiana, Punjab, India",Ludhiana,Punjab,India,Ludhiana,Asia/Kolkata,30.91,75.85,PLLODA000042,30.91,75.85,30.9293,75.5005,2026-03-08T22:11:02.000Z,TRUE,235,180,545,8,22,121,102,4,0,4,Clear,23.1,73.7,16.6,10.3,19,0,0,29.82,1010,24,75.2,0,10,6,329,NNW,7.9,4.9,Low,3/8/2026
success,"Bagsewaniya, Bhopal, Madhya Pradesh, India",Bhopal,Madhya Pradesh,India,Bhopal,Asia/Kolkata,23.2599,77.4126,VIR2430,23.2599,77.4126,23.8143,77.5341,2026-03-08T22:11:02.000Z,TRUE,132,156,670,32,16,85,70,4,0,0,Clear,22.7,72.9,21.2,13.2,33,0,0,29.97,1015,23.2,73.8,0,6,3,353,N,10.1,6.3,Low,3/8/2026
success,"Baliawas, Gurgaon, Haryana, India",Gurgaon,Haryana,India,Gurgaon,Asia/Kolkata,28.456,77.029,11300,28.456,77.029,29,76,2026-03-08T22:11:01.000Z,TRUE,190,172,393,8,24,106,88,2,0,0,Mist,23.9,74.9,25.7,16,61,0,0,29.88,1012,25.1,77.2,0,4.5,2,286,WNW,12.2,7.6,Low,3/8/2026
success,"Athirappilly, Kochi, Kerala, India",Kochi,Kerala,India,Kochi,Asia/Kolkata,9.9312,76.2673,VIR11633,9.9312,76.2673,10.3529,76.512,2026-03-08T22:11:02.000Z,TRUE,137,160,388,7,24,82,71,2,0,50,Mist,33.6,92.4,16.2,10.1,79,0.01,0.13,29.85,1011,28.4,83.1,0,4,2,290,WNW,10.1,6.3,Low,3/8/2026
success,"Arunika Vihar, Bhubaneswar, Odisha, India",Bhubaneswar,Odisha,India,Bhubaneswar,Asia/Kolkata,20.2644,85.8281,VIR2431,20.2644,85.8281,20.5431,84.6897,2026-03-08T22:11:02.000Z,TRUE,84,137,376,8,24,63,50,2,0,75,Mist,29.1,84.4,26,16.2,84,0,0,29.88,1012,26.3,79.3,0,3.5,2,188,S,17.6,11,Low,3/8/2026
success,"Nayatoli, Ranchi, Jharkhand, India",Ranchi,Jharkhand,India,Ranchi,Asia/Kolkata,23.36,85.33,PLLODA000430,23.36,85.33,23.456,85.2557,2026-03-08T22:11:02.000Z,TRUE,213,173,364,8,24,110,94,2,0,50,Mist,25.4,77.7,17.5,10.9,65,0,0,30,1016,24.2,75.6,0,2.2,1,137,SE,9.7,6,Low,3/8/2026
success,"Vidya Nagar, Madgaon, Goa, India",Madgaon,Goa,India,Madgaon,Asia/Kolkata,15.33,73.98,ACA704868534,15.33,73.98,15.3005,74.0855,2026-03-08T22:11:34.000Z,TRUE,106,156,,,,74,62,,0,31,Partly Cloudy,25.9,78.6,4,2.5,87,0,0,29.88,1012,23.7,74.7,0,10,6,10,N,3.6,2.2,Low,3/8/2026
success,"Ward 27, Jaipur, Rajasthan, India",Jaipur,Rajasthan,India,Jaipur,Asia/Kolkata,26.8845,75.7933,VIR10340,26.8845,75.7933,26.8106,73.7685,2026-03-08T22:11:02.000Z,TRUE,103,143,481,14,20,71,57,4,0,0,Mist,25.3,77.5,22.7,14.1,32,0,0,29.94,1014,27.1,80.8,0,3.5,2,319,NW,10.8,6.7,Low,3/8/2026
success,"Ie, Raipur, Chhattisgarh, India",Raipur,Chhattisgarh,India,Raipur,Asia/Kolkata,21.2444,81.6306,VIR18914,21.2444,81.6306,21.6637,81.8406,2026-03-08T22:11:02.000Z,TRUE,266,188,369,7,23,134,112,2,0,0,Clear,26.4,79.6,16.6,10.3,16,0,0,29.8,1009,28.5,83.3,0,10,6,196,SSW,7.9,4.9,Low,3/8/2026
success,"Pan Bazaar, Guwahati, Assam, India",Guwahati,Assam,India,Guwahati,Asia/Kolkata,26.1722,91.7458,13729,26.1722,91.7458,26.4074,93.2551,2026-03-08T22:11:02.000Z,TRUE,240,180,591,6,7,116,103,23,0,75,Mist,27.1,80.7,16.6,10.3,62,0,0,29.88,1012,27.2,81,0,2.5,1,228,SW,7.9,4.9,Low,3/8/2026
success,"Gulzarbagh, Patna, Bihar, India",Patna,Bihar,India,Patna,Asia/Kolkata,25.594,85.1376,VIR17517,25.594,85.1376,25.6441,85.9065,2026-03-08T22:11:02.000Z,TRUE,329,220,748,7,22,192,157,2,0,0,Mist,26.4,79.5,23.4,14.6,70,0,0,29.88,1012,27.1,80.8,0,3,1,60,ENE,11.2,6.9,Low,3/8/2026
success,"Landour, Dehradun, Uttarakhand, India",Dehradun,Uttarakhand,India,Dehradun,Asia/Kolkata,30.345,78.029,12541,30.345,78.029,30.0417,79.0897,2026-03-08T22:11:01.000Z,TRUE,285,197,360,7,25,155,126,2,0,0,Clear,20,68.1,25.7,16,26,0,0,29.91,1013,20,68,0,10,6,40,NE,12.2,7.6,Low,3/8/2026
success,"Bani, Shimla, Himachal Pradesh, India",Shimla,Himachal Pradesh,India,Shimla,Asia/Kolkata,31.1033,77.1722,VIR21213,31.1033,77.1722,31.9292,77.1828,2026-03-08T22:11:02.000Z,TRUE,28,64,359,8,25,21,17,2,0,3,Clear,18,64.4,19.7,12.2,27,0,0,30,1016,18,64.4,0,10,6,62,ENE,9.4,5.8,Low,3/8/2026
success,"Nhpc Quarters, Gangtok, Sikkim, India",Gangtok,Sikkim,India,Gangtok,Asia/Kolkata,27.33,88.62,VIR7722,27.33,88.62,27.601,88.4541,2026-03-08T22:11:02.000Z,TRUE,137,152,642,1,3,92,69,2,0,83,Patchy rain nearby,14.5,58.1,4.5,2.8,61,0,0.01,30.05,1018,13.7,56.7,0,10,6,27,NNE,3.6,2.2,Low,3/8/2026
success,"Maninagar, Ahmedabad, Gujarat, India",Ahmedabad,Gujarat,India,Ahmedabad,Asia/Kolkata,23.0225,72.5714,8192,23.0225,72.5714,22.385,71.7453,2026-03-09T22:41:01.000Z,TRUE,69,114,532,10,21,52,41,4,0,0,Overcast,27.2,81,30.2,18.8,25,0,0,29.88,1012,29.4,84.9,0,3.5,2,340,NNW,14.4,8.9,Low,3/9/2026
success,"Peenya, Bangalore, Karnataka, India",Bangalore,Karnataka,India,Bangalore,Asia/Kolkata,12.9789,77.5917,3758,12.9789,77.5917,14.5204,75.7224,2026-03-09T22:41:01.000Z,TRUE,105,151,452,11,18,73,60,2,0,25,Clear,25,77.1,33.5,20.8,69,0,0,30.06,1018,23.3,73.9,0,6,3,102,ESE,23.8,14.8,Low,3/9/2026
success,"Kazhikundram, Chennai, Tamil Nadu, India",Chennai,Tamil Nadu,India,Chennai,Asia/Kolkata,13.0825,80.275,11279,13.0825,80.275,10.9094,78.3665,2026-03-09T22:41:01.000Z,TRUE,87,141,530,4,12,63,52,2,0,0,Mist,30.1,86.2,21.8,13.5,79,0,0,29.91,1013,27.3,81.1,0,5,3,91,E,13.7,8.5,Low,3/9/2026
success,"Ramachandrapuram, Hyderabad, Telangana, India",Hyderabad,Telangana,India,Hyderabad,Asia/Kolkata,17.4399,78.4983,14140,17.4399,78.4983,17.8496,79.1152,2026-03-09T22:41:02.000Z,TRUE,145,162,372,8,20,85,73,2,0,0,Mist,27.1,80.8,28.8,17.9,70,0,0,30.03,1017,26.3,79.3,0,4,2,151,SSE,19.8,12.3,Low,3/9/2026
success,"Dhakuria, Kolkata, West Bengal, India",Kolkata,West Bengal,India,Kolkata,Asia/Kolkata,22.5325,88.3521,12458,22.5325,88.3521,22.9965,87.6856,2026-03-09T22:41:01.000Z,TRUE,132,157,331,9,12,83,69,2,0,50,Mist,28.9,84,19.5,12.1,84,0,0,29.94,1014,26.4,79.5,0,3.2,1,177,S,13.7,8.5,Low,3/9/2026
success,"Mahalakshmi, Mumbai, Maharashtra, India",Mumbai,Maharashtra,India,Mumbai,Asia/Kolkata,19.0761,72.8775,11921,19.0761,72.8775,18.9068,75.6742,2026-03-09T22:41:01.000Z,TRUE,167,169,503,15,25,95,82,5,0,0,Overcast,36.6,97.8,34.8,21.6,41,0,0,29.83,1010,32.4,90.3,0,3,1,351,N,16.6,10.3,Low,3/9/2026
success,"Vivek Vihar, New Delhi, Delhi, India",New Delhi,Delhi,India,New Delhi,Asia/Kolkata,28.6325,77.2205,10118,28.6325,77.2205,28.6274,77.1717,2026-03-09T22:31:00.000Z,TRUE,278,192,645,22,14,143,120,4,0,25,Mist,24.7,76.4,21.2,13.2,70,0,0,29.94,1014,26.3,79.3,0,4,2,279,W,10.1,6.3,Low,3/9/2026
success,"Manjri, Pune, Maharashtra, India",Pune,Maharashtra,India,Pune,Asia/Kolkata,18.5203,73.8567,3767,18.5203,73.8567,18.9068,75.6742,2026-03-09T22:41:01.000Z,TRUE,88,134,385,9,26,63,51,2,0,0,Clear,25,77.1,18.1,11.3,15,0,0,29.9,1013,26.8,80.2,0,10,6,93,E,8.6,5.4,Low,3/9/2026
success,"Talkatora, Lucknow, Uttar Pradesh, India",Lucknow,Uttar Pradesh,India,Lucknow,Asia/Kolkata,26.85,80.95,8188,26.85,80.95,27.1303,80.8597,2026-03-09T22:31:00.000Z,TRUE,346,249,460,10,10,221,181,3,0,0,Mist,24.6,76.3,12.1,7.5,94,0,0,29.91,1013,26.2,79.2,0,2,1,48,NE,5.8,3.6,Low,3/9/2026
success,"Haibowal Khurd, Ludhiana, Punjab, India",Ludhiana,Punjab,India,Ludhiana,Asia/Kolkata,30.91,75.85,11272,30.91,75.85,30.9293,75.5005,2026-03-09T22:41:01.000Z,TRUE,290,196,374,9,22,146,124,2,0,100,Overcast,23,73.4,6.8,4.2,20,0,0,29.87,1012,23.7,74.6,0,10,6,299,WNW,3.6,2.2,Low,3/9/2026
success,"Sector D Industrial Area, Bhopal, Madhya Pradesh, India",Bhopal,Madhya Pradesh,India,Bhopal,Asia/Kolkata,23.2599,77.4126,11275,23.2599,77.4126,23.8143,77.5341,2026-03-09T22:41:01.000Z,TRUE,101,141,612,15,22,73,56,3,0,0,Clear,23.3,73.9,15.1,9.4,27,0,0,30,1016,24.2,75.6,0,6,3,354,N,7.2,4.5,Low,3/9/2026
success,"Khoh, Gurgaon, Haryana, India",Gurgaon,Haryana,India,Gurgaon,Asia/Kolkata,28.456,77.029,12445,28.456,77.029,29,76,2026-03-09T22:41:01.000Z,TRUE,248,188,421,9,24,130,109,2,0,25,Mist,24.7,76.4,22.7,14.1,70,0,0,29.94,1014,26.3,79.3,0,4,2,279,W,10.8,6.7,Low,3/9/2026
success,"Edayar, Kochi, Kerala, India",Kochi,Kerala,India,Kochi,Asia/Kolkata,9.9312,76.2673,11919,9.9312,76.2673,10.3529,76.512,2026-03-09T22:41:01.000Z,TRUE,133,158,381,8,25,79,69,2,0,72,Patchy rain nearby,29.1,84.5,19.4,12.1,78,0.06,1.45,29.88,1012,26.5,79.7,0,9,5,175,S,11.2,6.9,Low,3/9/2026
success,"Arunika Vihar, Bhubaneswar, Odisha, India",Bhubaneswar,Odisha,India,Bhubaneswar,Asia/Kolkata,20.2644,85.8281,VIR2431,20.2644,85.8281,20.5431,84.6897,2026-03-09T22:41:02.000Z,TRUE,106,152,404,8,26,73,61,2,0,50,Mist,29.3,84.7,24.2,15,84,0,0,29.91,1013,26.1,79,0,3,1,198,SSW,15.5,9.6,Low,3/9/2026
success,"Gandhi Nagar Colony, Ranchi, Jharkhand, India",Ranchi,Jharkhand,India,Ranchi,Asia/Kolkata,23.36,85.33,VIR18962,23.36,85.33,23.456,85.2557,2026-03-09T22:31:00.000Z,TRUE,129,156,376,8,26,80,68,2,0,75,Mist,24.5,76.1,17,10.5,83,0,0,30.06,1018,22.1,71.8,0,2.5,1,108,ESE,9,5.6,Low,3/9/2026
success,"Vidya Nagar, Madgaon, Goa, India",Madgaon,Goa,India,Madgaon,Asia/Kolkata,15.33,73.98,ACA704868534,15.33,73.98,15.3005,74.0855,2026-03-09T22:41:37.000Z,TRUE,148,164,,,,84,74,,0,13,Clear,27,80.6,3.9,2.4,91,0,0,29.86,1011,24.5,76,0,10,6,30,NNE,3.6,2.2,Low,3/9/2026
success,"Jhotwara, Jaipur, Rajasthan, India",Jaipur,Rajasthan,India,Jaipur,Asia/Kolkata,26.8845,75.7933,11304,26.8845,75.7933,26.8106,73.7685,2026-03-09T22:41:01.000Z,TRUE,120,152,511,8,23,80,64,2,0,0,Mist,24.5,76.2,21.9,13.6,30,0,0,29.97,1015,26.1,79,0,3.5,2,327,NNW,10.4,6.5,Low,3/9/2026
success,"Ie, Raipur, Chhattisgarh, India",Raipur,Chhattisgarh,India,Raipur,Asia/Kolkata,21.2444,81.6306,VIR18914,21.2444,81.6306,21.6637,81.8406,2026-03-09T22:41:02.000Z,TRUE,215,177,464,4,4,112,94,2,0,0,Clear,26.9,80.3,7.6,4.7,19,0,0,29.86,1011,29,84.1,0,10,6,199,SSW,3.6,2.2,Low,3/9/2026
success,"Pan Bazaar, Guwahati, Assam, India",Guwahati,Assam,India,Guwahati,Asia/Kolkata,26.1722,91.7458,13729,26.1722,91.7458,26.4074,93.2551,2026-03-09T22:41:02.000Z,TRUE,281,190,646,1,6,147,123,12,0,75,Mist,25.3,77.5,13.6,8.5,69,0,0,29.97,1015,24.3,75.7,0,2,1,260,W,6.5,4,Low,3/9/2026
success,"Kidwaipuri, Patna, Bihar, India",Patna,Bihar,India,Patna,Asia/Kolkata,25.594,85.1376,8674,25.594,85.1376,25.6441,85.9065,2026-03-09T22:41:01.000Z,TRUE,319,211,673,7,21,179,145,2,0,50,Mist,26.6,79.8,25.7,16,79,0,0,29.94,1014,26,78.8,0,2.5,1,103,ESE,12.2,7.6,Low,3/9/2026
success,"Landour, Dehradun, Uttarakhand, India",Dehradun,Uttarakhand,India,Dehradun,Asia/Kolkata,30.345,78.029,12541,30.345,78.029,30.0417,79.0897,2026-03-09T22:31:00.000Z,TRUE,333,251,387,8,25,199,165,2,0,5,Clear,19.7,67.4,22.7,14.1,30,0,0,30.02,1017,19.7,67.4,0,10,6,44,NE,10.8,6.7,Low,3/9/2026
success,"Bani, Shimla, Himachal Pradesh, India",Shimla,Himachal Pradesh,India,Shimla,Asia/Kolkata,31.1033,77.1722,VIR21213,31.1033,77.1722,31.9292,77.1828,2026-03-09T22:41:02.000Z,TRUE,45,84,411,9,26,34,27,2,0,13,Clear,18.1,64.7,18.1,11.3,26,0,0,30.05,1018,18.2,64.7,0,10,6,72,ENE,8.6,5.4,Low,3/9/2026
success,"Nhpc Quarters, Gangtok, Sikkim, India",Gangtok,Sikkim,India,Gangtok,Asia/Kolkata,27.33,88.62,VIR7722,27.33,88.62,27.601,88.4541,2026-03-09T22:41:02.000Z,TRUE,78,122,186,2,6,76,46,2,0,82,Patchy rain nearby,11.1,51.9,6.4,4,71,0,0.02,30.15,1021,10.7,51.3,0,10,6,24,NNE,3.6,2.2,Low,3/9/2026
success,"Bopal, Ahmedabad, Gujarat, India",Ahmedabad,Gujarat,India,Ahmedabad,Asia/Kolkata,23.0225,72.5714,13747,23.0225,72.5714,22.385,71.7453,2026-03-10T22:31:00.000Z,TRUE,102,144,718,22,16,71,57,5,0,0,Overcast,29.1,84.3,32.5,20.2,24,0,0,29.88,1012,31.3,88.3,0,4,2,337,NNW,15.5,9.6,Low,3/10/2026
success,"Peenya, Bangalore, Karnataka, India",Bangalore,Karnataka,India,Bangalore,Asia/Kolkata,12.9789,77.5917,3758,12.9789,77.5917,14.5204,75.7224,2026-03-10T22:41:01.000Z,TRUE,82,128,389,12,19,60,48,3,0,25,Clear,24.5,76,26.6,16.5,65,0,0,30.09,1019,23,73.4,0,6,3,115,ESE,15.8,9.8,Low,3/10/2026
success,"Kazhikundram, Chennai, Tamil Nadu, India",Chennai,Tamil Nadu,India,Chennai,Asia/Kolkata,13.0825,80.275,11279,13.0825,80.275,10.9094,78.3665,2026-03-10T22:31:00.000Z,TRUE,79,128,488,4,11,61,50,2,0,25,Clear,30.5,86.9,19.3,12,79,0,0,29.94,1014,27.4,81.3,0,6,3,100,E,12.2,7.6,Low,3/10/2026
success,"Ramachandrapuram, Hyderabad, Telangana, India",Hyderabad,Telangana,India,Hyderabad,Asia/Kolkata,17.4399,78.4983,14140,17.4399,78.4983,17.8496,79.1152,2026-03-10T22:31:00.000Z,TRUE,94,140,472,7,12,68,55,3,0,0,Mist,25.7,78.3,21.8,13.6,48,0,0,30.06,1018,26.2,79.2,0,4,2,167,SSE,12.2,7.6,Low,3/10/2026
success,"Dhakuria, Kolkata, West Bengal, India",Kolkata,West Bengal,India,Kolkata,Asia/Kolkata,22.5325,88.3521,12458,22.5325,88.3521,22.9965,87.6856,2026-03-10T22:41:01.000Z,TRUE,138,157,280,11,11,83,70,2,0,25,Mist,29.8,85.6,22.3,13.9,79,0,0,29.94,1014,27.4,81.3,0,3.5,2,198,SSW,13.3,8.3,Low,3/10/2026
success,"Mahalakshmi, Mumbai, Maharashtra, India",Mumbai,Maharashtra,India,Mumbai,Asia/Kolkata,19.0761,72.8775,11921,19.0761,72.8775,18.9068,75.6742,2026-03-10T22:41:01.000Z,TRUE,161,170,593,16,20,94,81,6,0,0,Overcast,34.8,94.6,23.8,14.8,55,0,0,29.88,1012,30.2,86.4,0,3,1,184,S,13.3,8.3,Low,3/10/2026
success,"Vivek Vihar, New Delhi, Delhi, India",New Delhi,Delhi,India,New Delhi,Asia/Kolkata,28.6325,77.2205,10118,28.6325,77.2205,28.6274,77.1717,2026-03-10T22:31:00.000Z,TRUE,259,187,618,20,17,136,112,4,0,0,Mist,24.7,76.4,23.4,14.6,58,0,0,29.97,1015,26.3,79.3,0,4.5,2,281,WNW,11.2,6.9,Low,3/10/2026
success,"Manjri, Pune, Maharashtra, India",Pune,Maharashtra,India,Pune,Asia/Kolkata,18.5203,73.8567,3767,18.5203,73.8567,18.9068,75.6742,2026-03-10T22:31:00.000Z,TRUE,124,152,388,9,23,78,65,2,0,0,Clear,25.1,77.2,12.9,8,32,0,0,29.92,1013,25.4,77.7,0,10,6,260,W,6.1,3.8,Low,3/10/2026
success,"Charbagh, Lucknow, Uttar Pradesh, India",Lucknow,Uttar Pradesh,India,Lucknow,Asia/Kolkata,26.85,80.95,PLLODX000007,26.85,80.95,27.1303,80.8597,2026-03-10T22:31:00.000Z,TRUE,367,280,436,8,20,254,207,3,0,0,Mist,24.8,76.6,6.8,4.2,89,0,0,29.94,1014,26.2,79.2,0,2.2,1,336,NNW,3.6,2.2,Low,3/10/2026
success,"Haibowal Khurd, Ludhiana, Punjab, India",Ludhiana,Punjab,India,Ludhiana,Asia/Kolkata,30.91,75.85,11272,30.91,75.85,30.9293,75.5005,2026-03-10T22:41:01.000Z,TRUE,305,202,824,13,15,162,135,6,0,8,Clear,22.5,72.5,21.2,13.2,12,0,0,29.87,1012,22.8,73.1,0,10,6,257,WSW,10.1,6.3,Low,3/10/2026
success,"Sector D Industrial Area, Bhopal, Madhya Pradesh, India",Bhopal,Madhya Pradesh,India,Bhopal,Asia/Kolkata,23.2599,77.4126,11275,23.2599,77.4126,23.8143,77.5341,2026-03-10T22:41:01.000Z,TRUE,105,141,535,15,21,78,61,3,0,0,Clear,23.4,74.1,22.7,14.1,29,0,0,30,1016,24.4,75.9,0,6,3,345,NNW,10.8,6.7,Low,3/10/2026
success,"Khoh, Gurgaon, Haryana, India",Gurgaon,Haryana,India,Gurgaon,Asia/Kolkata,28.456,77.029,12445,28.456,77.029,29,76,2026-03-10T22:41:01.000Z,TRUE,218,185,437,10,20,121,101,2,0,0,Mist,24.7,76.4,24.9,15.5,58,0,0,29.97,1015,26.3,79.3,0,4.5,2,279,W,11.9,7.4,Low,3/10/2026
success,"Kathrikadavu, Kochi, Kerala, India",Kochi,Kerala,India,Kochi,Asia/Kolkata,9.9312,76.2673,PLLODA000140,9.9312,76.2673,10.3529,76.512,2026-03-10T22:31:00.000Z,TRUE,151,163,367,9,22,87,75,2,0,50,Mist,30.4,86.7,5.3,3.3,79,0,0,29.88,1012,27.4,81.3,0,4,2,323,NW,3.6,2.2,Low,3/10/2026
success,"Arunika Vihar, Bhubaneswar, Odisha, India",Bhubaneswar,Odisha,India,Bhubaneswar,Asia/Kolkata,20.2644,85.8281,VIR2431,20.2644,85.8281,20.5431,84.6897,2026-03-10T22:31:00.000Z,TRUE,149,164,386,10,24,87,75,2,0,50,Mist,27,80.5,29.1,18.1,89,0,0,29.91,1013,25.1,77.2,0,2.5,1,199,SSW,17.6,11,Low,3/10/2026
success,"Gandhi Nagar Colony, Ranchi, Jharkhand, India",Ranchi,Jharkhand,India,Ranchi,Asia/Kolkata,23.36,85.33,VIR18962,23.36,85.33,23.456,85.2557,2026-03-10T22:31:00.000Z,TRUE,154,163,370,9,23,98,76,2,0,75,Mist,24.4,75.8,20.8,12.9,83,0,0,30.06,1018,23,73.4,0,1.5,0,66,ENE,11.9,7.4,Low,3/10/2026
success,"Vidya Nagar, Madgaon, Goa, India",Madgaon,Goa,India,Madgaon,Asia/Kolkata,15.33,73.98,ACA704868534,15.33,73.98,15.3005,74.0855,2026-03-10T22:31:00.000Z,TRUE,170,169,,,,92,81,,0,36,Partly Cloudy,27.8,82,10.8,6.7,88,0,0,29.91,1013,25.1,77.2,0,10,6,155,SSE,3.6,2.2,Low,3/10/2026
success,"Ward 27, Jaipur, Rajasthan, India",Jaipur,Rajasthan,India,Jaipur,Asia/Kolkata,26.8845,75.7933,VIR10340,26.8845,75.7933,26.8106,73.7685,2026-03-10T22:31:00.000Z,TRUE,187,192,629,18,16,113,96,4,0,0,Mist,25.4,77.7,21.2,13.2,26,0,0,30,1016,27.2,81,0,4,2,338,NNW,10.1,6.3,Low,3/10/2026
success,"Ie, Raipur, Chhattisgarh, India",Raipur,Chhattisgarh,India,Raipur,Asia/Kolkata,21.2444,81.6306,VIR18914,21.2444,81.6306,21.6637,81.8406,2026-03-10T22:41:02.000Z,TRUE,135,160,481,4,3,88,70,2,0,0,Clear,27.9,82.2,11.3,7,16,0,0,29.84,1010,30.1,86.2,0,10,6,216,SW,5.4,3.4,Low,3/10/2026
success,"Pan Bazaar, Guwahati, Assam, India",Guwahati,Assam,India,Guwahati,Asia/Kolkata,26.1722,91.7458,13729,26.1722,91.7458,26.4074,93.2551,2026-03-10T22:41:02.000Z,TRUE,324,212,1000,8,5,174,151,18,0,50,Mist,25.7,78.2,7.6,4.7,74,0,0,29.91,1013,25.2,77.4,0,2.5,1,281,WNW,3.6,2.2,Low,3/10/2026
success,"Kidwaipuri, Patna, Bihar, India",Patna,Bihar,India,Patna,Asia/Kolkata,25.594,85.1376,8674,25.594,85.1376,25.6441,85.9065,2026-03-10T22:41:02.000Z,TRUE,337,232,1000,8,16,211,168,3,0,0,Mist,25.8,78.4,18.1,11.3,84,0,0,29.91,1013,26.1,79,0,2.5,1,71,ENE,8.6,5.4,Low,3/10/2026
success,"Landour, Dehradun, Uttarakhand, India",Dehradun,Uttarakhand,India,Dehradun,Asia/Kolkata,30.345,78.029,12541,30.345,78.029,30.0417,79.0897,2026-03-10T22:41:01.000Z,TRUE,300,210,381,10,22,176,139,2,0,4,Clear,20.9,69.7,21.9,13.6,26,0,0,29.99,1016,20.9,69.7,0,10,6,44,NE,10.4,6.5,Low,3/10/2026
success,"Sda Complex, Shimla, Himachal Pradesh, India",Shimla,Himachal Pradesh,India,Shimla,Asia/Kolkata,31.1033,77.1722,48F6EE55ADE8,31.1033,77.1722,31.9292,77.1828,2026-03-10T22:41:34.000Z,TRUE,31,69,403,9,23,24,19,2,0,12,Clear,18.8,65.8,18.1,11.3,26,0,0,30.04,1017,18.8,65.8,0,10,6,75,ENE,8.6,5.4,Low,3/10/2026
success,"Nhpc Quarters, Gangtok, Sikkim, India",Gangtok,Sikkim,India,Gangtok,Asia/Kolkata,27.33,88.62,VIR7722,27.33,88.62,27.601,88.4541,2026-03-10T22:31:00.000Z,TRUE,75,121,210,2,7,73,45,3,0,87,Patchy rain nearby,11.5,52.7,8.6,5.4,71,0,0.05,30.09,1019,11.4,52.4,0,10,6,26,NNE,4.3,2.7,Low,3/10/2026
success,"South Bopal, Ahmedabad, Gujarat, India",Ahmedabad,Gujarat,India,Ahmedabad,Asia/Kolkata,23.0225,72.5714,PLLODA000311,23.0225,72.5714,22.385,71.7453,2026-03-11T22:31:00.000Z,TRUE,72,119,609,14,20,53,43,6,0,0,Overcast,27.9,82.2,36.3,22.5,24,0,0,29.85,1011,30.1,86.2,0,4,2,325,NW,17.3,10.7,Low,3/11/2026
success,"Peenya, Bangalore, Karnataka, India",Bangalore,Karnataka,India,Bangalore,Asia/Kolkata,12.9789,77.5917,3758,12.9789,77.5917,14.5204,75.7224,2026-03-11T22:41:00.000Z,TRUE,57,97,472,12,18,41,34,2,0,25,Clear,24.8,76.7,32,19.9,61,0,0,30.06,1018,23.1,73.6,0,6,3,113,ESE,21.6,13.4,Low,3/11/2026
success,"Kazhikundram, Chennai, Tamil Nadu, India",Chennai,Tamil Nadu,India,Chennai,Asia/Kolkata,13.0825,80.275,11279,13.0825,80.275,10.9094,78.3665,2026-03-11T22:41:00.000Z,TRUE,96,150,509,6,19,72,60,2,0,25,Clear,31.9,89.4,18.8,11.7,84,0,0,29.88,1012,28,82.4,0,6,3,125,SE,11.9,7.4,Low,3/11/2026
success,"Ramachandrapuram, Hyderabad, Telangana, India",Hyderabad,Telangana,India,Hyderabad,Asia/Kolkata,17.4399,78.4983,14140,17.4399,78.4983,17.8496,79.1152,2026-03-11T22:41:01.000Z,TRUE,83,130,384,7,15,61,49,3,0,0,Mist,26,78.8,20.4,12.7,45,0,0,30,1016,27.2,81,0,5,3,152,SSE,9.7,6,Low,3/11/2026
success,"Dhakuria, Kolkata, West Bengal, India",Kolkata,West Bengal,India,Kolkata,Asia/Kolkata,22.5325,88.3521,12458,22.5325,88.3521,22.9965,87.6856,2026-03-11T22:31:00.000Z,TRUE,139,158,358,11,13,84,71,3,0,50,Mist,28.4,83.2,23.1,14.3,84,0,0,29.85,1011,26.3,79.3,0,3.2,1,203,SSW,14.8,9.2,Low,3/11/2026
success,"Mahalakshmi, Mumbai, Maharashtra, India",Mumbai,Maharashtra,India,Mumbai,Asia/Kolkata,19.0761,72.8775,11921,19.0761,72.8775,18.9068,75.6742,2026-03-11T22:41:00.000Z,TRUE,217,177,440,17,18,109,96,6,0,0,Mist,33.8,92.8,12.7,7.9,75,0,0,29.88,1012,29.2,84.6,0,3,1,188,S,7.6,4.7,Low,3/11/2026
success,"Vivek Vihar, New Delhi, Delhi, India",New Delhi,Delhi,India,New Delhi,Asia/Kolkata,28.6325,77.2205,10118,28.6325,77.2205,28.6274,77.1717,2026-03-11T22:31:00.000Z,TRUE,192,175,540,18,20,111,90,3,0,0,Mist,25.4,77.7,27.8,17.2,42,0,0,29.88,1012,27.2,81,0,4.5,2,256,WSW,14.4,8.9,Low,3/11/2026
success,"Manjri, Pune, Maharashtra, India",Pune,Maharashtra,India,Pune,Asia/Kolkata,18.5203,73.8567,3767,18.5203,73.8567,18.9068,75.6742,2026-03-11T22:41:00.000Z,TRUE,158,164,382,10,26,88,77,2,0,4,Clear,26.2,79.2,18.6,11.6,42,0,0,29.92,1013,26,78.9,0,10,6,279,W,9.4,5.8,Low,3/11/2026
success,"Talkatora, Lucknow, Uttar Pradesh, India",Lucknow,Uttar Pradesh,India,Lucknow,Asia/Kolkata,26.85,80.95,8188,26.85,80.95,27.1303,80.8597,2026-03-11T22:31:00.000Z,TRUE,307,215,536,10,8,171,143,5,0,0,Mist,24,75.2,21.2,13.2,69,0,0,29.83,1010,25.3,77.5,0,3.5,2,249,WSW,10.1,6.3,Low,3/11/2026
success,"Haibowal Khurd, Ludhiana, Punjab, India",Ludhiana,Punjab,India,Ludhiana,Asia/Kolkata,30.91,75.85,11272,30.91,75.85,30.9293,75.5005,2026-03-11T22:41:00.000Z,TRUE,230,179,461,10,22,123,101,2,0,6,Clear,22.4,72.3,4.5,2.8,15,0,0,29.8,1009,22.7,72.8,0,10,6,219,SW,3.6,2.2,Low,3/11/2026
success,"Bagsewaniya, Bhopal, Madhya Pradesh, India",Bhopal,Madhya Pradesh,India,Bhopal,Asia/Kolkata,23.2599,77.4126,VIR2430,23.2599,77.4126,23.8143,77.5341,2026-03-11T22:31:00.000Z,TRUE,99,138,599,22,21,68,54,2,0,0,Clear,23.9,75.1,19.7,12.2,19,0,0,29.97,1015,25.2,77.4,0,6,3,333,NNW,9.4,5.8,Low,3/11/2026
success,"Khoh, Gurgaon, Haryana, India",Gurgaon,Haryana,India,Gurgaon,Asia/Kolkata,28.456,77.029,12445,28.456,77.029,29,76,2026-03-11T22:41:00.000Z,TRUE,185,172,423,10,24,107,87,2,0,0,Mist,25.4,77.7,25.7,16,42,0,0,29.88,1012,27.2,81,0,4.5,2,264,W,12.2,7.6,Low,3/11/2026
success,"Edayar, Kochi, Kerala, India",Kochi,Kerala,India,Kochi,Asia/Kolkata,9.9312,76.2673,11919,9.9312,76.2673,10.3529,76.512,2026-03-11T22:41:00.000Z,TRUE,94,149,388,10,25,69,56,2,0,27,Partly Cloudy,29.4,85,11.5,7.2,75,0,0,29.9,1012,26.8,80.3,0,10,6,10,N,7.2,4.5,Low,3/11/2026
success,"Arunika Vihar, Bhubaneswar, Odisha, India",Bhubaneswar,Odisha,India,Bhubaneswar,Asia/Kolkata,20.2644,85.8281,VIR2431,20.2644,85.8281,20.5431,84.6897,2026-03-11T22:41:01.000Z,TRUE,81,132,370,10,26,61,49,2,0,25,Mist,28.8,83.9,29.9,18.6,84,0,0,29.83,1010,26.1,79,0,3.5,2,187,S,18.4,11.4,Low,3/11/2026
success,"Gandhi Nagar Colony, Ranchi, Jharkhand, India",Ranchi,Jharkhand,India,Ranchi,Asia/Kolkata,23.36,85.33,VIR18962,23.36,85.33,23.456,85.2557,2026-03-11T22:41:01.000Z,TRUE,200,171,378,10,25,103,90,2,0,25,Mist,25.9,78.6,10.9,6.8,51,0,0,29.97,1015,25.2,77.4,0,3,1,118,ESE,5.8,3.6,Low,3/11/2026
success,"Vidya Nagar, Madgaon, Goa, India",Madgaon,Goa,India,Madgaon,Asia/Kolkata,15.33,73.98,ACA704868534,15.33,73.98,15.3005,74.0855,2026-03-11T22:31:00.000Z,TRUE,168,168,,,,89,80,,0,17,Clear,28.5,83.4,14,8.7,91,0,0,29.9,1013,25.4,77.8,0,10,6,342,NNW,8.3,5.1,Low,3/11/2026
success,"Agrasen Housing Society, Jaipur, Rajasthan, India",Jaipur,Rajasthan,India,Jaipur,Asia/Kolkata,26.8845,75.7933,PLLODA000389,26.8845,75.7933,26.8106,73.7685,2026-03-11T22:31:00.000Z,TRUE,100,140,888,14,8,70,55,6,0,0,Mist,26.1,79,17.4,10.8,28,0,0,29.94,1014,28.1,82.6,0,3.5,2,300,WNW,8.3,5.1,Low,3/11/2026
success,"Ie, Raipur, Chhattisgarh, India",Raipur,Chhattisgarh,India,Raipur,Asia/Kolkata,21.2444,81.6306,VIR18914,21.2444,81.6306,21.6637,81.8406,2026-03-11T22:41:01.000Z,TRUE,104,149,452,4,4,71,58,2,0,0,Clear,26.2,79.1,21.2,13.2,12,0,0,29.84,1010,28.2,82.7,0,10,6,358,N,10.1,6.3,Low,3/11/2026
success,"Pan Bazaar, Guwahati, Assam, India",Guwahati,Assam,India,Guwahati,Asia/Kolkata,26.1722,91.7458,13729,26.1722,91.7458,26.4074,93.2551,2026-03-11T22:31:00.000Z,TRUE,190,170,754,6,5,101,87,18,0,50,Mist,26.5,79.8,9.8,6.1,69,0,0,29.83,1010,25.3,77.5,0,2,1,189,S,4.7,2.9,Low,3/11/2026
success,"Gulzarbagh, Patna, Bihar, India",Patna,Bihar,India,Patna,Asia/Kolkata,25.594,85.1376,VIR17517,25.594,85.1376,25.6441,85.9065,2026-03-11T22:31:00.000Z,TRUE,344,239,865,6,19,219,177,2,0,25,Mist,27.2,80.9,15.1,9.4,79,0,0,29.83,1010,27,80.6,0,2,1,161,SSE,7.2,4.5,Low,3/11/2026
success,"Landour, Dehradun, Uttarakhand, India",Dehradun,Uttarakhand,India,Dehradun,Asia/Kolkata,30.345,78.029,12541,30.345,78.029,30.0417,79.0897,2026-03-11T22:41:00.000Z,TRUE,125,150,371,10,26,82,66,2,0,5,Clear,20.1,68.1,22.7,14.1,22,0,0,29.92,1013,20.1,68.1,0,10,6,44,NE,10.8,6.7,Low,3/11/2026
success,"Bani, Shimla, Himachal Pradesh, India",Shimla,Himachal Pradesh,India,Shimla,Asia/Kolkata,31.1033,77.1722,VIR21213,31.1033,77.1722,31.9292,77.1828,2026-03-11T22:41:01.000Z,TRUE,15,46,383,11,27,11,9,2,0,9,Clear,17.9,64.2,17.4,10.8,27,0,0,29.96,1015,17.9,64.2,0,10,6,74,ENE,8.6,5.4,Low,3/11/2026
success,"Nhpc Quarters, Gangtok, Sikkim, India",Gangtok,Sikkim,India,Gangtok,Asia/Kolkata,27.33,88.62,VIR7722,27.33,88.62,27.601,88.4541,2026-03-11T22:41:01.000Z,TRUE,71,119,194,2,8,62,43,1,0,89,Patchy rain nearby,13.8,56.9,10.8,6.7,85,0.01,0.27,30.02,1017,13.8,56.9,0,9,5,15,NNE,3.6,2.2,Low,3/11/2026
success,"Maninagar, Ahmedabad, Gujarat, India",Ahmedabad,Gujarat,India,Ahmedabad,Asia/Kolkata,23.0225,72.5714,8192,23.0225,72.5714,22.385,71.7453,2026-03-12T22:31:00.000Z,TRUE,97,143,660,15,17,70,55,3,0,0,Overcast,27,80.5,26.5,16.4,27,0,0,29.8,1009,29.1,84.4,0,3,1,317,NW,12.6,7.8,Low,3/12/2026
success,"Peenya, Bangalore, Karnataka, India",Bangalore,Karnataka,India,Bangalore,Asia/Kolkata,12.9789,77.5917,3758,12.9789,77.5917,14.5204,75.7224,2026-03-12T22:41:01.000Z,TRUE,80,131,412,9,26,60,48,3,0,25,Clear,25.5,77.9,33.2,20.6,51,0,0,30,1016,25,77,0,6,3,102,ESE,21.6,13.4,Low,3/12/2026
success,"Kazhikundram, Chennai, Tamil Nadu, India",Chennai,Tamil Nadu,India,Chennai,Asia/Kolkata,13.0825,80.275,11279,13.0825,80.275,10.9094,78.3665,2026-03-12T22:41:01.000Z,TRUE,70,110,661,6,21,50,41,2,0,25,Clear,32.5,90.4,18.6,11.6,84,0,0,29.83,1010,28.1,82.6,0,6,3,138,SE,11.5,7.2,Low,3/12/2026
success,"Ramachandrapuram, Hyderabad, Telangana, India",Hyderabad,Telangana,India,Hyderabad,Asia/Kolkata,17.4399,78.4983,14140,17.4399,78.4983,17.8496,79.1152,2026-03-12T22:41:02.000Z,TRUE,113,149,429,8,21,74,61,2,0,0,Mist,23.9,75.1,12.1,7.5,44,0,0,29.94,1014,25.2,77.4,0,5,3,129,SE,5.8,3.6,Low,3/12/2026
success,"Dhakuria, Kolkata, West Bengal, India",Kolkata,West Bengal,India,Kolkata,Asia/Kolkata,22.5325,88.3521,12458,22.5325,88.3521,22.9965,87.6856,2026-03-12T22:41:01.000Z,TRUE,74,122,272,11,10,55,44,2,0,50,Mist,29.4,84.9,26.6,16.5,89,0,0,29.8,1009,26.1,79,0,2.5,1,187,S,18,11.2,Low,3/12/2026
success,"Mahim, Mumbai, Maharashtra, India",Mumbai,Maharashtra,India,Mumbai,Asia/Kolkata,19.0761,72.8775,13715,19.0761,72.8775,18.9068,75.6742,2026-03-12T22:31:00.000Z,TRUE,230,180,495,13,24,115,101,5,0,0,Mist,30.7,87.2,13.3,8.3,75,0,0,29.8,1009,29.2,84.6,0,2.5,1,331,NNW,6.8,4.3,Low,3/12/2026
success,"Vivek Vihar, New Delhi, Delhi, India",New Delhi,Delhi,India,New Delhi,Asia/Kolkata,28.6325,77.2205,10118,28.6325,77.2205,28.6274,77.1717,2026-03-12T22:31:00.000Z,TRUE,207,175,551,20,18,111,94,4,0,0,Mist,23.2,73.8,24.2,15,65,0,0,29.83,1010,24.1,75.4,0,4.5,2,282,WNW,11.5,7.2,Low,3/12/2026
success,"Shivajinagar, Pune, Maharashtra, India",Pune,Maharashtra,India,Pune,Asia/Kolkata,18.5203,73.8567,3760,18.5203,73.8567,18.9068,75.6742,2026-03-12T22:41:01.000Z,TRUE,108,150,381,8,30,72,60,2,0,0,Clear,25.4,77.8,21.2,13.2,31,0,0,29.86,1011,26,78.8,0,10,6,276,W,10.1,6.3,Low,3/12/2026
success,"Talkatora, Lucknow, Uttar Pradesh, India",Lucknow,Uttar Pradesh,India,Lucknow,Asia/Kolkata,26.85,80.95,8188,26.85,80.95,27.1303,80.8597,2026-03-12T22:41:01.000Z,TRUE,182,171,553,9,8,101,86,3,0,0,Mist,24.5,76,24.9,15.5,51,0,0,29.77,1008,26,78.8,0,4,2,247,WSW,11.9,7.4,Low,3/12/2026
success,"Haibowal Khurd, Ludhiana, Punjab, India",Ludhiana,Punjab,India,Ludhiana,Asia/Kolkata,30.91,75.85,11272,30.91,75.85,30.9293,75.5005,2026-03-12T22:41:01.000Z,TRUE,89,139,812,11,14,65,52,10,0,5,Clear,21.9,71.4,25.7,16,34,0,0,29.76,1008,21.9,71.4,0,10,6,318,NW,12.2,7.6,Low,3/12/2026
success,"Sector D Industrial Area, Bhopal, Madhya Pradesh, India",Bhopal,Madhya Pradesh,India,Bhopal,Asia/Kolkata,23.2599,77.4126,11275,23.2599,77.4126,23.8143,77.5341,2026-03-12T22:41:01.000Z,TRUE,107,147,499,14,28,73,60,3,0,22,Clear,25.2,77.4,22.7,14.1,15,0,0,29.83,1010,27,80.7,0,10,6,326,NNW,10.8,6.7,Low,3/12/2026
success,"Khoh, Gurgaon, Haryana, India",Gurgaon,Haryana,India,Gurgaon,Asia/Kolkata,28.456,77.029,12445,28.456,77.029,29,76,2026-03-12T22:41:01.000Z,TRUE,242,184,436,9,27,125,105,2,0,0,Mist,23.2,73.8,23.4,14.6,65,0,0,29.83,1010,24.1,75.4,0,4.5,2,277,W,11.2,6.9,Low,3/12/2026
success,"Vyttila, Kochi, Kerala, India",Kochi,Kerala,India,Kochi,Asia/Kolkata,9.9312,76.2673,12820,9.9312,76.2673,10.3529,76.512,2026-03-12T22:41:01.000Z,TRUE,96,147,390,8,30,68,56,2,0,25,Mist,32.5,90.4,8.6,5.3,84,0,0,29.83,1010,28.3,82.9,0,4,2,142,SE,5.4,3.4,Low,3/12/2026
success,"Laxmi Sagar, Bhubaneswar, Odisha, India",Bhubaneswar,Odisha,India,Bhubaneswar,Asia/Kolkata,20.2644,85.8281,PLLODA000512,20.2644,85.8281,20.5431,84.6897,2026-03-12T22:41:01.000Z,TRUE,69,115,390,8,30,51,41,2,0,25,Mist,30.7,87.3,28.7,17.8,89,0,0,29.8,1009,26.3,79.3,0,3.5,2,188,S,18.4,11.4,Low,3/12/2026
success,"Gandhi Nagar Colony, Ranchi, Jharkhand, India",Ranchi,Jharkhand,India,Ranchi,Asia/Kolkata,23.36,85.33,VIR18962,23.36,85.33,23.456,85.2557,2026-03-12T22:41:01.000Z,TRUE,170,163,396,8,31,100,80,2,0,25,Mist,21.2,70.2,21.9,13.6,53,0,0,29.94,1014,21.2,70.2,0,3,1,333,NNW,10.4,6.5,Low,3/12/2026
success,"Vidya Nagar, Madgaon, Goa, India",Madgaon,Goa,India,Madgaon,Asia/Kolkata,15.33,73.98,ACA704868534,15.33,73.98,15.3005,74.0855,2026-03-12T22:41:36.000Z,TRUE,248,186,,,,117,104,,0,2,Sunny,34.3,93.7,23.2,14.4,55,0,0,29.72,1006,31.1,88.1,1.9,10,6,279,W,20.2,12.5,Low,3/12/2026
success,"Jhotwara, Jaipur, Rajasthan, India",Jaipur,Rajasthan,India,Jaipur,Asia/Kolkata,26.8845,75.7933,11304,26.8845,75.7933,26.8106,73.7685,2026-03-12T22:41:01.000Z,TRUE,78,120,897,41,9,58,45,6,0,25,Mist,25.1,77.1,23.4,14.6,28,0,0,29.85,1011,26.4,79.5,0,3,1,271,W,11.2,6.9,Low,3/12/2026
success,"Ie, Raipur, Chhattisgarh, India",Raipur,Chhattisgarh,India,Raipur,Asia/Kolkata,21.2444,81.6306,VIR18914,21.2444,81.6306,21.6637,81.8406,2026-03-12T22:41:01.000Z,TRUE,87,141,449,4,4,65,52,2,0,0,Clear,26.4,79.5,20.4,12.7,12,0,0,29.79,1009,28.4,83.2,0,10,6,234,SW,9.7,6,Low,3/12/2026
success,"Pan Bazaar, Guwahati, Assam, India",Guwahati,Assam,India,Guwahati,Asia/Kolkata,26.1722,91.7458,13729,26.1722,91.7458,26.4074,93.2551,2026-03-12T22:41:01.000Z,TRUE,237,178,464,1,4,119,101,2,0,75,Mist,24.7,76.4,12.5,7.7,94,0,0,29.85,1011,22.3,72.1,0,1.5,0,198,SSW,6.1,3.8,Low,3/12/2026
success,"Kidwaipuri, Patna, Bihar, India",Patna,Bihar,India,Patna,Asia/Kolkata,25.594,85.1376,8674,25.594,85.1376,25.6441,85.9065,2026-03-12T22:41:01.000Z,TRUE,334,228,921,8,14,211,165,2,0,50,Mist,24.7,76.5,14.4,8.9,74,0,0,29.77,1008,26.1,79,0,3.2,1,120,ESE,6.8,4.3,Low,3/12/2026
success,"Landour, Dehradun, Uttarakhand, India",Dehradun,Uttarakhand,India,Dehradun,Asia/Kolkata,30.345,78.029,12541,30.345,78.029,30.0417,79.0897,2026-03-12T22:41:01.000Z,TRUE,139,153,364,5,25,84,70,2,0,10,Clear,19.4,66.9,23.4,14.6,31,0,0,29.85,1011,19.4,66.9,0,10,6,42,NE,11.2,6.9,Low,3/12/2026
success,"Bani, Shimla, Himachal Pradesh, India",Shimla,Himachal Pradesh,India,Shimla,Asia/Kolkata,31.1033,77.1722,VIR21213,31.1033,77.1722,31.9292,77.1828,2026-03-12T22:41:01.000Z,TRUE,22,56,389,9,32,16,13,2,0,2,Clear,16.8,62.2,18.4,11.4,37,0,0,29.9,1012,16.8,62.2,0,10,6,75,ENE,9.4,5.8,Low,3/12/2026
success,"Nhpc Quarters, Gangtok, Sikkim, India",Gangtok,Sikkim,India,Gangtok,Asia/Kolkata,27.33,88.62,VIR7722,27.33,88.62,27.601,88.4541,2026-03-12T22:31:00.000Z,TRUE,49,88,198,2,10,46,30,4,0,84,Light rain shower,14.7,58.4,10.8,6.7,89,0.04,1.05,29.96,1015,14.7,58.4,0,10,6,113,ESE,3.6,2.2,Low,3/12/2026
success,"Bopal, Ahmedabad, Gujarat, India",Ahmedabad,Gujarat,India,Ahmedabad,Asia/Kolkata,23.0225,72.5714,13747,23.0225,72.5714,22.385,71.7453,2026-03-13T22:31:00.000Z,TRUE,94,134,417,18,23,67,53,4,0,0,Overcast,27.3,81.1,26.5,16.4,33,0,0,29.77,1008,29.2,84.6,0,3,1,324,NW,12.6,7.8,Low,3/13/2026
success,"Tavarekere, Bangalore, Karnataka, India",Bangalore,Karnataka,India,Bangalore,Asia/Kolkata,12.9789,77.5917,VIR1721,12.9789,77.5917,14.5204,75.7224,2026-03-13T22:11:02.000Z,TRUE,85,136,425,12,25,63,51,3,0,25,Clear,26.2,79.1,32.1,19.9,48,0,0,30,1016,26.2,79.2,0,6,3,128,SE,19.8,12.3,Low,3/13/2026
success,"Sivakami Nagar, Chennai, Tamil Nadu, India",Chennai,Tamil Nadu,India,Chennai,Asia/Kolkata,13.0825,80.275,14144,13.0825,80.275,10.9094,78.3665,2026-03-13T22:31:00.000Z,TRUE,50,89,502,5,16,36,30,2,0,0,Clear,32.7,90.8,22.4,13.9,79,0,0,29.83,1010,28.2,82.8,0,6,3,147,SSE,13.7,8.5,Low,3/13/2026
success,"Kphb Phase Iii, Hyderabad, Telangana, India",Hyderabad,Telangana,India,Hyderabad,Asia/Kolkata,17.3617,78.4747,VIR9820,17.3617,78.4747,17.8496,79.1152,2026-03-13T22:31:00.000Z,TRUE,97,147,478,7,20,70,57,3,0,0,Mist,26.6,79.9,34.5,21.4,58,0,0,29.94,1014,28.1,82.6,0,5,3,123,ESE,16.9,10.5,Low,3/13/2026
success,"Kamardanga, Kolkata, West Bengal, India",Kolkata,West Bengal,India,Kolkata,Asia/Kolkata,22.62,88.42,VIR5520,22.62,88.42,22.9965,87.6856,2026-03-13T22:31:00.000Z,TRUE,75,124,279,8,11,55,45,2,0,50,Mist,31.6,89,33.6,20.9,84,0,0,29.77,1008,27.1,80.8,0,3.5,2,196,SSW,22,13.6,Low,3/13/2026
success,"Worli, Mumbai, Maharashtra, India",Mumbai,Maharashtra,India,Mumbai,Asia/Kolkata,19.0761,72.8775,13706,19.0761,72.8775,18.9068,75.6742,2026-03-13T22:31:00.000Z,TRUE,90,137,355,14,29,64,52,4,0,0,Overcast,37.7,99.9,20.1,12.5,26,0,0,29.8,1009,32.4,90.3,0,2.5,1,333,NNW,10.8,6.7,Low,3/13/2026
success,"Dwarka, New Delhi, Delhi, India",New Delhi,Delhi,India,New Delhi,Asia/Kolkata,28.6325,77.2205,8181,28.6325,77.2205,28.6274,77.1717,2026-03-13T22:11:01.000Z,TRUE,80,125,430,10,27,60,47,2,0,50,Mist,24.5,76.1,28.9,18,54,0,0,29.83,1010,25.4,77.7,0,5,3,275,W,14,8.7,Low,3/13/2026
success,"Manjri, Pune, Maharashtra, India",Pune,Maharashtra,India,Pune,Asia/Kolkata,18.5203,73.8567,3767,18.5203,73.8567,18.9068,75.6742,2026-03-13T22:11:01.000Z,TRUE,125,155,386,8,29,77,66,2,0,1,Clear,25.4,77.7,20.4,12.7,28,0,0,29.86,1011,26.3,79.3,0,10,6,271,W,10.4,6.5,Low,3/13/2026
success,"Haibat Mau Mawaiya, Lucknow, Uttar Pradesh, India",Lucknow,Uttar Pradesh,India,Lucknow,Asia/Kolkata,26.85,80.95,VIR13353,26.85,80.95,27.1303,80.8597,2026-03-13T22:11:02.000Z,TRUE,118,155,441,10,10,78,64,4,0,0,Mist,25.4,77.8,29.5,18.3,51,0,0,29.77,1008,27.1,80.8,0,4,2,277,W,14,8.7,Low,3/13/2026
success,"Phase 2, Ludhiana, Punjab, India",Ludhiana,Punjab,India,Ludhiana,Asia/Kolkata,30.91,75.85,VIR13356,30.91,75.85,30.9293,75.5005,2026-03-13T22:31:00.000Z,TRUE,95,143,776,11,15,69,55,5,0,100,Overcast,20.8,69.5,22.7,14.1,23,0,0,29.79,1009,20.8,69.5,0,10,6,313,NW,10.8,6.7,Low,3/13/2026
success,"Bagsewaniya, Bhopal, Madhya Pradesh, India",Bhopal,Madhya Pradesh,India,Bhopal,Asia/Kolkata,23.2599,77.4126,VIR2430,23.2599,77.4126,23.8143,77.5341,2026-03-13T22:31:00.000Z,TRUE,84,133,916,43,15,65,50,3,0,0,Clear,25.1,77.2,11.3,7,13,0,0,29.81,1010,26.9,80.4,0,10,6,299,WNW,5.4,3.4,Low,3/13/2026
success,"Masani, Gurgaon, Haryana, India",Gurgaon,Haryana,India,Gurgaon,Asia/Kolkata,28.456,77.029,VIR8642,28.456,77.029,29,76,2026-03-13T22:11:02.000Z,TRUE,97,138,398,9,29,68,54,2,0,50,Mist,24.6,76.2,27.2,16.9,54,0,0,29.83,1010,25.4,77.7,0,5,3,273,W,13,8.1,Low,3/13/2026
success,"Athirappilly, Kochi, Kerala, India",Kochi,Kerala,India,Kochi,Asia/Kolkata,9.9312,76.2673,VIR11633,9.9312,76.2673,10.3529,76.512,2026-03-13T22:31:00.000Z,TRUE,82,134,366,8,30,62,49,2,0,75,Mist,32.6,90.7,10.8,6.7,84,0,0,29.83,1010,28.3,82.9,0,4,2,225,SW,6.5,4,Low,3/13/2026
success,"Arunika Vihar, Bhubaneswar, Odisha, India",Bhubaneswar,Odisha,India,Bhubaneswar,Asia/Kolkata,20.2644,85.8281,VIR2431,20.2644,85.8281,20.5431,84.6897,2026-03-13T22:31:00.000Z,TRUE,62,104,380,8,30,44,37,2,0,50,Mist,29.7,85.5,36.9,22.9,84,0,0,29.8,1009,26,78.8,0,4,2,205,SSW,24.1,15,Low,3/13/2026
success,"Gandhi Nagar Colony, Ranchi, Jharkhand, India",Ranchi,Jharkhand,India,Ranchi,Asia/Kolkata,23.36,85.33,VIR18962,23.36,85.33,23.456,85.2557,2026-03-13T22:31:00.000Z,TRUE,80,132,381,8,30,54,48,2,0,0,Mist,24,75.3,12.9,8,28,0,0,29.91,1013,25.4,77.7,0,5,3,291,WNW,6.1,3.8,Low,3/13/2026
success,"Vidya Nagar, Madgaon, Goa, India",Madgaon,Goa,India,Madgaon,Asia/Kolkata,15.33,73.98,ACA704868534,15.33,73.98,15.3005,74.0855,2026-03-13T22:31:00.000Z,TRUE,112,156,,,,74,64,,0,2,Clear,27.1,80.8,10.8,6.7,85,0,0,29.84,1011,24.8,76.6,0,10,6,273,W,3.6,2.2,Low,3/13/2026
success,"Ward 27, Jaipur, Rajasthan, India",Jaipur,Rajasthan,India,Jaipur,Asia/Kolkata,26.8845,75.7933,VIR10340,26.8845,75.7933,26.8106,73.7685,2026-03-13T22:31:00.000Z,TRUE,55,93,852,18,14,41,32,5,0,25,Mist,26.4,79.6,28.7,17.9,27,0,0,29.85,1011,28.2,82.8,0,4,2,10,N,13.7,8.5,Low,3/13/2026
success,"Ie, Raipur, Chhattisgarh, India",Raipur,Chhattisgarh,India,Raipur,Asia/Kolkata,21.2444,81.6306,VIR18914,21.2444,81.6306,21.6637,81.8406,2026-03-13T22:31:00.000Z,TRUE,144,163,454,4,4,87,73,2,0,0,Clear,26.7,80.1,15.9,9.9,11,0,0,29.77,1008,28.8,83.9,0,10,6,230,SW,7.6,4.7,Low,3/13/2026
success,"Bongshar, Guwahati, Assam, India",Guwahati,Assam,India,Guwahati,Asia/Kolkata,26.1722,91.7458,VIR8658,26.1722,91.7458,26.4074,93.2551,2026-03-13T22:31:00.000Z,TRUE,63,107,205,1,29,46,38,1,0,75,Moderate or heavy rain with thunder,20.7,69.3,5.8,3.6,87,0,0,29.77,1008,20.7,69.3,0,1.5,0,139,SE,3.6,2.2,Low,3/13/2026
success,"Gulzarbagh, Patna, Bihar, India",Patna,Bihar,India,Patna,Asia/Kolkata,25.594,85.1376,VIR17517,25.594,85.1376,25.6441,85.9065,2026-03-13T22:11:02.000Z,TRUE,160,165,928,8,16,96,78,2,0,50,Mist,24.8,76.6,10.8,6.7,61,0,0,29.74,1007,26.4,79.5,0,3.5,2,192,SSW,3.6,2.2,Low,3/13/2026
success,"Landour, Dehradun, Uttarakhand, India",Dehradun,Uttarakhand,India,Dehradun,Asia/Kolkata,30.345,78.029,12541,30.345,78.029,30.0417,79.0897,2026-03-13T22:31:00.000Z,TRUE,74,117,353,3,21,54,43,2,0,42,Partly Cloudy,18.8,65.9,19.2,11.9,28,0,0,29.86,1011,18.8,65.9,0,10,6,48,NE,9.4,5.8,Low,3/13/2026
success,"Bani, Shimla, Himachal Pradesh, India",Shimla,Himachal Pradesh,India,Shimla,Asia/Kolkata,31.1033,77.1722,VIR21213,31.1033,77.1722,31.9292,77.1828,2026-03-13T22:31:00.000Z,TRUE,21,56,681,9,23,15,12,20,0,34,Partly Cloudy,15.4,59.7,16.6,10.3,35,0,0,29.92,1013,15.4,59.7,0,10,6,65,ENE,8.3,5.1,Low,3/13/2026
success,"Nhpc Quarters, Gangtok, Sikkim, India",Gangtok,Sikkim,India,Gangtok,Asia/Kolkata,27.33,88.62,VIR7722,27.33,88.62,27.601,88.4541,2026-03-13T22:31:00.000Z,TRUE,31,63,209,2,8,30,18,3,0,50,Light rain shower,11.5,52.7,3.9,2.4,86,0.02,0.49,29.93,1014,11.5,52.7,0,10,6,53,NE,3.6,2.2,Low,3/13/2026
success,"Maninagar, Ahmedabad, Gujarat, India",Ahmedabad,Gujarat,India,Ahmedabad,Asia/Kolkata,23.0225,72.5714,8192,23.0225,72.5714,22.385,71.7453,2026-03-14T13:51:01.000Z,TRUE,28,62,276,9,30,22,16,8,0,50,Overcast,38.3,100.9,31.1,19.3,47,0,0,29.65,1004,34.1,93.4,10.8,4,2,238,WSW,27,16.8,Extreme,3/14/2026
success,"Peenya, Bangalore, Karnataka, India",Bangalore,Karnataka,India,Bangalore,Asia/Kolkata,12.9789,77.5917,3758,12.9789,77.5917,14.5204,75.7224,2026-03-14T13:51:01.000Z,TRUE,28,63,268,7,25,20,16,2,0,50,Partly Cloudy,28,82.3,20.7,12.9,70,0,0,29.94,1014,28.1,82.6,8.2,6,3,281,W,18,11.2,Very High,3/14/2026
success,"Kazhikundram, Chennai, Tamil Nadu, India",Chennai,Tamil Nadu,India,Chennai,Asia/Kolkata,13.0825,80.275,11279,13.0825,80.275,10.9094,78.3665,2026-03-14T13:51:01.000Z,TRUE,68,111,254,5,31,49,40,2,0,100,Mist,34,93.2,13.6,8.5,75,0,0.02,29.74,1007,31.2,88.2,1.6,5,3,80,E,11.2,6.9,Low,3/14/2026
success,"Moula Ali, Hyderabad, Telangana, India",Hyderabad,Telangana,India,Hyderabad,Asia/Kolkata,17.4139,78.5783,14156,17.4139,78.5783,17.8496,79.1152,2026-03-14T13:51:01.000Z,TRUE,30,66,333,6,21,23,18,3,0,75,Mist,36.8,98.2,14.5,9,44,0,0,29.83,1010,34.2,93.6,10,5,3,275,W,12.6,7.8,Very High,3/14/2026
success,"Dhakuria, Kolkata, West Bengal, India",Kolkata,West Bengal,India,Kolkata,Asia/Kolkata,22.5325,88.3521,12458,22.5325,88.3521,22.9965,87.6856,2026-03-14T13:51:01.000Z,TRUE,74,122,229,26,27,55,44,23,0,50,Mist,42.2,107.9,29,18,67,0.02,0.4,29.65,1004,33.1,91.6,7.1,4,2,165,SSE,25.2,15.7,Very High,3/14/2026
success,"Malad West, Mumbai, Maharashtra, India",Mumbai,Maharashtra,India,Mumbai,Asia/Kolkata,19.29,72.85,13803,19.29,72.85,18.9068,75.6742,2026-03-14T13:51:01.000Z,TRUE,24,58,227,7,21,20,14,6,0,50,Mist,42.3,108.1,28.6,17.8,63,0,0,29.77,1008,34.3,93.7,10.1,4,2,244,WSW,24.8,15.4,Extreme,3/14/2026
success,"Puth Khurd, New Delhi, Delhi, India",New Delhi,Delhi,India,New Delhi,Asia/Kolkata,28.6325,77.2205,11267,28.6325,77.2205,28.6274,77.1717,2026-03-14T13:51:01.000Z,TRUE,42,79,161,17,42,31,25,8,0,50,Partly Cloudy,29.8,85.6,14.1,8.7,49,0,0,29.71,1006,32,89.6,8.3,6,3,110,ESE,12.2,7.6,Very High,3/14/2026
success,"Shivajinagar, Pune, Maharashtra, India",Pune,Maharashtra,India,Pune,Asia/Kolkata,18.5203,73.8567,3760,18.5203,73.8567,18.9068,75.6742,2026-03-14T13:51:01.000Z,TRUE,25,60,150,12,41,20,15,2,0,16,Sunny,24.9,76.8,29.4,18.3,40,0,0,29.75,1007,33.9,93,11.3,10,6,259,W,25.6,15.9,Extreme,3/14/2026
success,"Gomti Nagar, Lucknow, Uttar Pradesh, India",Lucknow,Uttar Pradesh,India,Lucknow,Asia/Kolkata,26.85,80.95,12468,26.85,80.95,27.1303,80.8597,2026-03-14T13:51:01.000Z,TRUE,68,114,262,19,40,49,41,3,0,75,Mist,31.3,88.3,12.9,8,56,0,0,29.68,1005,33.3,91.9,8.1,5,3,162,SSE,11.2,6.9,Very High,3/14/2026
success,"Haibowal Khurd, Ludhiana, Punjab, India",Ludhiana,Punjab,India,Ludhiana,Asia/Kolkata,30.91,75.85,11272,30.91,75.85,30.9293,75.5005,2026-03-14T13:51:01.000Z,TRUE,34,68,413,24,33,27,20,4,0,7,Sunny,30.7,87.3,31.5,19.6,22,0,0,29.56,1001,40.1,104.1,2,10,6,140,SE,27.4,17,Low,3/14/2026
success,"Bagsewaniya, Bhopal, Madhya Pradesh, India",Bhopal,Madhya Pradesh,India,Bhopal,Asia/Kolkata,23.2599,77.4126,VIR2430,23.2599,77.4126,23.8143,77.5341,2026-03-14T13:51:01.000Z,TRUE,46,84,299,10,24,37,27,3,0,50,Partly Cloudy,34.2,93.5,18.6,11.6,42,0,0,29.74,1007,35.3,95.5,10.3,6,3,245,WSW,16.2,10.1,Extreme,3/14/2026
success,"Khoh, Gurgaon, Haryana, India",Gurgaon,Haryana,India,Gurgaon,Asia/Kolkata,28.456,77.029,12445,28.456,77.029,29,76,2026-03-14T13:51:01.000Z,TRUE,41,79,281,5,39,29,25,2,0,50,Partly Cloudy,29.8,85.6,17,10.6,49,0,0,29.71,1006,32,89.6,8.5,6,3,94,E,14.8,9.2,Very High,3/14/2026
success,"Church, Kochi, Kerala, India",Kochi,Kerala,India,Kochi,Asia/Kolkata,9.9312,76.2673,ACA70486879C,9.9312,76.2673,10.3529,76.512,2026-03-14T13:51:01.000Z,TRUE,26,59,288,5,41,18,16,2,0,50,Mist,35.2,95.3,13.8,8.6,70,0,0.1,29.83,1010,30.2,86.4,8.6,5,3,269,W,11.5,7.2,Very High,3/14/2026
success,"Arunika Vihar, Bhubaneswar, Odisha, India",Bhubaneswar,Odisha,India,Bhubaneswar,Asia/Kolkata,20.2644,85.8281,VIR2431,20.2644,85.8281,20.5431,84.6897,2026-03-14T13:51:01.000Z,TRUE,57,98,74,5,56,40,34,2,0,75,Mist,39.3,102.7,21.1,13.1,53,0,0,29.65,1004,36.3,97.3,7.4,5,3,195,SSW,18.4,11.4,Very High,3/14/2026
success,"Gandhi Nagar Colony, Ranchi, Jharkhand, India",Ranchi,Jharkhand,India,Ranchi,Asia/Kolkata,23.36,85.33,VIR18962,23.36,85.33,23.456,85.2557,2026-03-14T13:51:01.000Z,TRUE,66,111,303,3,1,45,40,1,0,75,Mist,28.1,82.6,8.3,5.1,66,0,0.02,29.83,1010,30.1,86.2,2.5,5,3,147,SSE,7.2,4.5,Moderate,3/14/2026
success,"Vidya Nagar, Madgaon, Goa, India",Madgaon,Goa,India,Madgaon,Asia/Kolkata,15.33,73.98,ACA704868534,15.33,73.98,15.3005,74.0855,2026-03-14T13:51:01.000Z,TRUE,18,54,,,,14,10,,0,74,Patchy rain nearby,36.2,97.2,18.6,11.6,60,0,0.02,29.79,1009,31.7,89,9.5,10,6,269,W,16.2,10.1,Very High,3/14/2026
success,"Jhotwara, Jaipur, Rajasthan, India",Jaipur,Rajasthan,India,Jaipur,Asia/Kolkata,26.8845,75.7933,11304,26.8845,75.7933,26.8106,73.7685,2026-03-14T13:51:01.000Z,TRUE,42,80,162,36,36,32,25,4,0,50,Mist,35.3,95.5,23.6,14.7,45,0,0,29.68,1005,36.3,97.3,10.5,4,2,204,SSW,20.5,12.8,Extreme,3/14/2026
success,"Ie, Raipur, Chhattisgarh, India",Raipur,Chhattisgarh,India,Raipur,Asia/Kolkata,21.2444,81.6306,VIR18914,21.2444,81.6306,21.6637,81.8406,2026-03-14T13:51:01.000Z,TRUE,49,87,133,5,23,34,29,2,0,47,Partly Cloudy,31.7,89.1,26.1,16.2,24,0,0,29.59,1002,40.1,104.2,5.4,10,6,281,W,22.7,14.1,High,3/14/2026
success,"Pan Bazaar, Guwahati, Assam, India",Guwahati,Assam,India,Guwahati,Asia/Kolkata,26.1722,91.7458,13729,26.1722,91.7458,26.4074,93.2551,2026-03-14T13:51:01.000Z,TRUE,64,108,241,5,1,48,39,28,0,50,Mist,45.4,113.7,5.3,3.3,67,0.03,0.65,29.65,1004,33.2,91.8,5.6,3,1,203,SSW,3.6,2.2,High,3/14/2026
success,"Kidwaipuri, Patna, Bihar, India",Patna,Bihar,India,Patna,Asia/Kolkata,25.594,85.1376,8674,25.594,85.1376,25.6441,85.9065,2026-03-14T13:51:01.000Z,TRUE,67,113,239,10,30,50,40,3,0,50,Mist,33.3,91.9,19.9,12.4,67,0,0,29.65,1004,33.4,92.1,7.4,5,3,80,E,15.8,9.8,Very High,3/14/2026
success,"New Subhash Nagar, Dehradun, Uttarakhand, India",Dehradun,Uttarakhand,India,Dehradun,Asia/Kolkata,30.345,78.029,VIR5694,30.345,78.029,30.0417,79.0897,2026-03-14T13:51:01.000Z,TRUE,15,42,279,5,39,12,9,2,0,76,Patchy rain nearby,24.9,76.8,20.7,12.9,33,0,0.04,29.7,1006,32.4,90.3,9,10,6,285,WNW,18,11.2,Very High,3/14/2026
success,"Bani, Shimla, Himachal Pradesh, India",Shimla,Himachal Pradesh,India,Shimla,Asia/Kolkata,31.1033,77.1722,VIR21213,31.1033,77.1722,31.9292,77.1828,2026-03-14T13:51:01.000Z,TRUE,16,46,289,4,39,11,10,2,0,11,Sunny,20.5,68.9,12,7.5,35,0,0,29.72,1006,26.1,79.1,3.6,10,6,176,S,8.6,5.4,Moderate,3/14/2026
success,"Nhpc Quarters, Gangtok, Sikkim, India",Gangtok,Sikkim,India,Gangtok,Asia/Kolkata,27.33,88.62,VIR7722,27.33,88.62,27.601,88.4541,2026-03-14T13:51:01.000Z,TRUE,40,75,229,95,34,31,24,2,0,89,Patchy rain nearby,16.2,61.2,11.7,7.3,77,0.02,0.41,29.85,1011,22,71.6,7.3,9,5,189,S,9,5.6,Very High,3/14/2026
success,"Rakhial, Ahmedabad, Gujarat, India",Ahmedabad,Gujarat,India,Ahmedabad,Asia/Kolkata,23.0225,72.5714,13748,23.0225,72.5714,22.385,71.7453,2026-03-15T14:01:00.000Z,TRUE,28,62,277,9,30,23,17,8,0,2,Sunny,33.6,92.5,31.9,19.8,19,0,0,29.55,1001,43,109.4,8.7,10,6,243,WSW,27.7,17.2,Very High,3/15/2026
success,"Peenya, Bangalore, Karnataka, India",Bangalore,Karnataka,India,Bangalore,Asia/Kolkata,12.9789,77.5917,3758,12.9789,77.5917,14.5204,75.7224,2026-03-15T14:01:00.000Z,TRUE,28,63,268,7,25,20,16,2,0,50,Partly Cloudy,28,82.3,20.7,12.9,70,0,0,29.94,1014,28.1,82.6,8.2,6,3,281,W,18,11.2,Very High,3/15/2026
success,"Kazhikundram, Chennai, Tamil Nadu, India",Chennai,Tamil Nadu,India,Chennai,Asia/Kolkata,13.0825,80.275,11279,13.0825,80.275,10.9094,78.3665,2026-03-15T14:01:00.000Z,TRUE,68,111,254,5,31,49,40,2,0,100,Mist,34,93.2,13.6,8.5,75,0,0.02,29.74,1007,31.2,88.2,1.6,5,3,80,E,11.2,6.9,Low,3/15/2026
success,"Moula Ali, Hyderabad, Telangana, India",Hyderabad,Telangana,India,Hyderabad,Asia/Kolkata,17.4139,78.5783,14156,17.4139,78.5783,17.8496,79.1152,2026-03-15T14:01:00.000Z,TRUE,30,66,341,6,21,22,18,3,0,75,Partly Cloudy,37.9,100.3,7.9,4.9,42,0,0,29.8,1009,35.4,95.7,7.5,6,3,291,WNW,6.8,4.3,Very High,3/15/2026
success,"Cossipore, Kolkata, West Bengal, India",Kolkata,West Bengal,India,Kolkata,Asia/Kolkata,22.5944,88.2515,9145,22.5944,88.2515,22.9965,87.6856,2026-03-15T14:01:00.000Z,TRUE,76,124,236,30,27,55,45,23,0,50,Mist,38.3,100.9,31.1,19.3,71,0.06,1.47,29.65,1004,33.4,92.1,4.7,4,2,167,SSE,24.8,15.4,Moderate,3/15/2026
success,"Malad West, Mumbai, Maharashtra, India",Mumbai,Maharashtra,India,Mumbai,Asia/Kolkata,19.29,72.85,13803,19.29,72.85,18.9068,75.6742,2026-03-15T14:01:00.000Z,TRUE,24,58,227,7,21,20,14,6,0,50,Mist,42.3,108.1,28.6,17.8,63,0,0,29.77,1008,34.3,93.7,10.1,4,2,244,WSW,24.8,15.4,Extreme,3/15/2026
success,"Puth Khurd, New Delhi, Delhi, India",New Delhi,Delhi,India,New Delhi,Asia/Kolkata,28.6325,77.2205,11267,28.6325,77.2205,28.6274,77.1717,2026-03-15T14:01:00.000Z,TRUE,42,79,161,17,42,31,25,8,0,50,Partly Cloudy,29.8,85.6,14.1,8.7,49,0,0,29.71,1006,32,89.6,8.3,6,3,110,ESE,12.2,7.6,Very High,3/15/2026
success,"Shivajinagar, Pune, Maharashtra, India",Pune,Maharashtra,India,Pune,Asia/Kolkata,18.5203,73.8567,3760,18.5203,73.8567,18.9068,75.6742,2026-03-15T14:01:00.000Z,TRUE,25,60,150,12,41,20,15,2,0,16,Sunny,24.9,76.8,29.4,18.3,40,0,0,29.75,1007,33.9,93,11.3,10,6,259,W,25.6,15.9,Extreme,3/15/2026
success,"Gomti Nagar, Lucknow, Uttar Pradesh, India",Lucknow,Uttar Pradesh,India,Lucknow,Asia/Kolkata,26.85,80.95,12468,26.85,80.95,27.1303,80.8597,2026-03-15T14:01:00.000Z,TRUE,68,114,262,19,40,49,41,3,0,75,Mist,31.3,88.3,12.9,8,56,0,0,29.68,1005,33.3,91.9,8.1,5,3,162,SSE,11.2,6.9,Very High,3/15/2026
success,"Kalal Majra, Ludhiana, Punjab, India",Ludhiana,Punjab,India,Ludhiana,Asia/Kolkata,30.91,75.85,11309,30.91,75.85,30.9293,75.5005,2026-03-15T14:01:00.000Z,TRUE,34,68,402,24,32,28,20,4,0,9,Sunny,30.1,86.2,29.4,18.3,23,0,0,29.56,1001,39.1,102.3,4.3,10,6,145,SE,25.6,15.9,Moderate,3/15/2026
success,"Bagsewaniya, Bhopal, Madhya Pradesh, India",Bhopal,Madhya Pradesh,India,Bhopal,Asia/Kolkata,23.2599,77.4126,VIR2430,23.2599,77.4126,23.8143,77.5341,2026-03-15T14:01:00.000Z,TRUE,46,84,299,10,24,37,27,3,0,50,Partly Cloudy,34.2,93.5,18.6,11.6,42,0,0,29.74,1007,35.3,95.5,10.3,6,3,245,WSW,16.2,10.1,Extreme,3/15/2026
success,"Khoh, Gurgaon, Haryana, India",Gurgaon,Haryana,India,Gurgaon,Asia/Kolkata,28.456,77.029,12445,28.456,77.029,29,76,2026-03-15T14:01:00.000Z,TRUE,41,79,281,5,39,29,25,2,0,50,Partly Cloudy,29.8,85.6,17,10.6,49,0,0,29.71,1006,32,89.6,8.5,6,3,94,E,14.8,9.2,Very High,3/15/2026
success,"Church, Kochi, Kerala, India",Kochi,Kerala,India,Kochi,Asia/Kolkata,9.9312,76.2673,ACA70486879C,9.9312,76.2673,10.3529,76.512,2026-03-15T14:01:00.000Z,TRUE,26,59,288,5,41,18,16,2,0,50,Mist,35.2,95.3,13.8,8.6,70,0,0.1,29.83,1010,30.2,86.4,8.6,5,3,269,W,11.5,7.2,Very High,3/15/2026
success,"Arunika Vihar, Bhubaneswar, Odisha, India",Bhubaneswar,Odisha,India,Bhubaneswar,Asia/Kolkata,20.2644,85.8281,VIR2431,20.2644,85.8281,20.5431,84.6897,2026-03-15T14:01:00.000Z,TRUE,57,98,74,5,56,40,34,2,0,75,Mist,39.3,102.7,21.1,13.1,53,0,0,29.65,1004,36.3,97.3,7.4,5,3,195,SSW,18.4,11.4,Very High,3/15/2026
success,"Gandhi Nagar Colony, Ranchi, Jharkhand, India",Ranchi,Jharkhand,India,Ranchi,Asia/Kolkata,23.36,85.33,VIR18962,23.36,85.33,23.456,85.2557,2026-03-15T14:01:00.000Z,TRUE,61,104,292,3,1,43,37,1,0,75,Mist,28.1,82.6,8.3,5.1,66,0,0.02,29.83,1010,30.1,86.2,2.5,5,3,147,SSE,7.2,4.5,Moderate,3/15/2026
success,"Vidya Nagar, Madgaon, Goa, India",Madgaon,Goa,India,Madgaon,Asia/Kolkata,15.33,73.98,ACA704868534,15.33,73.98,15.3005,74.0855,2026-03-15T14:01:00.000Z,TRUE,18,54,,,,14,10,,0,74,Patchy rain nearby,36.2,97.2,18.6,11.6,60,0,0.02,29.79,1009,31.7,89,9.5,10,6,269,W,16.2,10.1,Very High,3/15/2026
success,"Jhotwara, Jaipur, Rajasthan, India",Jaipur,Rajasthan,India,Jaipur,Asia/Kolkata,26.8845,75.7933,11304,26.8845,75.7933,26.8106,73.7685,2026-03-15T14:01:00.000Z,TRUE,42,80,162,36,36,32,25,4,0,50,Mist,35.3,95.5,23.6,14.7,45,0,0,29.68,1005,36.3,97.3,10.5,4,2,204,SSW,20.5,12.8,Extreme,3/15/2026
success,"Ie, Raipur, Chhattisgarh, India",Raipur,Chhattisgarh,India,Raipur,Asia/Kolkata,21.2444,81.6306,VIR18914,21.2444,81.6306,21.6637,81.8406,2026-03-15T14:01:00.000Z,TRUE,49,87,133,5,23,34,29,2,0,47,Partly Cloudy,31.7,89.1,26.1,16.2,24,0,0,29.59,1002,40.1,104.2,5.4,10,6,281,W,22.7,14.1,High,3/15/2026
success,"Pan Bazaar, Guwahati, Assam, India",Guwahati,Assam,India,Guwahati,Asia/Kolkata,26.1722,91.7458,13729,26.1722,91.7458,26.4074,93.2551,2026-03-15T14:01:00.000Z,TRUE,65,110,244,4,1,52,39,26,0,50,Mist,44,111.1,6.9,4.3,67,0,0.11,29.65,1004,33.4,92.1,2.6,3,1,181,S,5,3.1,Moderate,3/15/2026
success,"Kidwaipuri, Patna, Bihar, India",Patna,Bihar,India,Patna,Asia/Kolkata,25.594,85.1376,8674,25.594,85.1376,25.6441,85.9065,2026-03-15T14:01:00.000Z,TRUE,67,113,239,10,30,50,40,3,0,50,Mist,33.3,91.9,19.9,12.4,67,0,0,29.65,1004,33.4,92.1,7.4,5,3,80,E,15.8,9.8,Very High,3/15/2026
success,"New Subhash Nagar, Dehradun, Uttarakhand, India",Dehradun,Uttarakhand,India,Dehradun,Asia/Kolkata,30.345,78.029,VIR5694,30.345,78.029,30.0417,79.0897,2026-03-15T14:01:00.000Z,TRUE,15,42,279,5,39,12,9,2,0,76,Patchy rain nearby,24.9,76.8,20.7,12.9,33,0,0.04,29.7,1006,32.4,90.3,9,10,6,285,WNW,18,11.2,Very High,3/15/2026
success,"Bani, Shimla, Himachal Pradesh, India",Shimla,Himachal Pradesh,India,Shimla,Asia/Kolkata,31.1033,77.1722,VIR21213,31.1033,77.1722,31.9292,77.1828,2026-03-15T14:01:00.000Z,TRUE,16,46,289,4,39,11,10,2,0,11,Sunny,20.5,68.9,12,7.5,35,0,0,29.72,1006,26.1,79.1,3.6,10,6,176,S,8.6,5.4,Moderate,3/15/2026
success,"Nhpc Quarters, Gangtok, Sikkim, India",Gangtok,Sikkim,India,Gangtok,Asia/Kolkata,27.33,88.62,VIR7722,27.33,88.62,27.601,88.4541,2026-03-15T14:01:00.000Z,TRUE,40,75,229,95,34,31,24,2,0,89,Patchy rain nearby,16.2,61.2,11.7,7.3,77,0.02,0.41,29.85,1011,22,71.6,7.3,9,5,189,S,9,5.6,Very High,3/15/2026
success,"Rakhial, Ahmedabad, Gujarat, India",Ahmedabad,Gujarat,India,Ahmedabad,Asia/Kolkata,23.0225,72.5714,13748,23.0225,72.5714,22.385,71.7453,2026-03-16T14:11:02.000Z,TRUE,29,63,275,9,29,23,17,7,0,2,Sunny,33.6,92.5,31.9,19.8,19,0,0,29.55,1001,43,109.4,8.7,10,6,243,WSW,27.7,17.2,Very High,3/16/2026
success,"Peenya, Bangalore, Karnataka, India",Bangalore,Karnataka,India,Bangalore,Asia/Kolkata,12.9789,77.5917,3758,12.9789,77.5917,14.5204,75.7224,2026-03-16T14:11:02.000Z,TRUE,27,63,258,7,28,20,16,2,0,50,Partly Cloudy,27.9,82.2,19.5,12.1,70,0,0,29.94,1014,28.2,82.8,3.4,6,3,281,WNW,16.9,10.5,Moderate,3/16/2026
success,"Kazhikundram, Chennai, Tamil Nadu, India",Chennai,Tamil Nadu,India,Chennai,Asia/Kolkata,13.0825,80.275,11279,13.0825,80.275,10.9094,78.3665,2026-03-16T14:11:02.000Z,TRUE,57,100,272,5,31,43,34,2,0,100,Mist,37.3,99.2,24.3,15.1,67,0,0.01,29.71,1006,32.3,90.1,1.3,5,3,110,ESE,19.1,11.9,Low,3/16/2026
success,"Moula Ali, Hyderabad, Telangana, India",Hyderabad,Telangana,India,Hyderabad,Asia/Kolkata,17.4139,78.5783,14156,17.4139,78.5783,17.8496,79.1152,2026-03-16T14:11:02.000Z,TRUE,29,65,334,6,21,22,17,3,0,75,Partly Cloudy,37.9,100.3,7.9,4.9,42,0,0,29.8,1009,35.4,95.7,7.5,6,3,291,WNW,6.8,4.3,Very High,3/16/2026
success,"Cossipore, Kolkata, West Bengal, India",Kolkata,West Bengal,India,Kolkata,Asia/Kolkata,22.5944,88.2515,9145,22.5944,88.2515,22.9965,87.6856,2026-03-16T14:11:02.000Z,TRUE,74,123,225,28,27,54,45,21,0,50,Mist,38.3,100.9,31.1,19.3,71,0.06,1.47,29.65,1004,33.4,92.1,4.7,4,2,167,SSE,24.8,15.4,Moderate,3/16/2026
success,"Mahalakshmi, Mumbai, Maharashtra, India",Mumbai,Maharashtra,India,Mumbai,Asia/Kolkata,19.0761,72.8775,11921,19.0761,72.8775,18.9068,75.6742,2026-03-16T14:11:02.000Z,TRUE,22,56,236,7,19,19,13,5,0,50,Mist,45.2,113.3,32.5,20.2,63,0,0,29.77,1008,34.2,93.6,8.6,4,2,244,WSW,24.8,15.4,Very High,3/16/2026
success,"Puth Khurd, New Delhi, Delhi, India",New Delhi,Delhi,India,New Delhi,Asia/Kolkata,28.6325,77.2205,11267,28.6325,77.2205,28.6274,77.1717,2026-03-16T14:11:02.000Z,TRUE,41,78,159,17,41,31,25,8,0,50,Partly Cloudy,30.1,86.2,12.9,8,49,0,0,29.71,1006,32.3,90.1,6.4,6,3,112,ESE,11.2,6.9,High,3/16/2026
success,"Shivajinagar, Pune, Maharashtra, India",Pune,Maharashtra,India,Pune,Asia/Kolkata,18.5203,73.8567,3760,18.5203,73.8567,18.9068,75.6742,2026-03-16T14:11:02.000Z,TRUE,25,61,153,13,39,20,15,2,0,14,Sunny,25.5,77.9,28.6,17.8,38,0,0,29.73,1007,34.3,93.7,8.9,10,6,258,W,24.8,15.4,Very High,3/16/2026
success,"Gomti Nagar, Lucknow, Uttar Pradesh, India",Lucknow,Uttar Pradesh,India,Lucknow,Asia/Kolkata,26.85,80.95,12468,26.85,80.95,27.1303,80.8597,2026-03-16T14:11:02.000Z,TRUE,67,113,259,20,40,48,40,3,0,75,Mist,32.3,90.2,7.9,4.9,53,0,0,29.68,1005,34.3,93.7,5.8,5,3,181,S,6.8,4.3,High,3/16/2026
success,"Kalal Majra, Ludhiana, Punjab, India",Ludhiana,Punjab,India,Ludhiana,Asia/Kolkata,30.91,75.85,11309,30.91,75.85,30.9293,75.5005,2026-03-16T14:11:02.000Z,TRUE,34,69,405,24,33,28,20,4,0,9,Sunny,30.1,86.2,29.4,18.3,23,0,0,29.56,1001,39.1,102.3,4.3,10,6,145,SE,25.6,15.9,Moderate,3/16/2026
success,"Sector D Industrial Area, Bhopal, Madhya Pradesh, India",Bhopal,Madhya Pradesh,India,Bhopal,Asia/Kolkata,23.2599,77.4126,11275,23.2599,77.4126,23.8143,77.5341,2026-03-16T14:11:02.000Z,TRUE,47,85,302,10,24,37,28,2,0,50,Partly Cloudy,33.5,92.3,19.5,12.1,42,0,0,29.74,1007,35.2,95.4,7.8,6,3,243,WSW,16.9,10.5,Very High,3/16/2026
success,"Khoh, Gurgaon, Haryana, India",Gurgaon,Haryana,India,Gurgaon,Asia/Kolkata,28.456,77.029,12445,28.456,77.029,29,76,2026-03-16T14:11:02.000Z,TRUE,40,77,280,5,39,28,24,2,0,50,Partly Cloudy,30.1,86.2,15.7,9.8,49,0,0,29.71,1006,32.3,90.1,6.6,6,3,96,E,13.7,8.5,High,3/16/2026
success,"Edayar, Kochi, Kerala, India",Kochi,Kerala,India,Kochi,Asia/Kolkata,9.9312,76.2673,11919,9.9312,76.2673,10.3529,76.512,2026-03-16T14:11:02.000Z,TRUE,20,51,286,5,40,16,12,2,0,52,Rain Shower,31.9,89.4,16.7,10.4,71,0.02,0.62,29.83,1010,28.6,83.4,7.3,10,6,273,W,13.3,8.3,Very High,3/16/2026
success,"Laxmi Sagar, Bhubaneswar, Odisha, India",Bhubaneswar,Odisha,India,Bhubaneswar,Asia/Kolkata,20.2644,85.8281,PLLODA000512,20.2644,85.8281,20.5431,84.6897,2026-03-16T14:11:02.000Z,TRUE,49,88,72,5,60,34,29,2,0,75,Mist,38.8,101.8,23.6,14.7,53,0,0,29.65,1004,36,96.8,4.8,5,3,181,S,20.5,12.8,Moderate,3/16/2026
success,"Gandhi Nagar Colony, Ranchi, Jharkhand, India",Ranchi,Jharkhand,India,Ranchi,Asia/Kolkata,23.36,85.33,VIR18962,23.36,85.33,23.456,85.2557,2026-03-16T14:11:02.000Z,TRUE,63,106,300,3,1,44,38,1,0,50,Mist,30.4,86.8,18.6,11.6,62,0.01,0.37,29.83,1010,30.4,86.7,3,4,2,290,WNW,16.2,10.1,Moderate,3/16/2026
success,"Vidya Nagar, Madgaon, Goa, India",Madgaon,Goa,India,Madgaon,Asia/Kolkata,15.33,73.98,ACA704868534,15.33,73.98,15.3005,74.0855,2026-03-16T14:11:02.000Z,TRUE,18,55,,,,14,11,,0,68,Patchy rain nearby,36,96.8,17.8,11.1,59,0,0.02,29.78,1009,31.7,89.1,7.4,10,6,270,W,15.5,9.6,Very High,3/16/2026
success,"Jhotwara, Jaipur, Rajasthan, India",Jaipur,Rajasthan,India,Jaipur,Asia/Kolkata,26.8845,75.7933,11304,26.8845,75.7933,26.8106,73.7685,2026-03-16T14:11:02.000Z,TRUE,42,81,138,39,37,32,25,4,0,50,Mist,34.9,94.9,26.5,16.5,45,0,0,29.68,1005,36.4,97.5,8.1,4,2,202,SSW,23,14.3,Very High,3/16/2026
success,"Ie, Raipur, Chhattisgarh, India",Raipur,Chhattisgarh,India,Raipur,Asia/Kolkata,21.2444,81.6306,VIR18914,21.2444,81.6306,21.6637,81.8406,2026-03-16T14:11:02.000Z,TRUE,61,104,40,5,28,44,36,2,0,31,Partly Cloudy,33.3,91.9,19.9,12.3,22,0,0,29.56,1001,40.7,105.2,6,10,6,267,W,17.3,10.7,High,3/16/2026
success,"Pan Bazaar, Guwahati, Assam, India",Guwahati,Assam,India,Guwahati,Asia/Kolkata,26.1722,91.7458,13729,26.1722,91.7458,26.4074,93.2551,2026-03-16T14:11:02.000Z,TRUE,66,111,245,5,1,51,40,25,0,50,Mist,44,111.1,6.9,4.3,67,0,0.11,29.65,1004,33.4,92.1,2.6,3,1,181,S,5,3.1,Moderate,3/16/2026
success,"Khajpura, Patna, Bihar, India",Patna,Bihar,India,Patna,Asia/Kolkata,25.594,85.1376,12742,25.594,85.1376,25.6441,85.9065,2026-03-16T14:11:02.000Z,TRUE,69,115,191,14,31,51,41,1,0,50,Mist,32.5,90.5,17.5,10.9,63,0,0,29.65,1004,33.2,91.8,5.1,5,3,86,E,14.8,9.2,High,3/16/2026
success,"Landour, Dehradun, Uttarakhand, India",Dehradun,Uttarakhand,India,Dehradun,Asia/Kolkata,30.345,78.029,12541,30.345,78.029,30.0417,79.0897,2026-03-16T14:11:02.000Z,TRUE,14,40,287,5,40,11,8,2,0,71,Patchy rain nearby,19.6,67.3,8.4,5.2,45,0.01,0.18,29.76,1008,24.7,76.4,6.2,9,5,331,NNW,5.8,3.6,High,3/16/2026
success,"Bani, Shimla, Himachal Pradesh, India",Shimla,Himachal Pradesh,India,Shimla,Asia/Kolkata,31.1033,77.1722,VIR21213,31.1033,77.1722,31.9292,77.1828,2026-03-16T14:11:02.000Z,TRUE,18,48,312,4,43,12,10,2,0,74,Patchy rain nearby,21.1,70,10.2,6.3,34,0,0.01,29.7,1006,26.4,79.5,3,10,6,169,S,6.8,4.3,Moderate,3/16/2026
success,"Nhpc Quarters, Gangtok, Sikkim, India",Gangtok,Sikkim,India,Gangtok,Asia/Kolkata,27.33,88.62,VIR7722,27.33,88.62,27.601,88.4541,2026-03-16T14:11:02.000Z,TRUE,37,72,224,99,35,31,22,2,0,74,Patchy rain nearby,16.1,61,10.4,6.4,80,0.01,0.19,29.84,1011,21.6,70.8,5.1,9,5,198,SSW,7.6,4.7,High,3/16/2026
success,"Yeyyadi, Mangalore, Karnataka, India",Mangalore,Karnataka,India,Mangalore,Asia/Kolkata,12.8681,74.8425,13718,12.8681,74.8425,14.5204,75.7224,2026-03-16T14:11:02.000Z,TRUE,19,38,271,2,26,19,9,2,0,75,Light Rain,29.7,85.4,15.9,9.9,89,0,0,29.85,1011,27.3,81.1,5.1,5,3,202,SSW,13,8.1,High,3/16/2026
success,"Rakhial, Ahmedabad, Gujarat, India",Ahmedabad,Gujarat,India,Ahmedabad,Asia/Kolkata,23.0225,72.5714,13748,23.0225,72.5714,22.385,71.7453,2026-03-17T14:11:02.000Z,TRUE,29,63,275,9,29,23,17,7,0,2,Sunny,33.6,92.5,31.9,19.8,19,0,0,29.55,1001,43,109.4,8.7,10,6,243,WSW,27.7,17.2,Very High,3/17/2026
success,"Peenya, Bangalore, Karnataka, India",Bangalore,Karnataka,India,Bangalore,Asia/Kolkata,12.9789,77.5917,3758,12.9789,77.5917,14.5204,75.7224,2026-03-17T14:11:02.000Z,TRUE,27,63,258,7,28,20,16,2,0,50,Partly Cloudy,27.9,82.2,19.5,12.1,70,0,0,29.94,1014,28.2,82.8,3.4,6,3,281,WNW,16.9,10.5,Moderate,3/17/2026
success,"Kazhikundram, Chennai, Tamil Nadu, India",Chennai,Tamil Nadu,India,Chennai,Asia/Kolkata,13.0825,80.275,11279,13.0825,80.275,10.9094,78.3665,2026-03-17T14:11:02.000Z,TRUE,55,94,266,5,31,40,32,2,0,100,Mist,37.3,99.2,24.3,15.1,67,0,0.01,29.71,1006,32.3,90.1,1.3,5,3,110,ESE,19.1,11.9,Low,3/17/2026
success,"Moula Ali, Hyderabad, Telangana, India",Hyderabad,Telangana,India,Hyderabad,Asia/Kolkata,17.4139,78.5783,14156,17.4139,78.5783,17.8496,79.1152,2026-03-17T14:11:02.000Z,TRUE,29,65,334,6,21,22,17,3,0,75,Partly Cloudy,37.9,100.3,7.9,4.9,42,0,0,29.8,1009,35.4,95.7,7.5,6,3,291,WNW,6.8,4.3,Very High,3/17/2026
success,"Cossipore, Kolkata, West Bengal, India",Kolkata,West Bengal,India,Kolkata,Asia/Kolkata,22.5944,88.2515,9145,22.5944,88.2515,22.9965,87.6856,2026-03-17T14:11:02.000Z,TRUE,74,123,225,28,27,54,45,21,0,50,Mist,38.3,100.9,31.1,19.3,71,0.06,1.47,29.65,1004,33.4,92.1,4.7,4,2,167,SSE,24.8,15.4,Moderate,3/17/2026
success,"Mahalakshmi, Mumbai, Maharashtra, India",Mumbai,Maharashtra,India,Mumbai,Asia/Kolkata,19.0761,72.8775,11921,19.0761,72.8775,18.9068,75.6742,2026-03-17T14:11:02.000Z,TRUE,23,57,239,6,21,20,13,5,0,50,Mist,45.2,113.3,32.5,20.2,63,0,0,29.77,1008,34.2,93.6,8.6,4,2,244,WSW,24.8,15.4,Very High,3/17/2026
success,"Puth Khurd, New Delhi, Delhi, India",New Delhi,Delhi,India,New Delhi,Asia/Kolkata,28.6325,77.2205,11267,28.6325,77.2205,28.6274,77.1717,2026-03-17T14:11:02.000Z,TRUE,41,78,159,17,41,31,25,8,0,50,Partly Cloudy,30.1,86.2,12.9,8,49,0,0,29.71,1006,32.3,90.1,6.4,6,3,112,ESE,11.2,6.9,High,3/17/2026
success,"Shivajinagar, Pune, Maharashtra, India",Pune,Maharashtra,India,Pune,Asia/Kolkata,18.5203,73.8567,3760,18.5203,73.8567,18.9068,75.6742,2026-03-17T14:11:02.000Z,TRUE,25,61,153,13,39,20,15,2,0,14,Sunny,25.5,77.9,28.6,17.8,38,0,0,29.73,1007,34.3,93.7,8.9,10,6,258,W,24.8,15.4,Very High,3/17/2026
success,"Gomti Nagar, Lucknow, Uttar Pradesh, India",Lucknow,Uttar Pradesh,India,Lucknow,Asia/Kolkata,26.85,80.95,12468,26.85,80.95,27.1303,80.8597,2026-03-17T14:11:02.000Z,TRUE,67,113,259,20,40,48,40,3,0,75,Mist,32.3,90.2,7.9,4.9,53,0,0,29.68,1005,34.3,93.7,5.8,5,3,181,S,6.8,4.3,High,3/17/2026
success,"Kalal Majra, Ludhiana, Punjab, India",Ludhiana,Punjab,India,Ludhiana,Asia/Kolkata,30.91,75.85,11309,30.91,75.85,30.9293,75.5005,2026-03-17T14:11:02.000Z,TRUE,34,69,406,25,33,28,20,4,0,9,Sunny,30.1,86.2,29.4,18.3,23,0,0,29.56,1001,39.1,102.3,4.3,10,6,145,SE,25.6,15.9,Moderate,3/17/2026
success,"Sector D Industrial Area, Bhopal, Madhya Pradesh, India",Bhopal,Madhya Pradesh,India,Bhopal,Asia/Kolkata,23.2599,77.4126,11275,23.2599,77.4126,23.8143,77.5341,2026-03-17T14:11:02.000Z,TRUE,47,85,302,10,24,37,28,2,0,50,Partly Cloudy,33.5,92.3,19.5,12.1,42,0,0,29.74,1007,35.2,95.4,7.8,6,3,243,WSW,16.9,10.5,Very High,3/17/2026
success,"Khoh, Gurgaon, Haryana, India",Gurgaon,Haryana,India,Gurgaon,Asia/Kolkata,28.456,77.029,12445,28.456,77.029,29,76,2026-03-17T14:11:02.000Z,TRUE,40,77,280,5,39,28,24,2,0,50,Partly Cloudy,30.1,86.2,15.7,9.8,49,0,0,29.71,1006,32.3,90.1,6.6,6,3,96,E,13.7,8.5,High,3/17/2026
success,"Edayar, Kochi, Kerala, India",Kochi,Kerala,India,Kochi,Asia/Kolkata,9.9312,76.2673,11919,9.9312,76.2673,10.3529,76.512,2026-03-17T14:11:02.000Z,TRUE,20,51,286,5,40,16,12,2,0,52,Rain Shower,31.9,89.4,16.7,10.4,71,0.02,0.62,29.83,1010,28.6,83.4,7.3,10,6,273,W,13.3,8.3,Very High,3/17/2026
success,"Laxmi Sagar, Bhubaneswar, Odisha, India",Bhubaneswar,Odisha,India,Bhubaneswar,Asia/Kolkata,20.2644,85.8281,PLLODA000512,20.2644,85.8281,20.5431,84.6897,2026-03-17T14:11:02.000Z,TRUE,49,88,72,5,60,34,29,2,0,75,Mist,38.8,101.8,23.6,14.7,53,0,0,29.65,1004,36,96.8,4.8,5,3,181,S,20.5,12.8,Moderate,3/17/2026
success,"Gandhi Nagar Colony, Ranchi, Jharkhand, India",Ranchi,Jharkhand,India,Ranchi,Asia/Kolkata,23.36,85.33,VIR18962,23.36,85.33,23.456,85.2557,2026-03-17T14:11:02.000Z,TRUE,63,106,300,3,1,44,38,1,0,50,Mist,30.4,86.8,18.6,11.6,62,0.01,0.37,29.83,1010,30.4,86.7,3,4,2,290,WNW,16.2,10.1,Moderate,3/17/2026
success,"Vidya Nagar, Madgaon, Goa, India",Madgaon,Goa,India,Madgaon,Asia/Kolkata,15.33,73.98,ACA704868534,15.33,73.98,15.3005,74.0855,2026-03-17T14:11:02.000Z,TRUE,18,55,,,,14,11,,0,68,Patchy rain nearby,36,96.8,17.8,11.1,59,0,0.02,29.78,1009,31.7,89.1,7.4,10,6,270,W,15.5,9.6,Very High,3/17/2026
success,"Jhotwara, Jaipur, Rajasthan, India",Jaipur,Rajasthan,India,Jaipur,Asia/Kolkata,26.8845,75.7933,11304,26.8845,75.7933,26.8106,73.7685,2026-03-17T14:11:02.000Z,TRUE,42,81,138,39,37,32,25,4,0,50,Mist,34.9,94.9,26.5,16.5,45,0,0,29.68,1005,36.4,97.5,8.1,4,2,202,SSW,23,14.3,Very High,3/17/2026
success,"Ie, Raipur, Chhattisgarh, India",Raipur,Chhattisgarh,India,Raipur,Asia/Kolkata,21.2444,81.6306,VIR18914,21.2444,81.6306,21.6637,81.8406,2026-03-17T14:11:02.000Z,TRUE,61,104,40,5,28,44,36,2,0,31,Partly Cloudy,33.3,91.9,19.9,12.3,22,0,0,29.56,1001,40.7,105.2,6,10,6,267,W,17.3,10.7,High,3/17/2026
success,"Pan Bazaar, Guwahati, Assam, India",Guwahati,Assam,India,Guwahati,Asia/Kolkata,26.1722,91.7458,13729,26.1722,91.7458,26.4074,93.2551,2026-03-17T14:11:02.000Z,TRUE,66,111,245,5,1,51,40,25,0,50,Mist,44,111.1,6.9,4.3,67,0,0.11,29.65,1004,33.4,92.1,2.6,3,1,181,S,5,3.1,Moderate,3/17/2026
success,"Khajpura, Patna, Bihar, India",Patna,Bihar,India,Patna,Asia/Kolkata,25.594,85.1376,12742,25.594,85.1376,25.6441,85.9065,2026-03-17T14:11:02.000Z,TRUE,70,117,190,14,31,51,42,1,0,50,Mist,32.5,90.5,17.5,10.9,63,0,0,29.65,1004,33.2,91.8,5.1,5,3,86,E,14.8,9.2,High,3/17/2026
success,"Landour, Dehradun, Uttarakhand, India",Dehradun,Uttarakhand,India,Dehradun,Asia/Kolkata,30.345,78.029,12541,30.345,78.029,30.0417,79.0897,2026-03-17T14:11:02.000Z,TRUE,14,40,287,5,40,11,8,2,0,71,Patchy rain nearby,19.6,67.3,8.4,5.2,45,0.01,0.18,29.76,1008,24.7,76.4,6.2,9,5,331,NNW,5.8,3.6,High,3/17/2026
success,"Bani, Shimla, Himachal Pradesh, India",Shimla,Himachal Pradesh,India,Shimla,Asia/Kolkata,31.1033,77.1722,VIR21213,31.1033,77.1722,31.9292,77.1828,2026-03-17T14:11:02.000Z,TRUE,18,48,312,4,43,12,10,2,0,74,Patchy rain nearby,21.1,70,10.2,6.3,34,0,0.01,29.7,1006,26.4,79.5,3,10,6,169,S,6.8,4.3,Moderate,3/17/2026
success,"Nhpc Quarters, Gangtok, Sikkim, India",Gangtok,Sikkim,India,Gangtok,Asia/Kolkata,27.33,88.62,VIR7722,27.33,88.62,27.601,88.4541,2026-03-17T14:11:02.000Z,TRUE,37,72,224,99,35,31,22,2,0,74,Patchy rain nearby,16.1,61,10.4,6.4,80,0.01,0.19,29.84,1011,21.6,70.8,5.1,9,5,198,SSW,7.6,4.7,High,3/17/2026
success,"Yeyyadi, Mangalore, Karnataka, India",Mangalore,Karnataka,India,Mangalore,Asia/Kolkata,12.8681,74.8425,13718,12.8681,74.8425,14.5204,75.7224,2026-03-17T14:11:02.000Z,TRUE,19,38,271,2,26,19,9,2,0,75,Light Rain,29.7,85.4,15.9,9.9,89,0,0,29.85,1011,27.3,81.1,5.1,5,3,202,SSW,13,8.1,High,3/17/2026
success,"Rakhial, Ahmedabad, Gujarat, India",Ahmedabad,Gujarat,India,Ahmedabad,Asia/Kolkata,23.0225,72.5714,13748,23.0225,72.5714,22.385,71.7453,2026-03-18T14:31:00.000Z,TRUE,28,61,277,9,29,22,16,8,0,2,Sunny,33.6,92.5,31.9,19.8,19,0,0,29.55,1001,43,109.4,8.7,10,6,243,WSW,27.7,17.2,Very High,3/18/2026
success,"Peenya, Bangalore, Karnataka, India",Bangalore,Karnataka,India,Bangalore,Asia/Kolkata,12.9789,77.5917,3758,12.9789,77.5917,14.5204,75.7224,2026-03-18T14:31:00.000Z,TRUE,27,63,258,7,28,20,16,2,0,50,Partly Cloudy,27.9,82.2,19.5,12.1,70,0,0,29.94,1014,28.2,82.8,3.4,6,3,281,WNW,16.9,10.5,Moderate,3/18/2026
success,"Kazhikundram, Chennai, Tamil Nadu, India",Chennai,Tamil Nadu,India,Chennai,Asia/Kolkata,13.0825,80.275,11279,13.0825,80.275,10.9094,78.3665,2026-03-18T14:31:00.000Z,TRUE,55,94,266,5,31,40,32,2,0,100,Mist,37.3,99.2,24.3,15.1,67,0,0.01,29.71,1006,32.3,90.1,1.3,5,3,110,ESE,19.1,11.9,Low,3/18/2026
success,"Moula Ali, Hyderabad, Telangana, India",Hyderabad,Telangana,India,Hyderabad,Asia/Kolkata,17.4139,78.5783,14156,17.4139,78.5783,17.8496,79.1152,2026-03-18T14:31:00.000Z,TRUE,29,65,334,6,21,22,17,3,0,75,Partly Cloudy,37.9,100.3,7.9,4.9,42,0,0,29.8,1009,35.4,95.7,7.5,6,3,291,WNW,6.8,4.3,Very High,3/18/2026
success,"Cossipore, Kolkata, West Bengal, India",Kolkata,West Bengal,India,Kolkata,Asia/Kolkata,22.5944,88.2515,9145,22.5944,88.2515,22.9965,87.6856,2026-03-18T14:31:00.000Z,TRUE,74,123,225,28,27,54,45,21,0,50,Mist,38.3,100.9,31.1,19.3,71,0.06,1.47,29.65,1004,33.4,92.1,4.7,4,2,167,SSE,24.8,15.4,Moderate,3/18/2026
success,"Mahalakshmi, Mumbai, Maharashtra, India",Mumbai,Maharashtra,India,Mumbai,Asia/Kolkata,19.0761,72.8775,11921,19.0761,72.8775,18.9068,75.6742,2026-03-18T14:31:00.000Z,TRUE,23,57,239,6,21,20,13,5,0,50,Mist,45.2,113.3,32.5,20.2,63,0,0,29.77,1008,34.2,93.6,8.6,4,2,244,WSW,24.8,15.4,Very High,3/18/2026
success,"Puth Khurd, New Delhi, Delhi, India",New Delhi,Delhi,India,New Delhi,Asia/Kolkata,28.6325,77.2205,11267,28.6325,77.2205,28.6274,77.1717,2026-03-18T14:31:00.000Z,TRUE,41,78,159,17,41,31,25,8,0,50,Partly Cloudy,30.1,86.2,12.9,8,49,0,0,29.71,1006,32.3,90.1,6.4,6,3,112,ESE,11.2,6.9,High,3/18/2026
success,"Shivajinagar, Pune, Maharashtra, India",Pune,Maharashtra,India,Pune,Asia/Kolkata,18.5203,73.8567,3760,18.5203,73.8567,18.9068,75.6742,2026-03-18T14:31:00.000Z,TRUE,25,61,153,13,39,20,15,2,0,14,Sunny,25.5,77.9,28.6,17.8,38,0,0,29.73,1007,34.3,93.7,8.9,10,6,258,W,24.8,15.4,Very High,3/18/2026
success,"Gomti Nagar, Lucknow, Uttar Pradesh, India",Lucknow,Uttar Pradesh,India,Lucknow,Asia/Kolkata,26.85,80.95,12468,26.85,80.95,27.1303,80.8597,2026-03-18T14:31:00.000Z,TRUE,67,113,259,20,40,48,40,3,0,75,Mist,32.3,90.2,7.9,4.9,53,0,0,29.68,1005,34.3,93.7,5.8,5,3,181,S,6.8,4.3,High,3/18/2026
success,"Kalal Majra, Ludhiana, Punjab, India",Ludhiana,Punjab,India,Ludhiana,Asia/Kolkata,30.91,75.85,11309,30.91,75.85,30.9293,75.5005,2026-03-18T14:31:00.000Z,TRUE,34,69,406,25,33,28,20,4,0,9,Sunny,30.1,86.2,29.4,18.3,23,0,0,29.56,1001,39.1,102.3,4.3,10,6,145,SE,25.6,15.9,Moderate,3/18/2026
success,"Sector D Industrial Area, Bhopal, Madhya Pradesh, India",Bhopal,Madhya Pradesh,India,Bhopal,Asia/Kolkata,23.2599,77.4126,11275,23.2599,77.4126,23.8143,77.5341,2026-03-18T14:31:00.000Z,TRUE,47,85,302,10,24,37,28,2,0,50,Partly Cloudy,33.5,92.3,19.5,12.1,42,0,0,29.74,1007,35.2,95.4,7.8,6,3,243,WSW,16.9,10.5,Very High,3/18/2026
success,"Khoh, Gurgaon, Haryana, India",Gurgaon,Haryana,India,Gurgaon,Asia/Kolkata,28.456,77.029,12445,28.456,77.029,29,76,2026-03-18T14:31:00.000Z,TRUE,40,77,280,5,39,28,24,2,0,50,Partly Cloudy,30.1,86.2,15.7,9.8,49,0,0,29.71,1006,32.3,90.1,6.6,6,3,96,E,13.7,8.5,High,3/18/2026
success,"Edayar, Kochi, Kerala, India",Kochi,Kerala,India,Kochi,Asia/Kolkata,9.9312,76.2673,11919,9.9312,76.2673,10.3529,76.512,2026-03-18T14:31:00.000Z,TRUE,20,51,286,5,40,16,12,2,0,52,Rain Shower,31.9,89.4,16.7,10.4,71,0.02,0.62,29.83,1010,28.6,83.4,7.3,10,6,273,W,13.3,8.3,Very High,3/18/2026
success,"Laxmi Sagar, Bhubaneswar, Odisha, India",Bhubaneswar,Odisha,India,Bhubaneswar,Asia/Kolkata,20.2644,85.8281,PLLODA000512,20.2644,85.8281,20.5431,84.6897,2026-03-18T14:31:00.000Z,TRUE,49,88,72,5,60,34,29,2,0,75,Mist,38.8,101.8,23.6,14.7,53,0,0,29.65,1004,36,96.8,4.8,5,3,181,S,20.5,12.8,Moderate,3/18/2026
success,"Gandhi Nagar Colony, Ranchi, Jharkhand, India",Ranchi,Jharkhand,India,Ranchi,Asia/Kolkata,23.36,85.33,VIR18962,23.36,85.33,23.456,85.2557,2026-03-18T14:31:00.000Z,TRUE,63,106,302,3,1,45,38,1,0,50,Mist,30.4,86.8,18.6,11.6,62,0.01,0.37,29.83,1010,30.4,86.7,3,4,2,290,WNW,16.2,10.1,Moderate,3/18/2026
success,"Vidya Nagar, Madgaon, Goa, India",Madgaon,Goa,India,Madgaon,Asia/Kolkata,15.33,73.98,ACA704868534,15.33,73.98,15.3005,74.0855,2026-03-18T14:31:00.000Z,TRUE,18,55,,,,14,11,,0,68,Patchy rain nearby,36,96.8,17.8,11.1,59,0,0.02,29.78,1009,31.7,89.1,7.4,10,6,270,W,15.5,9.6,Very High,3/18/2026
success,"Jhotwara, Jaipur, Rajasthan, India",Jaipur,Rajasthan,India,Jaipur,Asia/Kolkata,26.8845,75.7933,11304,26.8845,75.7933,26.8106,73.7685,2026-03-18T14:31:00.000Z,TRUE,42,81,150,35,36,33,25,4,0,50,Mist,34.9,94.9,26.5,16.5,45,0,0,29.68,1005,36.4,97.5,8.1,4,2,202,SSW,23,14.3,Very High,3/18/2026
success,"Ie, Raipur, Chhattisgarh, India",Raipur,Chhattisgarh,India,Raipur,Asia/Kolkata,21.2444,81.6306,VIR18914,21.2444,81.6306,21.6637,81.8406,2026-03-18T14:31:00.000Z,TRUE,61,104,40,5,28,44,36,2,0,31,Partly Cloudy,33.3,91.9,19.9,12.3,22,0,0,29.56,1001,40.7,105.2,6,10,6,267,W,17.3,10.7,High,3/18/2026
success,"Pan Bazaar, Guwahati, Assam, India",Guwahati,Assam,India,Guwahati,Asia/Kolkata,26.1722,91.7458,13729,26.1722,91.7458,26.4074,93.2551,2026-03-18T14:31:00.000Z,TRUE,66,111,245,5,1,51,40,25,0,50,Mist,44,111.1,6.9,4.3,67,0,0.11,29.65,1004,33.4,92.1,2.6,3,1,181,S,5,3.1,Moderate,3/18/2026
success,"Khajpura, Patna, Bihar, India",Patna,Bihar,India,Patna,Asia/Kolkata,25.594,85.1376,12742,25.594,85.1376,25.6441,85.9065,2026-03-18T14:31:00.000Z,TRUE,70,117,190,14,31,51,42,1,0,50,Mist,32.5,90.5,17.5,10.9,63,0,0,29.65,1004,33.2,91.8,5.1,5,3,86,E,14.8,9.2,High,3/18/2026
success,"Landour, Dehradun, Uttarakhand, India",Dehradun,Uttarakhand,India,Dehradun,Asia/Kolkata,30.345,78.029,12541,30.345,78.029,30.0417,79.0897,2026-03-18T14:31:00.000Z,TRUE,13,37,293,5,39,11,8,2,0,71,Patchy rain nearby,19.6,67.3,8.4,5.2,45,0.01,0.18,29.76,1008,24.7,76.4,6.2,9,5,331,NNW,5.8,3.6,High,3/18/2026
success,"Bani, Shimla, Himachal Pradesh, India",Shimla,Himachal Pradesh,India,Shimla,Asia/Kolkata,31.1033,77.1722,VIR21213,31.1033,77.1722,31.9292,77.1828,2026-03-18T14:31:00.000Z,TRUE,18,48,312,4,43,12,10,2,0,74,Patchy rain nearby,21.1,70,10.2,6.3,34,0,0.01,29.7,1006,26.4,79.5,3,10,6,169,S,6.8,4.3,Moderate,3/18/2026
success,"Nhpc Quarters, Gangtok, Sikkim, India",Gangtok,Sikkim,India,Gangtok,Asia/Kolkata,27.33,88.62,VIR7722,27.33,88.62,27.601,88.4541,2026-03-18T14:31:00.000Z,TRUE,37,72,224,99,35,31,22,2,0,74,Patchy rain nearby,16.1,61,10.4,6.4,80,0.01,0.19,29.84,1011,21.6,70.8,5.1,9,5,198,SSW,7.6,4.7,High,3/18/2026
success,"Yeyyadi, Mangalore, Karnataka, India",Mangalore,Karnataka,India,Mangalore,Asia/Kolkata,12.8681,74.8425,13718,12.8681,74.8425,14.5204,75.7224,2026-03-18T14:31:00.000Z,TRUE,19,38,271,2,26,19,9,2,0,75,Light Rain,29.7,85.4,15.9,9.9,89,0,0,29.85,1011,27.3,81.1,5.1,5,3,202,SSW,13,8.1,High,3/18/2026
success,"S P Pudur, Salem, Tamil Nadu, India",Salem,Tamil Nadu,India,Salem,Asia/Kolkata,11.65,78.15,VIR20001,11.65,78.15,10.9094,78.3665,2026-03-19T14:31:00.000Z,TRUE,42,78,38,5,38,33,25,2,0,75,Patchy rain nearby,29.4,84.9,9.1,5.7,40,0,0.12,29.73,1007,35,95,7.5,10,6,234,SW,7.9,4.9,Very High,3/19/2026
success,"Rakhial, Ahmedabad, Gujarat, India",Ahmedabad,Gujarat,India,Ahmedabad,Asia/Kolkata,23.0225,72.5714,13748,23.0225,72.5714,22.385,71.7453,2026-03-19T14:31:00.000Z,TRUE,28,61,277,9,29,22,16,8,0,2,Sunny,33.6,92.5,31.9,19.8,19,0,0,29.55,1001,43,109.4,8.7,10,6,243,WSW,27.7,17.2,Very High,3/19/2026
success,"Peenya, Bangalore, Karnataka, India",Bangalore,Karnataka,India,Bangalore,Asia/Kolkata,12.9789,77.5917,3758,12.9789,77.5917,14.5204,75.7224,2026-03-19T14:31:00.000Z,TRUE,27,63,258,7,28,20,16,2,0,50,Partly Cloudy,27.9,82.2,19.5,12.1,70,0,0,29.94,1014,28.2,82.8,3.4,6,3,281,WNW,16.9,10.5,Moderate,3/19/2026
success,"Kazhikundram, Chennai, Tamil Nadu, India",Chennai,Tamil Nadu,India,Chennai,Asia/Kolkata,13.0825,80.275,11279,13.0825,80.275,10.9094,78.3665,2026-03-19T14:31:00.000Z,TRUE,55,94,266,5,31,40,32,2,0,100,Mist,37.3,99.2,24.3,15.1,67,0,0.01,29.71,1006,32.3,90.1,1.3,5,3,110,ESE,19.1,11.9,Low,3/19/2026
success,"Moula Ali, Hyderabad, Telangana, India",Hyderabad,Telangana,India,Hyderabad,Asia/Kolkata,17.4139,78.5783,14156,17.4139,78.5783,17.8496,79.1152,2026-03-19T14:31:00.000Z,TRUE,29,65,334,6,21,22,17,3,0,75,Partly Cloudy,37.9,100.3,7.9,4.9,42,0,0,29.8,1009,35.4,95.7,7.5,6,3,291,WNW,6.8,4.3,Very High,3/19/2026
success,"Cossipore, Kolkata, West Bengal, India",Kolkata,West Bengal,India,Kolkata,Asia/Kolkata,22.5944,88.2515,9145,22.5944,88.2515,22.9965,87.6856,2026-03-19T14:31:00.000Z,TRUE,74,123,225,28,27,54,45,21,0,50,Mist,38.3,100.9,31.1,19.3,71,0.06,1.47,29.65,1004,33.4,92.1,4.7,4,2,167,SSE,24.8,15.4,Moderate,3/19/2026
success,"Mahalakshmi, Mumbai, Maharashtra, India",Mumbai,Maharashtra,India,Mumbai,Asia/Kolkata,19.0761,72.8775,11921,19.0761,72.8775,18.9068,75.6742,2026-03-19T14:31:00.000Z,TRUE,23,57,239,6,21,20,13,5,0,50,Mist,45.2,113.3,32.5,20.2,63,0,0,29.77,1008,34.2,93.6,8.6,4,2,244,WSW,24.8,15.4,Very High,3/19/2026
success,"Puth Khurd, New Delhi, Delhi, India",New Delhi,Delhi,India,New Delhi,Asia/Kolkata,28.6325,77.2205,11267,28.6325,77.2205,28.6274,77.1717,2026-03-19T14:31:00.000Z,TRUE,41,78,159,17,41,31,25,8,0,50,Partly Cloudy,30.1,86.2,12.9,8,49,0,0,29.71,1006,32.3,90.1,6.4,6,3,112,ESE,11.2,6.9,High,3/19/2026
success,"Shivajinagar, Pune, Maharashtra, India",Pune,Maharashtra,India,Pune,Asia/Kolkata,18.5203,73.8567,3760,18.5203,73.8567,18.9068,75.6742,2026-03-19T14:31:00.000Z,TRUE,25,61,153,13,39,20,15,2,0,14,Sunny,25.5,77.9,28.6,17.8,38,0,0,29.73,1007,34.3,93.7,8.9,10,6,258,W,24.8,15.4,Very High,3/19/2026
success,"Gomti Nagar, Lucknow, Uttar Pradesh, India",Lucknow,Uttar Pradesh,India,Lucknow,Asia/Kolkata,26.85,80.95,12468,26.85,80.95,27.1303,80.8597,2026-03-19T14:31:00.000Z,TRUE,67,113,259,20,40,48,40,3,0,75,Mist,32.3,90.2,7.9,4.9,53,0,0,29.68,1005,34.3,93.7,5.8,5,3,181,S,6.8,4.3,High,3/19/2026
success,"Kalal Majra, Ludhiana, Punjab, India",Ludhiana,Punjab,India,Ludhiana,Asia/Kolkata,30.91,75.85,11309,30.91,75.85,30.9293,75.5005,2026-03-19T14:31:00.000Z,TRUE,34,69,406,25,33,28,20,4,0,9,Sunny,30.1,86.2,29.4,18.3,23,0,0,29.56,1001,39.1,102.3,4.3,10,6,145,SE,25.6,15.9,Moderate,3/19/2026
success,"Sector D Industrial Area, Bhopal, Madhya Pradesh, India",Bhopal,Madhya Pradesh,India,Bhopal,Asia/Kolkata,23.2599,77.4126,11275,23.2599,77.4126,23.8143,77.5341,2026-03-19T14:31:00.000Z,TRUE,47,85,302,10,24,37,28,2,0,50,Partly Cloudy,33.5,92.3,19.5,12.1,42,0,0,29.74,1007,35.2,95.4,7.8,6,3,243,WSW,16.9,10.5,Very High,3/19/2026
success,"Khoh, Gurgaon, Haryana, India",Gurgaon,Haryana,India,Gurgaon,Asia/Kolkata,28.456,77.029,12445,28.456,77.029,29,76,2026-03-19T14:31:00.000Z,TRUE,40,77,280,5,39,28,24,2,0,50,Partly Cloudy,30.1,86.2,15.7,9.8,49,0,0,29.71,1006,32.3,90.1,6.6,6,3,96,E,13.7,8.5,High,3/19/2026
success,"Edayar, Kochi, Kerala, India",Kochi,Kerala,India,Kochi,Asia/Kolkata,9.9312,76.2673,11919,9.9312,76.2673,10.3529,76.512,2026-03-19T14:31:00.000Z,TRUE,20,51,286,5,40,16,12,2,0,52,Rain Shower,31.9,89.4,16.7,10.4,71,0.02,0.62,29.83,1010,28.6,83.4,7.3,10,6,273,W,13.3,8.3,Very High,3/19/2026
success,"Laxmi Sagar, Bhubaneswar, Odisha, India",Bhubaneswar,Odisha,India,Bhubaneswar,Asia/Kolkata,20.2644,85.8281,PLLODA000512,20.2644,85.8281,20.5431,84.6897,2026-03-19T14:31:00.000Z,TRUE,49,88,72,5,60,34,29,2,0,75,Mist,38.8,101.8,23.6,14.7,53,0,0,29.65,1004,36,96.8,4.8,5,3,181,S,20.5,12.8,Moderate,3/19/2026
success,"Gandhi Nagar Colony, Ranchi, Jharkhand, India",Ranchi,Jharkhand,India,Ranchi,Asia/Kolkata,23.36,85.33,VIR18962,23.36,85.33,23.456,85.2557,2026-03-19T14:31:00.000Z,TRUE,63,106,302,3,1,45,38,1,0,50,Mist,30.4,86.8,18.6,11.6,62,0.01,0.37,29.83,1010,30.4,86.7,3,4,2,290,WNW,16.2,10.1,Moderate,3/19/2026
success,"Vidya Nagar, Madgaon, Goa, India",Madgaon,Goa,India,Madgaon,Asia/Kolkata,15.33,73.98,ACA704868534,15.33,73.98,15.3005,74.0855,2026-03-19T14:31:00.000Z,TRUE,18,55,,,,14,11,,0,68,Patchy rain nearby,36,96.8,17.8,11.1,59,0,0.02,29.78,1009,31.7,89.1,7.4,10,6,270,W,15.5,9.6,Very High,3/19/2026
success,"Jhotwara, Jaipur, Rajasthan, India",Jaipur,Rajasthan,India,Jaipur,Asia/Kolkata,26.8845,75.7933,11304,26.8845,75.7933,26.8106,73.7685,2026-03-19T14:31:00.000Z,TRUE,42,81,150,35,36,33,25,4,0,50,Mist,34.9,94.9,26.5,16.5,45,0,0,29.68,1005,36.4,97.5,8.1,4,2,202,SSW,23,14.3,Very High,3/19/2026
success,"Ie, Raipur, Chhattisgarh, India",Raipur,Chhattisgarh,India,Raipur,Asia/Kolkata,21.2444,81.6306,VIR18914,21.2444,81.6306,21.6637,81.8406,2026-03-19T14:31:00.000Z,TRUE,61,104,40,5,28,44,36,2,0,31,Partly Cloudy,33.3,91.9,19.9,12.3,22,0,0,29.56,1001,40.7,105.2,6,10,6,267,W,17.3,10.7,High,3/19/2026
success,"Pan Bazaar, Guwahati, Assam, India",Guwahati,Assam,India,Guwahati,Asia/Kolkata,26.1722,91.7458,13729,26.1722,91.7458,26.4074,93.2551,2026-03-19T14:31:00.000Z,TRUE,66,111,245,5,1,51,40,25,0,50,Mist,44,111.1,6.9,4.3,67,0,0.11,29.65,1004,33.4,92.1,2.6,3,1,181,S,5,3.1,Moderate,3/19/2026
success,"Khajpura, Patna, Bihar, India",Patna,Bihar,India,Patna,Asia/Kolkata,25.594,85.1376,12742,25.594,85.1376,25.6441,85.9065,2026-03-19T14:31:00.000Z,TRUE,70,117,190,14,31,51,42,1,0,50,Mist,32.5,90.5,17.5,10.9,63,0,0,29.65,1004,33.2,91.8,5.1,5,3,86,E,14.8,9.2,High,3/19/2026
success,"Landour, Dehradun, Uttarakhand, India",Dehradun,Uttarakhand,India,Dehradun,Asia/Kolkata,30.345,78.029,12541,30.345,78.029,30.0417,79.0897,2026-03-19T14:31:00.000Z,TRUE,13,37,293,5,39,11,8,2,0,71,Patchy rain nearby,19.6,67.3,8.4,5.2,45,0.01,0.18,29.76,1008,24.7,76.4,6.2,9,5,331,NNW,5.8,3.6,High,3/19/2026
success,"Bani, Shimla, Himachal Pradesh, India",Shimla,Himachal Pradesh,India,Shimla,Asia/Kolkata,31.1033,77.1722,VIR21213,31.1033,77.1722,31.9292,77.1828,2026-03-19T14:31:00.000Z,TRUE,22,53,281,5,42,16,14,2,0,74,Patchy rain nearby,21.1,70,10.2,6.3,34,0,0.01,29.7,1006,26.4,79.5,3,10,6,169,S,6.8,4.3,Moderate,3/19/2026
success,"Nhpc Quarters, Gangtok, Sikkim, India",Gangtok,Sikkim,India,Gangtok,Asia/Kolkata,27.33,88.62,VIR7722,27.33,88.62,27.601,88.4541,2026-03-19T14:31:00.000Z,TRUE,37,72,224,99,35,31,22,2,0,74,Patchy rain nearby,16.1,61,10.4,6.4,80,0.01,0.19,29.84,1011,21.6,70.8,5.1,9,5,198,SSW,7.6,4.7,High,3/19/2026
success,"Yeyyadi, Mangalore, Karnataka, India",Mangalore,Karnataka,India,Mangalore,Asia/Kolkata,12.8681,74.8425,13718,12.8681,74.8425,14.5204,75.7224,2026-03-19T14:31:00.000Z,TRUE,19,38,271,2,26,19,9,2,0,75,Light Rain,29.7,85.4,15.9,9.9,89,0,0,29.85,1011,27.3,81.1,5.1,5,3,202,SSW,13,8.1,High,3/19/2026
success,"S P Pudur, Salem, Tamil Nadu, India",Salem,Tamil Nadu,India,Salem,Asia/Kolkata,11.65,78.15,VIR20001,11.65,78.15,10.9094,78.3665,2026-03-19T14:31:00.000Z,TRUE,42,78,38,5,38,33,25,2,0,75,Patchy rain nearby,29.4,84.9,9.1,5.7,40,0,0.12,29.73,1007,35,95,7.5,10,6,234,SW,7.9,4.9,Very High,3/19/2026
success,"Rakhial, Ahmedabad, Gujarat, India",Ahmedabad,Gujarat,India,Ahmedabad,Asia/Kolkata,23.0225,72.5714,13748,23.0225,72.5714,22.385,71.7453,2026-03-20T14:41:02.000Z,TRUE,27,61,278,9,30,22,16,8,0,50,Overcast,36,96.8,31.9,19.8,37,0,0,29.59,1002,37.2,99,8.7,5,3,243,WSW,27.7,17.2,Very High,3/20/2026
success,"Peenya, Bangalore, Karnataka, India",Bangalore,Karnataka,India,Bangalore,Asia/Kolkata,12.9789,77.5917,3758,12.9789,77.5917,14.5204,75.7224,2026-03-20T14:41:02.000Z,TRUE,26,61,261,7,26,19,15,2,0,50,Partly Cloudy,28.1,82.6,19.5,12.1,70,0,0,29.91,1013,28.4,83.1,3.4,6,3,281,WNW,16.9,10.5,Moderate,3/20/2026
success,"Periya Thoppu, Chennai, Tamil Nadu, India",Chennai,Tamil Nadu,India,Chennai,Asia/Kolkata,13.0825,80.275,8185,13.0825,80.275,10.9094,78.3665,2026-03-20T14:41:02.000Z,TRUE,50,89,256,5,30,38,30,2,0,100,Mist,38.5,101.3,29,18,71,0,0,29.68,1005,32.2,90,2.1,4,2,121,ESE,22.7,14.1,Moderate,3/20/2026
success,"Ramachandrapuram, Hyderabad, Telangana, India",Hyderabad,Telangana,India,Hyderabad,Asia/Kolkata,17.4399,78.4983,14140,17.4399,78.4983,17.8496,79.1152,2026-03-20T14:41:02.000Z,TRUE,29,65,312,6,22,22,17,3,0,50,Partly Cloudy,38.2,100.8,7.1,4.4,42,0,0,29.8,1009,35.3,95.5,7.4,6,3,277,W,6.1,3.8,Very High,3/20/2026
success,"Dhakuria, Kolkata, West Bengal, India",Kolkata,West Bengal,India,Kolkata,Asia/Kolkata,22.5325,88.3521,12458,22.5325,88.3521,22.9965,87.6856,2026-03-20T14:41:02.000Z,TRUE,75,123,221,27,27,54,45,22,0,50,Mist,37.4,99.2,29.7,18.5,67,0.05,1.21,29.65,1004,33,91.4,4.7,4,2,171,S,24.1,15,Moderate,3/20/2026
success,"Mahalakshmi, Mumbai, Maharashtra, India",Mumbai,Maharashtra,India,Mumbai,Asia/Kolkata,19.0761,72.8775,11921,19.0761,72.8775,18.9068,75.6742,2026-03-20T14:41:02.000Z,TRUE,23,57,237,7,21,19,13,6,0,50,Mist,45.2,113.3,32.5,20.2,63,0,0,29.77,1008,34.2,93.6,8.6,4,2,244,WSW,24.8,15.4,Very High,3/20/2026
success,"Puth Khurd, New Delhi, Delhi, India",New Delhi,Delhi,India,New Delhi,Asia/Kolkata,28.6325,77.2205,11267,28.6325,77.2205,28.6274,77.1717,2026-03-20T14:41:02.000Z,TRUE,42,79,161,17,40,32,25,8,0,50,Partly Cloudy,30.9,87.5,12.9,8,47,0,0,29.71,1006,33,91.4,6.4,6,3,112,ESE,11.2,6.9,High,3/20/2026
success,"Shivajinagar, Pune, Maharashtra, India",Pune,Maharashtra,India,Pune,Asia/Kolkata,18.5203,73.8567,3760,18.5203,73.8567,18.9068,75.6742,2026-03-20T14:41:02.000Z,TRUE,24,60,150,13,39,19,15,2,0,14,Sunny,25.5,77.9,28.6,17.8,38,0,0,29.73,1007,34.3,93.7,8.9,10,6,258,W,24.8,15.4,Very High,3/20/2026
success,"Gomti Nagar, Lucknow, Uttar Pradesh, India",Lucknow,Uttar Pradesh,India,Lucknow,Asia/Kolkata,26.85,80.95,12468,26.85,80.95,27.1303,80.8597,2026-03-20T14:41:02.000Z,TRUE,68,114,260,19,41,49,41,3,0,75,Mist,33.4,92.2,7.9,4.9,50,0,0,29.65,1004,35.2,95.4,5.8,5,3,181,S,6.8,4.3,High,3/20/2026
success,"Kalal Majra, Ludhiana, Punjab, India",Ludhiana,Punjab,India,Ludhiana,Asia/Kolkata,30.91,75.85,11309,30.91,75.85,30.9293,75.5005,2026-03-20T14:41:02.000Z,TRUE,35,70,424,24,33,28,21,4,0,9,Sunny,30.1,86.2,29.4,18.3,23,0,0,29.56,1001,39.1,102.3,4.3,10,6,145,SE,25.6,15.9,Moderate,3/20/2026
success,"Sector D Industrial Area, Bhopal, Madhya Pradesh, India",Bhopal,Madhya Pradesh,India,Bhopal,Asia/Kolkata,23.2599,77.4126,11275,23.2599,77.4126,23.8143,77.5341,2026-03-21T14:41:02.000Z,TRUE,43,81,347,8,26,34,26,1,0,50,Partly Cloudy,35,95,19.5,12.1,35,0,0,29.71,1006,36.4,97.5,7.8,6,3,243,WSW,16.9,10.5,Very High,3/21/2026
success,"Khoh, Gurgaon, Haryana, India",Gurgaon,Haryana,India,Gurgaon,Asia/Kolkata,28.456,77.029,12445,28.456,77.029,29,76,2026-03-21T14:41:02.000Z,TRUE,40,78,302,5,38,29,24,2,0,50,Partly Cloudy,30.9,87.5,15.7,9.8,47,0,0,29.71,1006,33,91.4,6.6,6,3,96,E,13.7,8.5,High,3/21/2026
success,"Edayar, Kochi, Kerala, India",Kochi,Kerala,India,Kochi,Asia/Kolkata,9.9312,76.2673,11919,9.9312,76.2673,10.3529,76.512,2026-03-21T14:41:02.000Z,TRUE,22,52,294,5,40,18,13,2,0,52,Rain Shower,31.9,89.4,16.7,10.4,71,0.02,0.62,29.83,1010,28.6,83.4,7.3,10,6,273,W,13.3,8.3,Very High,3/21/2026
success,"Arunika Vihar, Bhubaneswar, Odisha, India",Bhubaneswar,Odisha,India,Bhubaneswar,Asia/Kolkata,20.2644,85.8281,VIR2431,20.2644,85.8281,20.5431,84.6897,2026-03-21T14:41:02.000Z,TRUE,45,84,80,5,60,31,27,2,0,9,Sunny,30.1,86.2,23.6,14.7,37,0,0,29.59,1002,38.1,100.6,4.8,10,6,181,S,20.5,12.8,Moderate,3/21/2026
success,"Gandhi Nagar Colony, Ranchi, Jharkhand, India",Ranchi,Jharkhand,India,Ranchi,Asia/Kolkata,23.36,85.33,VIR18962,23.36,85.33,23.456,85.2557,2026-03-21T14:41:02.000Z,TRUE,65,108,298,3,1,46,39,1,0,50,Mist,30.3,86.6,18.6,11.6,62,0.01,0.37,29.8,1009,30.3,86.5,3,4,2,290,WNW,16.2,10.1,Moderate,3/21/2026
success,"Vidya Nagar, Madgaon, Goa, India",Madgaon,Goa,India,Madgaon,Asia/Kolkata,15.33,73.98,ACA704868534,15.33,73.98,15.3005,74.0855,2026-03-21T14:41:02.000Z,TRUE,19,56,,,,16,12,,0,68,Patchy rain nearby,36,96.8,17.8,11.1,59,0,0.02,29.78,1009,31.7,89.1,7.4,10,6,270,W,15.5,9.6,Very High,3/21/2026
success,"Hathroi, Jaipur, Rajasthan, India",Jaipur,Rajasthan,India,Jaipur,Asia/Kolkata,26.8845,75.7933,11291,26.8845,75.7933,26.8106,73.7685,2026-03-21T14:41:02.000Z,TRUE,43,81,157,37,38,33,26,4,0,50,Mist,36.2,97.2,26.5,16.5,42,0,0,29.65,1004,37.4,99.3,8.1,4,2,202,SSW,23,14.3,Very High,3/21/2026
success,"Ie, Raipur, Chhattisgarh, India",Raipur,Chhattisgarh,India,Raipur,Asia/Kolkata,21.2444,81.6306,VIR18914,21.2444,81.6306,21.6637,81.8406,2026-03-21T14:41:02.000Z,TRUE,64,107,143,5,25,45,38,2,0,31,Partly Cloudy,33.3,91.9,19.9,12.3,22,0,0,29.56,1001,40.7,105.2,6,10,6,267,W,17.3,10.7,High,3/21/2026
success,"Bongshar, Guwahati, Assam, India",Guwahati,Assam,India,Guwahati,Asia/Kolkata,26.1722,91.7458,VIR8658,26.1722,91.7458,26.4074,93.2551,2026-03-21T14:41:02.000Z,TRUE,67,112,254,5,1,50,40,27,0,75,Rain Thunder,31.9,89.3,6.9,4.3,84,0,0.1,29.65,1004,28.4,83.1,2.4,3,1,181,S,5,3.1,Moderate,3/21/2026
success,"Khajpura, Patna, Bihar, India",Patna,Bihar,India,Patna,Asia/Kolkata,25.594,85.1376,12742,25.594,85.1376,25.6441,85.9065,2026-03-21T14:41:02.000Z,TRUE,73,121,199,14,30,52,44,2,0,25,Mist,37.1,98.8,17.5,10.9,45,0,0,29.62,1003,36.4,97.5,5.1,5,3,86,E,14.8,9.2,High,3/21/2026
success,"Landour, Dehradun, Uttarakhand, India",Dehradun,Uttarakhand,India,Dehradun,Asia/Kolkata,30.345,78.029,12541,30.345,78.029,30.0417,79.0897,2026-03-22T14:41:02.000Z,TRUE,13,37,283,5,38,10,8,2,0,71,Patchy rain nearby,19.6,67.3,8.4,5.2,45,0.01,0.18,29.76,1008,24.7,76.4,6.2,9,5,331,NNW,5.8,3.6,High,3/22/2026
success,"Bani, Shimla, Himachal Pradesh, India",Shimla,Himachal Pradesh,India,Shimla,Asia/Kolkata,31.1033,77.1722,VIR21213,31.1033,77.1722,31.9292,77.1828,2026-03-22T14:41:02.000Z,TRUE,22,53,281,5,42,16,14,2,0,74,Patchy rain nearby,21.1,70,10.2,6.3,34,0,0.01,29.7,1006,26.4,79.5,3,10,6,169,S,6.8,4.3,Moderate,3/22/2026
success,"Nhpc Quarters, Gangtok, Sikkim, India",Gangtok,Sikkim,India,Gangtok,Asia/Kolkata,27.33,88.62,VIR7722,27.33,88.62,27.601,88.4541,2026-03-22T14:41:02.000Z,TRUE,37,72,228,97,32,32,22,2,0,74,Patchy rain nearby,16.1,61,10.4,6.4,80,0.01,0.19,29.84,1011,21.6,70.8,5.1,9,5,198,SSW,7.6,4.7,High,3/22/2026
success,"Yeyyadi, Mangalore, Karnataka, India",Mangalore,Karnataka,India,Mangalore,Asia/Kolkata,12.8681,74.8425,13718,12.8681,74.8425,14.5204,75.7224,2026-03-22T14:41:02.000Z,TRUE,46,43,273,2,28,46,8,2,0,75,Partly Cloudy,29.3,84.8,15.9,9.9,89,0,0,29.85,1011,27.1,80.8,5.1,6,3,202,SSW,13,8.1,High,3/22/2026
success,"S P Pudur, Salem, Tamil Nadu, India",Salem,Tamil Nadu,India,Salem,Asia/Kolkata,11.65,78.15,VIR20001,11.65,78.15,10.9094,78.3665,2026-03-22T14:41:02.000Z,TRUE,33,67,41,5,40,29,20,2,0,75,Patchy rain nearby,29.4,84.9,9.1,5.7,40,0,0.12,29.73,1007,35,95,7.5,10,6,234,SW,7.9,4.9,Very High,3/22/2026
success,"Nirali Basti, Solapur, Maharashtra, India",Solapur,Maharashtra,India,Solapur,Asia/Kolkata,17.68,75.92,VIR21643,17.68,75.92,18.9068,75.6742,2026-03-22T14:41:02.000Z,TRUE,92,68,257,32,26,92,6,12,0,50,Partly Cloudy,41.1,106,18.6,11.6,45,0,0,29.77,1008,37.4,99.3,8.3,6,3,272,W,16.2,10.1,Very High,3/22/2026
success,"Maninagar, Ahmedabad, Gujarat, India",Ahmedabad,Gujarat,India,Ahmedabad,Asia/Kolkata,23.0225,72.5714,8192,23.0225,72.5714,22.385,71.7453,2026-03-22T14:41:02.000Z,TRUE,26,59,266,11,31,21,15,8,0,25,Overcast,35.8,96.5,32.3,20.1,37,0,0,29.59,1002,37.1,98.8,5.8,5,3,248,WSW,28.1,17.4,High,3/22/2026
success,"Peenya, Bangalore, Karnataka, India",Bangalore,Karnataka,India,Bangalore,Asia/Kolkata,12.9789,77.5917,3758,12.9789,77.5917,14.5204,75.7224,2026-03-22T14:41:02.000Z,TRUE,26,61,274,7,28,19,15,2,0,50,Partly Cloudy,28,82.4,20.3,12.6,70,0,0.09,29.91,1013,28.3,82.9,2.2,6,3,277,W,17.6,11,Moderate,3/22/2026
success,"Kazhikundram, Chennai, Tamil Nadu, India",Chennai,Tamil Nadu,India,Chennai,Asia/Kolkata,13.0825,80.275,11279,13.0825,80.275,10.9094,78.3665,2026-03-22T14:41:02.000Z,TRUE,51,91,278,5,29,38,31,2,0,100,Mist,38.1,100.6,29.1,18.1,71,0,0.01,29.68,1005,32.2,90,1.4,4,2,123,ESE,22.3,13.9,Low,3/22/2026
success,"Ramachandrapuram, Hyderabad, Telangana, India",Hyderabad,Telangana,India,Hyderabad,Asia/Kolkata,17.4399,78.4983,14140,17.4399,78.4983,17.8496,79.1152,2026-03-22T14:41:02.000Z,TRUE,28,64,316,6,22,22,17,3,0,50,Partly Cloudy,37.7,99.8,10.8,6.7,42,0,0,29.8,1009,35.3,95.5,3.4,6,3,276,W,3.6,2.2,Moderate,3/22/2026
success,"Dhakuria, Kolkata, West Bengal, India",Kolkata,West Bengal,India,Kolkata,Asia/Kolkata,22.5325,88.3521,12458,22.5325,88.3521,22.9965,87.6856,2026-03-23T15:21:01.000Z,TRUE,75,123,229,13,29,54,45,2,0,50,Mist,43.9,111,23.8,14.8,67,0.27,6.82,29.62,1003,33.2,91.8,2.5,4.5,2,178,S,18,11.2,Moderate,3/23/2026
success,"Mahalakshmi, Mumbai, Maharashtra, India",Mumbai,Maharashtra,India,Mumbai,Asia/Kolkata,19.0761,72.8775,11921,19.0761,72.8775,18.9068,75.6742,2026-03-23T15:21:01.000Z,TRUE,22,57,258,7,22,19,13,6,0,50,Mist,46.4,115.5,30.7,19.1,60,0,0.01,29.74,1007,34.4,93.9,5.7,4,2,241,WSW,23.4,14.5,High,3/23/2026
success,"Puth Khurd, New Delhi, Delhi, India",New Delhi,Delhi,India,New Delhi,Asia/Kolkata,28.6325,77.2205,11267,28.6325,77.2205,28.6274,77.1717,2026-03-23T15:21:01.000Z,TRUE,44,81,171,17,40,33,26,7,0,50,Partly Cloudy,30.9,87.5,13.2,8.2,47,0,0,29.68,1005,33,91.4,4.5,6,3,88,E,11.5,7.2,Moderate,3/23/2026
success,"Shivajinagar, Pune, Maharashtra, India",Pune,Maharashtra,India,Pune,Asia/Kolkata,18.5203,73.8567,3760,18.5203,73.8567,18.9068,75.6742,2026-03-23T15:21:01.000Z,TRUE,25,60,152,13,38,20,15,2,0,14,Sunny,25.2,77.4,29.4,18.3,38,0,0,29.73,1007,34.2,93.5,5.8,10,6,260,W,25.6,15.9,High,3/23/2026
success,"Gomti Nagar, Lucknow, Uttar Pradesh, India",Lucknow,Uttar Pradesh,India,Lucknow,Asia/Kolkata,26.85,80.95,12468,26.85,80.95,27.1303,80.8597,2026-03-23T15:21:01.000Z,TRUE,65,110,436,18,37,47,39,20,0,75,Mist,32.2,90,4.1,2.6,50,0,0,29.65,1004,34.2,93.6,3.5,5,3,235,SW,3.6,2.2,Moderate,3/23/2026
success,"Phase 2, Ludhiana, Punjab, India",Ludhiana,Punjab,India,Ludhiana,Asia/Kolkata,30.91,75.85,VIR13356,30.91,75.85,30.9293,75.5005,2026-03-23T15:21:01.000Z,TRUE,39,75,432,24,33,31,23,4,0,75,Patchy rain nearby,31.7,89.1,28.6,17.8,21,0,0.01,29.5,999,40.5,105,2.9,10,6,137,SE,24.8,15.4,Moderate,3/23/2026
success,"Sector D Industrial Area, Bhopal, Madhya Pradesh, India",Bhopal,Madhya Pradesh,India,Bhopal,Asia/Kolkata,23.2599,77.4126,11275,23.2599,77.4126,23.8143,77.5341,2026-03-23T15:21:01.000Z,TRUE,42,79,354,9,26,35,25,1,0,50,Partly Cloudy,34.7,94.4,21.5,13.4,35,0,0,29.71,1006,36.2,97.2,5,6,3,250,WSW,18.7,11.6,Moderate,3/23/2026
success,"Khoh, Gurgaon, Haryana, India",Gurgaon,Haryana,India,Gurgaon,Asia/Kolkata,28.456,77.029,12445,28.456,77.029,29,76,2026-03-23T15:21:01.000Z,TRUE,42,80,303,5,38,31,25,2,0,50,Partly Cloudy,30.9,87.5,19.9,12.3,47,0,0,29.68,1005,33,91.4,4.7,6,3,69,ENE,17.3,10.7,Moderate,3/23/2026
success,"Edayar, Kochi, Kerala, India",Kochi,Kerala,India,Kochi,Asia/Kolkata,9.9312,76.2673,11919,9.9312,76.2673,10.3529,76.512,2026-03-23T15:21:01.000Z,TRUE,21,52,280,5,40,18,12,2,0,78,Patchy rain nearby,31.7,89.1,17.2,10.7,71,0,0.04,29.83,1010,28.5,83.2,4.7,10,6,282,WNW,13.7,8.5,Moderate,3/23/2026
success,"Shastri Nagar, Bhubaneswar, Odisha, India",Bhubaneswar,Odisha,India,Bhubaneswar,Asia/Kolkata,20.2644,85.8281,8856A6EF1338,20.2644,85.8281,20.5431,84.6897,2026-03-23T15:21:01.000Z,TRUE,45,84,70,4,68,31,27,2,0,5,Sunny,28.6,83.5,27.3,17,40,0,0,29.57,1001,37.3,99.1,2.6,10,6,171,S,23.8,14.8,Moderate,3/23/2026
success,"Gandhi Nagar Colony, Ranchi, Jharkhand, India",Ranchi,Jharkhand,India,Ranchi,Asia/Kolkata,23.36,85.33,VIR18962,23.36,85.33,23.456,85.2557,2026-03-24T15:21:01.000Z,TRUE,63,106,314,3,1,42,38,1,0,50,Mist,29.4,84.9,27.4,17,66,0.02,0.55,29.8,1009,29,84.2,1.9,4,2,252,WSW,20.2,12.5,Low,3/24/2026
success,"Vidya Nagar, Madgaon, Goa, India",Madgaon,Goa,India,Madgaon,Asia/Kolkata,15.33,73.98,ACA704868534,15.33,73.98,15.3005,74.0855,2026-03-24T15:21:01.000Z,TRUE,20,56,,,,16,12,,0,75,Patchy rain nearby,35.6,96.1,17.1,10.6,59,0,0.02,29.78,1008,31.5,88.6,4.7,10,6,269,W,14.4,8.9,Moderate,3/24/2026
success,"Hathroi, Jaipur, Rajasthan, India",Jaipur,Rajasthan,India,Jaipur,Asia/Kolkata,26.8845,75.7933,11291,26.8845,75.7933,26.8106,73.7685,2026-03-24T15:21:01.000Z,TRUE,43,82,363,26,32,33,26,6,0,50,Mist,36.2,97.2,26.1,16.2,42,0,0,29.65,1004,37.4,99.3,5.2,4,2,201,SSW,22.7,14.1,High,3/24/2026
success,"Ie, Raipur, Chhattisgarh, India",Raipur,Chhattisgarh,India,Raipur,Asia/Kolkata,21.2444,81.6306,VIR18914,21.2444,81.6306,21.6637,81.8406,2026-03-24T15:21:01.000Z,TRUE,50,90,42,5,29,34,30,2,0,17,Sunny,34.7,94.5,15.3,9.5,20,0,0,29.51,999,41.3,106.3,3.6,10,6,225,SW,13.3,8.3,Moderate,3/24/2026
success,"Bongshar, Guwahati, Assam, India",Guwahati,Assam,India,Guwahati,Asia/Kolkata,26.1722,91.7458,VIR8658,26.1722,91.7458,26.4074,93.2551,2026-03-24T15:21:01.000Z,TRUE,66,111,264,5,1,49,40,26,0,75,Rain Thunder,29.5,85.2,9,5.6,89,0.01,0.21,29.65,1004,27.2,81,0.4,2.5,1,168,S,6.5,4,Low,3/24/2026
success,"Khajpura, Patna, Bihar, India",Patna,Bihar,India,Patna,Asia/Kolkata,25.594,85.1376,12742,25.594,85.1376,25.6441,85.9065,2026-03-24T15:21:01.000Z,TRUE,72,119,192,16,31,53,43,2,0,50,Mist,33.3,92,17,10.6,60,0,0,29.62,1003,34.4,93.9,2.9,5,3,88,E,14.8,9.2,Moderate,3/24/2026
success,"Landour, Dehradun, Uttarakhand, India",Dehradun,Uttarakhand,India,Dehradun,Asia/Kolkata,30.345,78.029,12541,30.345,78.029,30.0417,79.0897,2026-03-24T15:21:01.000Z,TRUE,15,36,284,3,34,13,8,2,0,31,Partly Cloudy,19,66.2,19.5,12.1,43,0,0,29.71,1006,25.1,77.2,3.9,10,6,33,NE,12.6,7.8,Moderate,3/24/2026
success,"Bani, Shimla, Himachal Pradesh, India",Shimla,Himachal Pradesh,India,Shimla,Asia/Kolkata,31.1033,77.1722,VIR21213,31.1033,77.1722,31.9292,77.1828,2026-03-24T15:21:01.000Z,TRUE,21,52,288,4,38,15,13,2,0,75,Patchy rain nearby,21.4,70.5,6.1,3.8,35,0,0.01,29.68,1005,26.2,79.1,1,10,6,153,SSE,4,2.5,Low,3/24/2026
success,"Nhpc Quarters, Gangtok, Sikkim, India",Gangtok,Sikkim,India,Gangtok,Asia/Kolkata,27.33,88.62,VIR7722,27.33,88.62,27.601,88.4541,2026-03-24T15:21:01.000Z,TRUE,35,69,226,100,33,27,21,1,0,76,Patchy rain nearby,16.3,61.3,9,5.6,79,0.01,0.2,29.83,1010,21.5,70.7,2.4,9,5,209,SSW,6.5,4,Moderate,3/24/2026
success,"Yeyyadi, Mangalore, Karnataka, India",Mangalore,Karnataka,India,Mangalore,Asia/Kolkata,12.8681,74.8425,13718,12.8681,74.8425,14.5204,75.7224,2026-03-24T15:21:01.000Z,TRUE,37,40,288,2,24,37,10,2,0,75,Partly Cloudy,31.2,88.1,16.9,10.5,89,0,0.06,29.83,1010,28.2,82.8,2.7,6,3,208,SSW,13.3,8.3,Moderate,3/24/2026
success,"S P Pudur, Salem, Tamil Nadu, India",Salem,Tamil Nadu,India,Salem,Asia/Kolkata,11.65,78.15,VIR20001,11.65,78.15,10.9094,78.3665,2026-03-25T15:21:01.000Z,TRUE,37,71,41,5,38,33,22,2,0,61,Partly Cloudy,36.6,97.9,10.4,6.4,40,0,0,29.71,1006,34.6,94.3,4.2,10,6,231,SW,9,5.6,Moderate,3/25/2026
success,"Shaniwar Peth, Solapur, Maharashtra, India",Solapur,Maharashtra,India,Solapur,Asia/Kolkata,17.68,75.92,8729,17.68,75.92,18.9068,75.6742,2026-03-25T15:21:01.000Z,TRUE,86,65,248,31,28,86,4,14,0,50,Partly Cloudy,39.8,103.6,19,11.8,45,0,0,29.77,1008,37,98.6,5.2,6,3,275,W,16.6,10.3,High,3/25/2026
success,"Maninagar, Ahmedabad, Gujarat, India",Ahmedabad,Gujarat,India,Ahmedabad,Asia/Kolkata,23.0225,72.5714,8192,23.0225,72.5714,22.385,71.7453,2026-03-25T15:21:01.000Z,TRUE,26,59,266,11,31,21,15,8,0,25,Overcast,35.8,96.5,32.3,20.1,37,0,0,29.59,1002,37.1,98.8,5.8,5,3,248,WSW,28.1,17.4,High,3/25/2026
success,"Peenya, Bangalore, Karnataka, India",Bangalore,Karnataka,India,Bangalore,Asia/Kolkata,12.9789,77.5917,3758,12.9789,77.5917,14.5204,75.7224,2026-03-25T15:21:01.000Z,TRUE,26,61,274,7,28,19,15,2,0,50,Partly Cloudy,28,82.4,20.3,12.6,70,0,0.09,29.91,1013,28.3,82.9,2.2,6,3,277,W,17.6,11,Moderate,3/25/2026
success,"Kazhikundram, Chennai, Tamil Nadu, India",Chennai,Tamil Nadu,India,Chennai,Asia/Kolkata,13.0825,80.275,11279,13.0825,80.275,10.9094,78.3665,2026-03-25T15:21:01.000Z,TRUE,51,91,278,5,29,38,31,2,0,100,Mist,38.1,100.6,29.1,18.1,71,0,0.01,29.68,1005,32.2,90,1.4,4,2,123,ESE,22.3,13.9,Low,3/25/2026
success,"Ramachandrapuram, Hyderabad, Telangana, India",Hyderabad,Telangana,India,Hyderabad,Asia/Kolkata,17.4399,78.4983,14140,17.4399,78.4983,17.8496,79.1152,2026-03-25T15:21:01.000Z,TRUE,28,64,316,6,22,22,17,3,0,50,Partly Cloudy,37.7,99.8,10.8,6.7,42,0,0,29.8,1009,35.3,95.5,3.4,6,3,276,W,3.6,2.2,Moderate,3/25/2026
success,"Dhakuria, Kolkata, West Bengal, India",Kolkata,West Bengal,India,Kolkata,Asia/Kolkata,22.5325,88.3521,12458,22.5325,88.3521,22.9965,87.6856,2026-03-25T15:21:01.000Z,TRUE,75,123,229,13,29,54,45,2,0,50,Mist,43.9,111,23.8,14.8,67,0.27,6.82,29.62,1003,33.2,91.8,2.5,4.5,2,178,S,18,11.2,Moderate,3/25/2026
success,"Mahalakshmi, Mumbai, Maharashtra, India",Mumbai,Maharashtra,India,Mumbai,Asia/Kolkata,19.0761,72.8775,11921,19.0761,72.8775,18.9068,75.6742,2026-03-25T15:21:01.000Z,TRUE,22,57,258,7,22,19,13,6,0,50,Mist,46.4,115.5,30.7,19.1,60,0,0.01,29.74,1007,34.4,93.9,5.7,4,2,241,WSW,23.4,14.5,High,3/25/2026
success,"Puth Khurd, New Delhi, Delhi, India",New Delhi,Delhi,India,New Delhi,Asia/Kolkata,28.6325,77.2205,11267,28.6325,77.2205,28.6274,77.1717,2026-03-25T15:21:01.000Z,TRUE,44,81,171,17,40,33,26,7,0,50,Partly Cloudy,30.9,87.5,13.2,8.2,47,0,0,29.68,1005,33,91.4,4.5,6,3,88,E,11.5,7.2,Moderate,3/25/2026
success,"Shivajinagar, Pune, Maharashtra, India",Pune,Maharashtra,India,Pune,Asia/Kolkata,18.5203,73.8567,3760,18.5203,73.8567,18.9068,75.6742,2026-03-25T15:21:01.000Z,TRUE,25,60,152,13,38,20,15,2,0,14,Sunny,25.2,77.4,29.4,18.3,38,0,0,29.73,1007,34.2,93.5,5.8,10,6,260,W,25.6,15.9,High,3/25/2026
success,"Gomti Nagar, Lucknow, Uttar Pradesh, India",Lucknow,Uttar Pradesh,India,Lucknow,Asia/Kolkata,26.85,80.95,12468,26.85,80.95,27.1303,80.8597,2026-03-26T15:21:01.000Z,TRUE,65,110,436,18,37,47,39,20,0,75,Mist,32.2,90,4.1,2.6,50,0,0,29.65,1004,34.2,93.6,3.5,5,3,235,SW,3.6,2.2,Moderate,3/26/2026
success,"Phase 2, Ludhiana, Punjab, India",Ludhiana,Punjab,India,Ludhiana,Asia/Kolkata,30.91,75.85,VIR13356,30.91,75.85,30.9293,75.5005,2026-03-26T15:21:01.000Z,TRUE,39,75,432,24,33,31,23,4,0,75,Patchy rain nearby,31.7,89.1,28.6,17.8,21,0,0.01,29.5,999,40.5,105,2.9,10,6,137,SE,24.8,15.4,Moderate,3/26/2026
success,"Sector D Industrial Area, Bhopal, Madhya Pradesh, India",Bhopal,Madhya Pradesh,India,Bhopal,Asia/Kolkata,23.2599,77.4126,11275,23.2599,77.4126,23.8143,77.5341,2026-03-26T15:21:01.000Z,TRUE,42,79,354,9,26,35,25,1,0,50,Partly Cloudy,34.7,94.4,21.5,13.4,35,0,0,29.71,1006,36.2,97.2,5,6,3,250,WSW,18.7,11.6,Moderate,3/26/2026
success,"Khoh, Gurgaon, Haryana, India",Gurgaon,Haryana,India,Gurgaon,Asia/Kolkata,28.456,77.029,12445,28.456,77.029,29,76,2026-03-26T15:21:01.000Z,TRUE,42,80,303,5,38,31,25,2,0,50,Partly Cloudy,30.9,87.5,19.9,12.3,47,0,0,29.68,1005,33,91.4,4.7,6,3,69,ENE,17.3,10.7,Moderate,3/26/2026
success,"Edayar, Kochi, Kerala, India",Kochi,Kerala,India,Kochi,Asia/Kolkata,9.9312,76.2673,11919,9.9312,76.2673,10.3529,76.512,2026-03-26T15:21:01.000Z,TRUE,21,52,280,5,40,18,12,2,0,78,Patchy rain nearby,31.7,89.1,17.2,10.7,71,0,0.04,29.83,1010,28.5,83.2,4.7,10,6,282,WNW,13.7,8.5,Moderate,3/26/2026
success,"Shastri Nagar, Bhubaneswar, Odisha, India",Bhubaneswar,Odisha,India,Bhubaneswar,Asia/Kolkata,20.2644,85.8281,8856A6EF1338,20.2644,85.8281,20.5431,84.6897,2026-03-26T15:21:01.000Z,TRUE,45,84,70,4,68,31,27,2,0,5,Sunny,28.6,83.5,27.3,17,40,0,0,29.57,1001,37.3,99.1,2.6,10,6,171,S,23.8,14.8,Moderate,3/26/2026
success,"Gandhi Nagar Colony, Ranchi, Jharkhand, India",Ranchi,Jharkhand,India,Ranchi,Asia/Kolkata,23.36,85.33,VIR18962,23.36,85.33,23.456,85.2557,2026-03-26T15:21:01.000Z,TRUE,63,106,314,3,1,42,38,1,0,50,Mist,29.4,84.9,27.4,17,66,0.02,0.55,29.8,1009,29,84.2,1.9,4,2,252,WSW,20.2,12.5,Low,3/26/2026
success,"Vidya Nagar, Madgaon, Goa, India",Madgaon,Goa,India,Madgaon,Asia/Kolkata,15.33,73.98,ACA704868534,15.33,73.98,15.3005,74.0855,2026-03-26T15:21:01.000Z,TRUE,20,56,,,,16,12,,0,75,Patchy rain nearby,35.6,96.1,17.1,10.6,59,0,0.02,29.78,1008,31.5,88.6,4.7,10,6,269,W,14.4,8.9,Moderate,3/26/2026
success,"Hathroi, Jaipur, Rajasthan, India",Jaipur,Rajasthan,India,Jaipur,Asia/Kolkata,26.8845,75.7933,11291,26.8845,75.7933,26.8106,73.7685,2026-03-26T15:21:01.000Z,TRUE,43,82,363,26,32,33,26,6,0,50,Mist,36.2,97.2,26.1,16.2,42,0,0,29.65,1004,37.4,99.3,5.2,4,2,201,SSW,22.7,14.1,High,3/26/2026
success,"Ie, Raipur, Chhattisgarh, India",Raipur,Chhattisgarh,India,Raipur,Asia/Kolkata,21.2444,81.6306,VIR18914,21.2444,81.6306,21.6637,81.8406,2026-03-26T15:21:01.000Z,TRUE,50,90,42,5,29,34,30,2,0,17,Sunny,34.7,94.5,15.3,9.5,20,0,0,29.51,999,41.3,106.3,3.6,10,6,225,SW,13.3,8.3,Moderate,3/26/2026
success,"Bongshar, Guwahati, Assam, India",Guwahati,Assam,India,Guwahati,Asia/Kolkata,26.1722,91.7458,VIR8658,26.1722,91.7458,26.4074,93.2551,2026-03-27T15:21:01.000Z,TRUE,66,111,264,5,1,49,40,26,0,75,Rain Thunder,29.5,85.2,9,5.6,89,0.01,0.21,29.65,1004,27.2,81,0.4,2.5,1,168,S,6.5,4,Low,3/27/2026
success,"Khajpura, Patna, Bihar, India",Patna,Bihar,India,Patna,Asia/Kolkata,25.594,85.1376,12742,25.594,85.1376,25.6441,85.9065,2026-03-27T15:21:01.000Z,TRUE,72,119,192,16,31,53,43,2,0,50,Mist,33.3,92,17,10.6,60,0,0,29.62,1003,34.4,93.9,2.9,5,3,88,E,14.8,9.2,Moderate,3/27/2026
success,"Landour, Dehradun, Uttarakhand, India",Dehradun,Uttarakhand,India,Dehradun,Asia/Kolkata,30.345,78.029,12541,30.345,78.029,30.0417,79.0897,2026-03-27T15:21:01.000Z,TRUE,15,36,284,3,34,13,8,2,0,31,Partly Cloudy,19,66.2,19.5,12.1,43,0,0,29.71,1006,25.1,77.2,3.9,10,6,33,NE,12.6,7.8,Moderate,3/27/2026
success,"Bani, Shimla, Himachal Pradesh, India",Shimla,Himachal Pradesh,India,Shimla,Asia/Kolkata,31.1033,77.1722,VIR21213,31.1033,77.1722,31.9292,77.1828,2026-03-27T15:21:01.000Z,TRUE,21,52,288,4,38,15,13,2,0,75,Patchy rain nearby,21.4,70.5,6.1,3.8,35,0,0.01,29.68,1005,26.2,79.1,1,10,6,153,SSE,4,2.5,Low,3/27/2026
success,"Nhpc Quarters, Gangtok, Sikkim, India",Gangtok,Sikkim,India,Gangtok,Asia/Kolkata,27.33,88.62,VIR7722,27.33,88.62,27.601,88.4541,2026-03-27T15:21:01.000Z,TRUE,35,69,226,100,33,27,21,1,0,76,Patchy rain nearby,16.3,61.3,9,5.6,79,0.01,0.2,29.83,1010,21.5,70.7,2.4,9,5,209,SSW,6.5,4,Moderate,3/27/2026
success,"Yeyyadi, Mangalore, Karnataka, India",Mangalore,Karnataka,India,Mangalore,Asia/Kolkata,12.8681,74.8425,13718,12.8681,74.8425,14.5204,75.7224,2026-03-27T15:21:01.000Z,TRUE,37,40,288,2,24,37,10,2,0,75,Partly Cloudy,31.2,88.1,16.9,10.5,89,0,0.06,29.83,1010,28.2,82.8,2.7,6,3,208,SSW,13.3,8.3,Moderate,3/27/2026
success,"S P Pudur, Salem, Tamil Nadu, India",Salem,Tamil Nadu,India,Salem,Asia/Kolkata,11.65,78.15,VIR20001,11.65,78.15,10.9094,78.3665,2026-03-27T15:21:01.000Z,TRUE,37,71,41,5,38,33,22,2,0,61,Partly Cloudy,36.6,97.9,10.4,6.4,40,0,0,29.71,1006,34.6,94.3,4.2,10,6,231,SW,9,5.6,Moderate,3/27/2026
success,"Shaniwar Peth, Solapur, Maharashtra, India",Solapur,Maharashtra,India,Solapur,Asia/Kolkata,17.68,75.92,8729,17.68,75.92,18.9068,75.6742,2026-03-27T15:21:01.000Z,TRUE,86,65,248,31,28,86,4,14,0,50,Partly Cloudy,39.8,103.6,19,11.8,45,0,0,29.77,1008,37,98.6,5.2,6,3,275,W,16.6,10.3,High,3/27/2026
success,"Maninagar, Ahmedabad, Gujarat, India",Ahmedabad,Gujarat,India,Ahmedabad,Asia/Kolkata,23.0225,72.5714,8192,23.0225,72.5714,22.385,71.7453,2026-03-28T15:21:01.000Z,TRUE,26,60,260,11,30,21,15,10,0,25,Overcast,37.5,99.4,32.3,20.1,33,0,0,29.56,1001,38.3,100.9,5.8,5,3,248,WSW,28.1,17.4,High,3/28/2026
success,"Peenya, Bangalore, Karnataka, India",Bangalore,Karnataka,India,Bangalore,Asia/Kolkata,12.9789,77.5917,3758,12.9789,77.5917,14.5204,75.7224,2026-03-28T15:21:01.000Z,TRUE,26,61,264,8,28,19,15,2,0,50,Partly Cloudy,31.3,88.3,20.3,12.6,70,0,0.09,29.91,1013,28.2,82.8,2.2,6,3,277,W,17.6,11,Moderate,3/28/2026
success,"Kazhikundram, Chennai, Tamil Nadu, India",Chennai,Tamil Nadu,India,Chennai,Asia/Kolkata,13.0825,80.275,11279,13.0825,80.275,10.9094,78.3665,2026-03-28T15:21:01.000Z,TRUE,48,87,278,6,30,35,29,2,0,100,Mist,38.1,100.6,29.1,18.1,71,0,0.01,29.68,1005,32.2,90,1.4,4,2,123,ESE,22.3,13.9,Low,3/28/2026
success,"Ramachandrapuram, Hyderabad, Telangana, India",Hyderabad,Telangana,India,Hyderabad,Asia/Kolkata,17.4399,78.4983,14140,17.4399,78.4983,17.8496,79.1152,2026-03-28T15:21:01.000Z,TRUE,28,63,317,6,22,21,16,3,0,50,Partly Cloudy,37.3,99.2,10.8,6.7,42,0,0,29.77,1008,35.1,95.2,3.4,6,3,276,W,3.6,2.2,Moderate,3/28/2026
success,"Dhakuria, Kolkata, West Bengal, India",Kolkata,West Bengal,India,Kolkata,Asia/Kolkata,22.5325,88.3521,12458,22.5325,88.3521,22.9965,87.6856,2026-03-28T15:21:01.000Z,TRUE,71,117,227,13,28,51,42,2,0,50,Mist,42.8,109,18.9,11.7,71,0.32,8.09,29.62,1003,33.1,91.6,2.5,4.5,2,183,S,15.1,9.4,Moderate,3/28/2026
success,"Mahalakshmi, Mumbai, Maharashtra, India",Mumbai,Maharashtra,India,Mumbai,Asia/Kolkata,19.0761,72.8775,11921,19.0761,72.8775,18.9068,75.6742,2026-03-28T15:21:01.000Z,TRUE,23,57,236,6,21,19,13,6,0,50,Mist,44.2,111.5,30.7,19.1,63,0,0.01,29.74,1007,34.3,93.7,5.7,4,2,241,WSW,23.4,14.5,High,3/28/2026
success,"Vivek Vihar, New Delhi, Delhi, India",New Delhi,Delhi,India,New Delhi,Asia/Kolkata,28.6325,77.2205,10118,28.6325,77.2205,28.6274,77.1717,2026-03-28T15:21:01.000Z,TRUE,46,83,173,17,39,35,27,7,0,50,Partly Cloudy,31,87.7,8.7,5.4,47,0,0,29.68,1005,33.1,91.6,4.1,6,3,167,SSE,7.6,4.7,Moderate,3/28/2026
success,"Dhankawadi, Pune, Maharashtra, India",Pune,Maharashtra,India,Pune,Asia/Kolkata,18.5203,73.8567,3763,18.5203,73.8567,18.9068,75.6742,2026-03-28T15:21:01.000Z,TRUE,24,59,150,13,39,19,14,2,0,14,Sunny,25.2,77.4,29.4,18.3,38,0,0,29.73,1007,34.1,93.4,5.8,10,6,259,W,25.6,15.9,High,3/28/2026
success,"Talkatora, Lucknow, Uttar Pradesh, India",Lucknow,Uttar Pradesh,India,Lucknow,Asia/Kolkata,26.85,80.95,8188,26.85,80.95,27.1303,80.8597,2026-03-28T15:21:01.000Z,TRUE,65,110,358,18,41,47,39,10,0,75,Mist,41.4,106.6,10.8,6.7,47,0,0,29.65,1004,35.1,95.2,3.5,5,3,234,SW,3.6,2.2,Moderate,3/28/2026
success,"Haibowal Khurd, Ludhiana, Punjab, India",Ludhiana,Punjab,India,Ludhiana,Asia/Kolkata,30.91,75.85,11272,30.91,75.85,30.9293,75.5005,2026-03-28T15:21:01.000Z,TRUE,38,74,308,24,33,30,23,3,0,75,Patchy rain nearby,31.7,89.1,28.6,17.8,21,0,0.01,29.5,999,40.5,105,2.9,10,6,137,SE,24.8,15.4,Moderate,3/28/2026
success,"Sector D Industrial Area, Bhopal, Madhya Pradesh, India",Bhopal,Madhya Pradesh,India,Bhopal,Asia/Kolkata,23.2599,77.4126,11275,23.2599,77.4126,23.8143,77.5341,2026-03-29T15:41:01.000Z,TRUE,42,79,295,8,28,33,25,2,0,50,Partly Cloudy,36.1,97,21.5,13.4,33,0,0,29.68,1005,37.3,99.1,5,6,3,250,WSW,18.7,11.6,Moderate,3/29/2026
success,"Khoh, Gurgaon, Haryana, India",Gurgaon,Haryana,India,Gurgaon,Asia/Kolkata,28.456,77.029,12445,28.456,77.029,29,76,2026-03-29T15:41:01.000Z,TRUE,42,80,299,6,38,30,25,2,0,50,Partly Cloudy,31,87.7,19.9,12.3,47,0,0,29.68,1005,33.1,91.6,4.7,6,3,69,ENE,17.3,10.7,Moderate,3/29/2026
success,"Kaloor, Kochi, Kerala, India",Kochi,Kerala,India,Kochi,Asia/Kolkata,9.9312,76.2673,12812,9.9312,76.2673,10.3529,76.512,2026-03-29T15:41:01.000Z,TRUE,25,56,281,6,39,22,15,2,0,75,Mist,35.5,95.8,17,10.6,70,0,0.08,29.8,1009,30.1,86.2,4.5,5,3,282,WNW,13.3,8.3,Moderate,3/29/2026
success,"Jagamara, Bhubaneswar, Odisha, India",Bhubaneswar,Odisha,India,Bhubaneswar,Asia/Kolkata,20.2644,85.8281,8856A6EF0190,20.2644,85.8281,20.5431,84.6897,2026-03-29T15:41:01.000Z,TRUE,45,84,70,6,64,31,27,2,0,5,Sunny,28.6,83.5,27.3,17,40,0,0,29.57,1001,37.3,99.1,2.6,10,6,171,S,23.8,14.8,Moderate,3/29/2026
success,"Gandhi Nagar Colony, Ranchi, Jharkhand, India",Ranchi,Jharkhand,India,Ranchi,Asia/Kolkata,23.36,85.33,VIR18962,23.36,85.33,23.456,85.2557,2026-03-29T15:41:01.000Z,TRUE,64,107,292,3,1,46,38,1,0,50,Mist,29.4,84.9,27.4,17,66,0.02,0.55,29.8,1009,29,84.2,1.9,4,2,252,WSW,20.2,12.5,Low,3/29/2026
success,"Vidya Nagar, Madgaon, Goa, India",Madgaon,Goa,India,Madgaon,Asia/Kolkata,15.33,73.98,ACA704868534,15.33,73.98,15.3005,74.0855,2026-03-29T15:41:01.000Z,TRUE,18,55,,,,15,11,,0,75,Patchy rain nearby,35.6,96.1,17.1,10.6,59,0,0.02,29.78,1008,31.5,88.6,4.7,10,6,269,W,14.4,8.9,Moderate,3/29/2026
success,"Jhotwara, Jaipur, Rajasthan, India",Jaipur,Rajasthan,India,Jaipur,Asia/Kolkata,26.8845,75.7933,11304,26.8845,75.7933,26.8106,73.7685,2026-03-29T15:41:01.000Z,TRUE,44,83,309,29,34,34,26,6,0,50,Mist,43,109.4,26.1,16.2,42,0,0,29.65,1004,37.1,98.8,5.2,4,2,201,SSW,22.7,14.1,High,3/29/2026
success,"Ie, Raipur, Chhattisgarh, India",Raipur,Chhattisgarh,India,Raipur,Asia/Kolkata,21.2444,81.6306,VIR18914,21.2444,81.6306,21.6637,81.8406,2026-03-29T15:41:01.000Z,TRUE,50,90,148,4,27,35,30,2,0,17,Sunny,34.7,94.5,15.3,9.5,20,0,0,29.51,999,41.3,106.3,3.6,10,6,225,SW,13.3,8.3,Moderate,3/29/2026
success,"Pan Bazaar, Guwahati, Assam, India",Guwahati,Assam,India,Guwahati,Asia/Kolkata,26.1722,91.7458,13729,26.1722,91.7458,26.4074,93.2551,2026-03-29T15:41:01.000Z,TRUE,66,111,240,6,33,50,40,26,0,75,Rain Thunder,28.3,83,9,5.6,94,0.01,0.21,29.65,1004,26.4,79.5,0.4,2.5,1,168,S,6.5,4,Low,3/29/2026
success,"Kidwaipuri, Patna, Bihar, India",Patna,Bihar,India,Patna,Asia/Kolkata,25.594,85.1376,8674,25.594,85.1376,25.6441,85.9065,2026-03-29T15:41:01.000Z,TRUE,73,121,199,16,32,54,44,2,0,25,Mist,32.8,91.1,16.6,10.3,60,0,0,29.62,1003,34,93.2,2.9,5,3,87,E,14.4,8.9,Moderate,3/29/2026
success,"Landour, Dehradun, Uttarakhand, India",Dehradun,Uttarakhand,India,Dehradun,Asia/Kolkata,30.345,78.029,12541,30.345,78.029,30.0417,79.0897,2026-03-30T15:41:01.000Z,TRUE,14,39,290,4,35,11,8,2,0,31,Partly Cloudy,19,66.2,19.5,12.1,43,0,0,29.71,1006,25.1,77.2,3.9,10,6,33,NE,12.6,7.8,Moderate,3/30/2026
success,"Bani, Shimla, Himachal Pradesh, India",Shimla,Himachal Pradesh,India,Shimla,Asia/Kolkata,31.1033,77.1722,VIR21213,31.1033,77.1722,31.9292,77.1828,2026-03-30T15:41:01.000Z,TRUE,20,51,313,5,42,14,12,2,0,75,Patchy rain nearby,21.4,70.5,6.1,3.8,35,0,0.01,29.68,1005,26.2,79.1,1,10,6,153,SSE,4,2.5,Low,3/30/2026
success,"Nhpc Quarters, Gangtok, Sikkim, India",Gangtok,Sikkim,India,Gangtok,Asia/Kolkata,27.33,88.62,VIR7722,27.33,88.62,27.601,88.4541,2026-03-30T15:41:01.000Z,TRUE,35,70,231,103,32,29,21,2,0,76,Patchy rain nearby,16.3,61.3,9,5.6,79,0.01,0.2,29.83,1010,21.5,70.7,2.4,9,5,209,SSW,6.5,4,Moderate,3/30/2026
success,"Yeyyadi, Mangalore, Karnataka, India",Mangalore,Karnataka,India,Mangalore,Asia/Kolkata,12.8681,74.8425,13718,12.8681,74.8425,14.5204,75.7224,2026-03-30T15:41:01.000Z,TRUE,36,34,288,2,24,36,8,2,0,75,Partly Cloudy,31.4,88.5,16.9,10.5,89,0,0.06,29.83,1010,28.3,82.9,2.7,6,3,208,SSW,13.3,8.3,Moderate,3/30/2026
success,"S P Pudur, Salem, Tamil Nadu, India",Salem,Tamil Nadu,India,Salem,Asia/Kolkata,11.65,78.15,VIR20001,11.65,78.15,10.9094,78.3665,2026-03-30T15:41:01.000Z,TRUE,32,65,41,6,41,26,19,2,0,61,Partly Cloudy,36.6,97.9,10.4,6.4,40,0,0,29.71,1006,34.6,94.3,4.2,10,6,231,SW,9,5.6,Moderate,3/30/2026
success,"Shaniwar Peth, Solapur, Maharashtra, India",Solapur,Maharashtra,India,Solapur,Asia/Kolkata,17.68,75.92,8729,17.68,75.92,18.9068,75.6742,2026-03-30T15:41:01.000Z,TRUE,91,68,254,31,28,91,6,11,0,50,Partly Cloudy,40.3,104.6,19,11.8,45,0,0,29.77,1008,37.3,99.1,5.2,6,3,275,W,16.6,10.3,High,3/30/2026
success,"Maninagar, Ahmedabad, Gujarat, India",Ahmedabad,Gujarat,India,Ahmedabad,Asia/Kolkata,23.0225,72.5714,8192,23.0225,72.5714,22.385,71.7453,2026-03-31T15:41:02.000Z,TRUE,26,60,260,11,30,21,15,10,0,25,Overcast,37.5,99.4,32.3,20.1,33,0,0,29.56,1001,38.3,100.9,5.8,5,3,248,WSW,28.1,17.4,High,3/31/2026
success,"Peenya, Bangalore, Karnataka, India",Bangalore,Karnataka,India,Bangalore,Asia/Kolkata,12.9789,77.5917,3758,12.9789,77.5917,14.5204,75.7224,2026-03-31T15:41:02.000Z,TRUE,26,61,264,8,28,19,15,2,0,50,Partly Cloudy,31.3,88.3,20.3,12.6,70,0,0.09,29.91,1013,28.2,82.8,2.2,6,3,277,W,17.6,11,Moderate,3/31/2026
success,"Kazhikundram, Chennai, Tamil Nadu, India",Chennai,Tamil Nadu,India,Chennai,Asia/Kolkata,13.0825,80.275,11279,13.0825,80.275,10.9094,78.3665,2026-03-31T15:41:02.000Z,TRUE,48,87,278,6,30,35,29,2,0,100,Mist,38.1,100.6,29.1,18.1,71,0,0.01,29.68,1005,32.2,90,1.4,4,2,123,ESE,22.3,13.9,Low,3/31/2026
success,"Ramachandrapuram, Hyderabad, Telangana, India",Hyderabad,Telangana,India,Hyderabad,Asia/Kolkata,17.4399,78.4983,14140,17.4399,78.4983,17.8496,79.1152,2026-03-31T15:41:02.000Z,TRUE,28,63,317,6,22,21,16,3,0,50,Partly Cloudy,37.3,99.2,10.8,6.7,42,0,0,29.77,1008,35.1,95.2,3.4,6,3,276,W,3.6,2.2,Moderate,3/31/2026
success,"Dhakuria, Kolkata, West Bengal, India",Kolkata,West Bengal,India,Kolkata,Asia/Kolkata,22.5325,88.3521,12458,22.5325,88.3521,22.9965,87.6856,2026-03-31T15:41:02.000Z,TRUE,71,117,227,13,28,51,42,2,0,50,Mist,42.8,109,18.9,11.7,71,0.32,8.09,29.62,1003,33.1,91.6,2.5,4.5,2,183,S,15.1,9.4,Moderate,3/31/2026
success,"Mahalakshmi, Mumbai, Maharashtra, India",Mumbai,Maharashtra,India,Mumbai,Asia/Kolkata,19.0761,72.8775,11921,19.0761,72.8775,18.9068,75.6742,2026-03-31T15:41:02.000Z,TRUE,23,57,236,6,21,19,13,6,0,50,Mist,44.2,111.5,30.7,19.1,63,0,0.01,29.74,1007,34.3,93.7,5.7,4,2,241,WSW,23.4,14.5,High,3/31/2026
success,"Vivek Vihar, New Delhi, Delhi, India",New Delhi,Delhi,India,New Delhi,Asia/Kolkata,28.6325,77.2205,10118,28.6325,77.2205,28.6274,77.1717,2026-04-01T15:31:00.000Z,TRUE,46,83,173,17,39,35,27,7,0,50,Partly Cloudy,31,87.7,8.7,5.4,47,0,0,29.68,1005,33.1,91.6,4.1,6,3,167,SSE,7.6,4.7,Moderate,4/1/2026
success,"Dhankawadi, Pune, Maharashtra, India",Pune,Maharashtra,India,Pune,Asia/Kolkata,18.5203,73.8567,3763,18.5203,73.8567,18.9068,75.6742,2026-04-01T15:31:00.000Z,TRUE,24,59,150,13,39,19,14,2,0,14,Sunny,25.2,77.4,29.4,18.3,38,0,0,29.73,1007,34.1,93.4,5.8,10,6,259,W,25.6,15.9,High,4/1/2026
success,"Talkatora, Lucknow, Uttar Pradesh, India",Lucknow,Uttar Pradesh,India,Lucknow,Asia/Kolkata,26.85,80.95,8188,26.85,80.95,27.1303,80.8597,2026-04-01T15:31:00.000Z,TRUE,65,110,358,18,41,47,39,10,0,75,Mist,41.4,106.6,10.8,6.7,47,0,0,29.65,1004,35.1,95.2,3.5,5,3,234,SW,3.6,2.2,Moderate,4/1/2026
success,"Haibowal Khurd, Ludhiana, Punjab, India",Ludhiana,Punjab,India,Ludhiana,Asia/Kolkata,30.91,75.85,11272,30.91,75.85,30.9293,75.5005,2026-04-01T15:31:00.000Z,TRUE,38,74,308,24,33,30,23,3,0,75,Patchy rain nearby,31.7,89.1,28.6,17.8,21,0,0.01,29.5,999,40.5,105,2.9,10,6,137,SE,24.8,15.4,Moderate,4/1/2026
success,"Sector D Industrial Area, Bhopal, Madhya Pradesh, India",Bhopal,Madhya Pradesh,India,Bhopal,Asia/Kolkata,23.2599,77.4126,11275,23.2599,77.4126,23.8143,77.5341,2026-04-01T15:31:00.000Z,TRUE,42,79,295,8,28,33,25,2,0,50,Partly Cloudy,36.1,97,21.5,13.4,33,0,0,29.68,1005,37.3,99.1,5,6,3,250,WSW,18.7,11.6,Moderate,4/1/2026
success,"Khoh, Gurgaon, Haryana, India",Gurgaon,Haryana,India,Gurgaon,Asia/Kolkata,28.456,77.029,12445,28.456,77.029,29,76,2026-04-02T15:31:00.000Z,TRUE,42,80,299,6,38,30,25,2,0,50,Partly Cloudy,31,87.7,19.9,12.3,47,0,0,29.68,1005,33.1,91.6,4.7,6,3,69,ENE,17.3,10.7,Moderate,4/2/2026
success,"Kaloor, Kochi, Kerala, India",Kochi,Kerala,India,Kochi,Asia/Kolkata,9.9312,76.2673,12812,9.9312,76.2673,10.3529,76.512,2026-04-02T15:31:00.000Z,TRUE,25,56,281,6,39,22,15,2,0,75,Mist,35.5,95.8,17,10.6,70,0,0.08,29.8,1009,30.1,86.2,4.5,5,3,282,WNW,13.3,8.3,Moderate,4/2/2026
success,"Jagamara, Bhubaneswar, Odisha, India",Bhubaneswar,Odisha,India,Bhubaneswar,Asia/Kolkata,20.2644,85.8281,8856A6EF0190,20.2644,85.8281,20.5431,84.6897,2026-04-02T15:31:00.000Z,TRUE,45,84,70,6,64,31,27,2,0,5,Sunny,28.6,83.5,27.3,17,40,0,0,29.57,1001,37.3,99.1,2.6,10,6,171,S,23.8,14.8,Moderate,4/2/2026
success,"Gandhi Nagar Colony, Ranchi, Jharkhand, India",Ranchi,Jharkhand,India,Ranchi,Asia/Kolkata,23.36,85.33,VIR18962,23.36,85.33,23.456,85.2557,2026-04-02T15:31:00.000Z,TRUE,64,107,292,3,1,46,38,1,0,50,Mist,29.4,84.9,27.4,17,66,0.02,0.55,29.8,1009,29,84.2,1.9,4,2,252,WSW,20.2,12.5,Low,4/2/2026
success,"Vidya Nagar, Madgaon, Goa, India",Madgaon,Goa,India,Madgaon,Asia/Kolkata,15.33,73.98,ACA704868534,15.33,73.98,15.3005,74.0855,2026-04-03T15:31:00.000Z,TRUE,18,55,,,,15,11,,0,75,Patchy rain nearby,35.6,96.1,17.1,10.6,59,0,0.02,29.78,1008,31.5,88.6,4.7,10,6,269,W,14.4,8.9,Moderate,4/3/2026
success,"Jhotwara, Jaipur, Rajasthan, India",Jaipur,Rajasthan,India,Jaipur,Asia/Kolkata,26.8845,75.7933,11304,26.8845,75.7933,26.8106,73.7685,2026-04-03T15:31:00.000Z,TRUE,44,83,309,29,34,34,26,6,0,50,Mist,43,109.4,26.1,16.2,42,0,0,29.65,1004,37.1,98.8,5.2,4,2,201,SSW,22.7,14.1,High,4/3/2026
success,"Ie, Raipur, Chhattisgarh, India",Raipur,Chhattisgarh,India,Raipur,Asia/Kolkata,21.2444,81.6306,VIR18914,21.2444,81.6306,21.6637,81.8406,2026-04-03T15:31:00.000Z,TRUE,50,90,148,4,27,35,30,2,0,17,Sunny,34.7,94.5,15.3,9.5,20,0,0,29.51,999,41.3,106.3,3.6,10,6,225,SW,13.3,8.3,Moderate,4/3/2026
success,"Pan Bazaar, Guwahati, Assam, India",Guwahati,Assam,India,Guwahati,Asia/Kolkata,26.1722,91.7458,13729,26.1722,91.7458,26.4074,93.2551,2026-04-03T15:31:00.000Z,TRUE,66,111,240,6,33,50,40,26,0,75,Rain Thunder,28.3,83,9,5.6,94,0.01,0.21,29.65,1004,26.4,79.5,0.4,2.5,1,168,S,6.5,4,Low,4/3/2026
success,"Kidwaipuri, Patna, Bihar, India",Patna,Bihar,India,Patna,Asia/Kolkata,25.594,85.1376,8674,25.594,85.1376,25.6441,85.9065,2026-04-04T15:31:00.000Z,TRUE,73,121,199,16,32,54,44,2,0,25,Mist,32.8,91.1,16.6,10.3,60,0,0,29.62,1003,34,93.2,2.9,5,3,87,E,14.4,8.9,Moderate,4/4/2026
success,"Landour, Dehradun, Uttarakhand, India",Dehradun,Uttarakhand,India,Dehradun,Asia/Kolkata,30.345,78.029,12541,30.345,78.029,30.0417,79.0897,2026-04-04T15:31:00.000Z,TRUE,14,39,290,4,35,11,8,2,0,31,Partly Cloudy,19,66.2,19.5,12.1,43,0,0,29.71,1006,25.1,77.2,3.9,10,6,33,NE,12.6,7.8,Moderate,4/4/2026
success,"Bani, Shimla, Himachal Pradesh, India",Shimla,Himachal Pradesh,India,Shimla,Asia/Kolkata,31.1033,77.1722,VIR21213,31.1033,77.1722,31.9292,77.1828,2026-04-04T15:31:00.000Z,TRUE,20,51,313,5,42,14,12,2,0,75,Patchy rain nearby,21.4,70.5,6.1,3.8,35,0,0.01,29.68,1005,26.2,79.1,1,10,6,153,SSE,4,2.5,Low,4/4/2026
success,"Nhpc Quarters, Gangtok, Sikkim, India",Gangtok,Sikkim,India,Gangtok,Asia/Kolkata,27.33,88.62,VIR7722,27.33,88.62,27.601,88.4541,2026-04-05T15:31:00.000Z,TRUE,35,70,231,103,32,29,21,2,0,76,Patchy rain nearby,16.3,61.3,9,5.6,79,0.01,0.2,29.83,1010,21.5,70.7,2.4,9,5,209,SSW,6.5,4,Moderate,4/5/2026
success,"Yeyyadi, Mangalore, Karnataka, India",Mangalore,Karnataka,India,Mangalore,Asia/Kolkata,12.8681,74.8425,13718,12.8681,74.8425,14.5204,75.7224,2026-04-05T15:31:00.000Z,TRUE,36,34,288,2,24,36,8,2,0,75,Partly Cloudy,31.4,88.5,16.9,10.5,89,0,0.06,29.83,1010,28.3,82.9,2.7,6,3,208,SSW,13.3,8.3,Moderate,4/5/2026
success,"S P Pudur, Salem, Tamil Nadu, India",Salem,Tamil Nadu,India,Salem,Asia/Kolkata,11.65,78.15,VIR20001,11.65,78.15,10.9094,78.3665,2026-04-06T15:31:00.000Z,TRUE,32,65,41,6,41,26,19,2,0,61,Partly Cloudy,36.6,97.9,10.4,6.4,40,0,0,29.71,1006,34.6,94.3,4.2,10,6,231,SW,9,5.6,Moderate,4/6/2026
success,"Shaniwar Peth, Solapur, Maharashtra, India",Solapur,Maharashtra,India,Solapur,Asia/Kolkata,17.68,75.92,8729,17.68,75.92,18.9068,75.6742,2026-04-06T15:31:00.000Z,TRUE,91,68,254,31,28,91,6,11,0,50,Partly Cloudy,40.3,104.6,19,11.8,45,0,0,29.77,1008,37.3,99.1,5.2,6,3,275,W,16.6,10.3,High,4/6/2026
success,"Maninagar, Ahmedabad, Gujarat, India",Ahmedabad,Gujarat,India,Ahmedabad,Asia/Kolkata,23.0225,72.5714,8192,23.0225,72.5714,22.385,71.7453,2026-04-07T15:31:00.000Z,TRUE,26,60,260,11,30,21,15,10,0,25,Overcast,37.5,99.4,32.3,20.1,33,0,0,29.56,1001,38.3,100.9,5.8,5,3,248,WSW,28.1,17.4,High,4/7/2026
success,"Peenya, Bangalore, Karnataka, India",Bangalore,Karnataka,India,Bangalore,Asia/Kolkata,12.9789,77.5917,3758,12.9789,77.5917,14.5204,75.7224,2026-04-07T15:31:00.000Z,TRUE,26,61,264,8,28,19,15,2,0,50,Partly Cloudy,31.3,88.3,20.3,12.6,70,0,0.09,29.91,1013,28.2,82.8,2.2,6,3,277,W,17.6,11,Moderate,4/7/2026
success,"Kazhikundram, Chennai, Tamil Nadu, India",Chennai,Tamil Nadu,India,Chennai,Asia/Kolkata,13.0825,80.275,11279,13.0825,80.275,10.9094,78.3665,2026-04-07T15:31:00.000Z,TRUE,48,87,278,6,30,35,29,2,0,100,Mist,38.1,100.6,29.1,18.1,71,0,0.01,29.68,1005,32.2,90,1.4,4,2,123,ESE,22.3,13.9,Low,4/7/2026
success,"Ramachandrapuram, Hyderabad, Telangana, India",Hyderabad,Telangana,India,Hyderabad,Asia/Kolkata,17.4399,78.4983,14140,17.4399,78.4983,17.8496,79.1152,2026-04-07T15:31:00.000Z,TRUE,28,63,317,6,22,21,16,3,0,50,Partly Cloudy,37.3,99.2,10.8,6.7,42,0,0,29.77,1008,35.1,95.2,3.4,6,3,276,W,3.6,2.2,Moderate,4/7/2026
success,"Dhakuria, Kolkata, West Bengal, India",Kolkata,West Bengal,India,Kolkata,Asia/Kolkata,22.5325,88.3521,12458,22.5325,88.3521,22.9965,87.6856,2026-04-07T15:31:00.000Z,TRUE,71,117,227,13,28,51,42,2,0,50,Mist,42.8,109,18.9,11.7,71,0.32,8.09,29.62,1003,33.1,91.6,2.5,4.5,2,183,S,15.1,9.4,Moderate,4/7/2026
success,"Mahalakshmi, Mumbai, Maharashtra, India",Mumbai,Maharashtra,India,Mumbai,Asia/Kolkata,19.0761,72.8775,11921,19.0761,72.8775,18.9068,75.6742,2026-04-07T15:31:00.000Z,TRUE,23,57,236,6,21,19,13,6,0,50,Mist,44.2,111.5,30.7,19.1,63,0,0.01,29.74,1007,34.3,93.7,5.7,4,2,241,WSW,23.4,14.5,High,4/7/2026
success,"Vivek Vihar, New Delhi, Delhi, India",New Delhi,Delhi,India,New Delhi,Asia/Kolkata,28.6325,77.2205,10118,28.6325,77.2205,28.6274,77.1717,2026-04-07T15:31:00.000Z,TRUE,46,84,171,17,40,35,27,7,0,50,Partly Cloudy,31,87.7,8.7,5.4,47,0,0,29.68,1005,33.1,91.6,4.1,6,3,167,SSE,7.6,4.7,Moderate,4/7/2026
success,"Dhankawadi, Pune, Maharashtra, India",Pune,Maharashtra,India,Pune,Asia/Kolkata,18.5203,73.8567,3763,18.5203,73.8567,18.9068,75.6742,2026-04-07T15:31:00.000Z,TRUE,24,59,150,13,39,19,14,2,0,14,Sunny,25.2,77.4,29.4,18.3,38,0,0,29.73,1007,34.1,93.4,5.8,10,6,259,W,25.6,15.9,High,4/7/2026
success,"Talkatora, Lucknow, Uttar Pradesh, India",Lucknow,Uttar Pradesh,India,Lucknow,Asia/Kolkata,26.85,80.95,8188,26.85,80.95,27.1303,80.8597,2026-04-08T15:31:00.000Z,TRUE,65,110,358,18,41,47,39,10,0,75,Mist,41.4,106.6,10.8,6.7,47,0,0,29.65,1004,35.1,95.2,3.5,5,3,234,SW,3.6,2.2,Moderate,4/8/2026
success,"Haibowal Khurd, Ludhiana, Punjab, India",Ludhiana,Punjab,India,Ludhiana,Asia/Kolkata,30.91,75.85,11272,30.91,75.85,30.9293,75.5005,2026-04-08T15:31:00.000Z,TRUE,38,74,308,24,33,30,23,3,0,75,Patchy rain nearby,31.7,89.1,28.6,17.8,21,0,0.01,29.5,999,40.5,105,2.9,10,6,137,SE,24.8,15.4,Moderate,4/8/2026
success,"Sector D Industrial Area, Bhopal, Madhya Pradesh, India",Bhopal,Madhya Pradesh,India,Bhopal,Asia/Kolkata,23.2599,77.4126,11275,23.2599,77.4126,23.8143,77.5341,2026-04-08T15:31:00.000Z,TRUE,42,79,295,8,28,33,25,2,0,50,Partly Cloudy,36.1,97,21.5,13.4,33,0,0,29.68,1005,37.3,99.1,5,6,3,250,WSW,18.7,11.6,Moderate,4/8/2026
success,"Khoh, Gurgaon, Haryana, India",Gurgaon,Haryana,India,Gurgaon,Asia/Kolkata,28.456,77.029,12445,28.456,77.029,29,76,2026-04-08T15:31:00.000Z,TRUE,42,80,299,6,38,30,25,2,0,50,Partly Cloudy,31,87.7,19.9,12.3,47,0,0,29.68,1005,33.1,91.6,4.7,6,3,69,ENE,17.3,10.7,Moderate,4/8/2026
success,"Kaloor, Kochi, Kerala, India",Kochi,Kerala,India,Kochi,Asia/Kolkata,9.9312,76.2673,12812,9.9312,76.2673,10.3529,76.512,2026-04-08T15:31:00.000Z,TRUE,25,56,281,6,39,22,15,2,0,75,Mist,35.5,95.8,17,10.6,70,0,0.08,29.8,1009,30.1,86.2,4.5,5,3,282,WNW,13.3,8.3,Moderate,4/8/2026
success,"Shastri Nagar, Bhubaneswar, Odisha, India",Bhubaneswar,Odisha,India,Bhubaneswar,Asia/Kolkata,20.2644,85.8281,8856A6EF1338,20.2644,85.8281,20.5431,84.6897,2026-04-08T15:31:00.000Z,TRUE,47,87,70,6,62,34,28,2,0,5,Sunny,28.6,83.5,27.3,17,40,0,0,29.57,1001,37.3,99.1,2.6,10,6,171,S,23.8,14.8,Moderate,4/8/2026
success,"Gandhi Nagar Colony, Ranchi, Jharkhand, India",Ranchi,Jharkhand,India,Ranchi,Asia/Kolkata,23.36,85.33,VIR18962,23.36,85.33,23.456,85.2557,2026-04-09T15:31:00.000Z,TRUE,64,107,292,3,1,46,38,1,0,50,Mist,29.4,84.9,27.4,17,66,0.02,0.55,29.8,1009,29,84.2,1.9,4,2,252,WSW,20.2,12.5,Low,4/9/2026
success,"Vidya Nagar, Madgaon, Goa, India",Madgaon,Goa,India,Madgaon,Asia/Kolkata,15.33,73.98,ACA704868534,15.33,73.98,15.3005,74.0855,2026-04-09T15:31:00.000Z,TRUE,18,55,,,,15,11,,0,75,Patchy rain nearby,35.6,96.1,17.1,10.6,59,0,0.02,29.78,1008,31.5,88.6,4.7,10,6,269,W,14.4,8.9,Moderate,4/9/2026
success,"Jhotwara, Jaipur, Rajasthan, India",Jaipur,Rajasthan,India,Jaipur,Asia/Kolkata,26.8845,75.7933,11304,26.8845,75.7933,26.8106,73.7685,2026-04-09T15:31:00.000Z,TRUE,44,83,309,29,34,34,26,6,0,50,Mist,43,109.4,26.1,16.2,42,0,0,29.65,1004,37.1,98.8,5.2,4,2,201,SSW,22.7,14.1,High,4/9/2026
success,"Ie, Raipur, Chhattisgarh, India",Raipur,Chhattisgarh,India,Raipur,Asia/Kolkata,21.2444,81.6306,VIR18914,21.2444,81.6306,21.6637,81.8406,2026-04-09T15:31:00.000Z,TRUE,50,90,148,4,27,35,30,2,0,17,Sunny,34.7,94.5,15.3,9.5,20,0,0,29.51,999,41.3,106.3,3.6,10,6,225,SW,13.3,8.3,Moderate,4/9/2026
success,"Pan Bazaar, Guwahati, Assam, India",Guwahati,Assam,India,Guwahati,Asia/Kolkata,26.1722,91.7458,13729,26.1722,91.7458,26.4074,93.2551,2026-04-09T15:31:00.000Z,TRUE,66,111,240,6,33,50,40,26,0,75,Rain Thunder,28.3,83,9,5.6,94,0.01,0.21,29.65,1004,26.4,79.5,0.4,2.5,1,168,S,6.5,4,Low,4/9/2026
success,"Kidwaipuri, Patna, Bihar, India",Patna,Bihar,India,Patna,Asia/Kolkata,25.594,85.1376,8674,25.594,85.1376,25.6441,85.9065,2026-04-09T15:31:00.000Z,TRUE,73,121,199,16,32,54,44,2,0,25,Mist,32.8,91.1,16.6,10.3,60,0,0,29.62,1003,34,93.2,2.9,5,3,87,E,14.4,8.9,Moderate,4/9/2026
success,"Landour, Dehradun, Uttarakhand, India",Dehradun,Uttarakhand,India,Dehradun,Asia/Kolkata,30.345,78.029,12541,30.345,78.029,30.0417,79.0897,2026-04-09T15:31:00.000Z,TRUE,14,39,290,4,35,11,8,2,0,31,Partly Cloudy,19,66.2,19.5,12.1,43,0,0,29.71,1006,25.1,77.2,3.9,10,6,33,NE,12.6,7.8,Moderate,4/9/2026
success,"Bani, Shimla, Himachal Pradesh, India",Shimla,Himachal Pradesh,India,Shimla,Asia/Kolkata,31.1033,77.1722,VIR21213,31.1033,77.1722,31.9292,77.1828,2026-04-10T15:31:00.000Z,TRUE,20,51,313,5,42,14,12,2,0,75,Patchy rain nearby,21.4,70.5,6.1,3.8,35,0,0.01,29.68,1005,26.2,79.1,1,10,6,153,SSE,4,2.5,Low,4/10/2026
success,"Nhpc Quarters, Gangtok, Sikkim, India",Gangtok,Sikkim,India,Gangtok,Asia/Kolkata,27.33,88.62,VIR7722,27.33,88.62,27.601,88.4541,2026-04-10T15:31:00.000Z,TRUE,35,70,231,103,32,29,21,2,0,76,Patchy rain nearby,16.3,61.3,9,5.6,79,0.01,0.2,29.83,1010,21.5,70.7,2.4,9,5,209,SSW,6.5,4,Moderate,4/10/2026
success,"Yeyyadi, Mangalore, Karnataka, India",Mangalore,Karnataka,India,Mangalore,Asia/Kolkata,12.8681,74.8425,13718,12.8681,74.8425,14.5204,75.7224,2026-04-10T15:31:00.000Z,TRUE,36,34,288,2,24,36,8,2,0,75,Partly Cloudy,31.4,88.5,16.9,10.5,89,0,0.06,29.83,1010,28.3,82.9,2.7,6,3,208,SSW,13.3,8.3,Moderate,4/10/2026
success,"S P Pudur, Salem, Tamil Nadu, India",Salem,Tamil Nadu,India,Salem,Asia/Kolkata,11.65,78.15,VIR20001,11.65,78.15,10.9094,78.3665,2026-04-10T15:31:00.000Z,TRUE,32,65,41,6,41,26,19,2,0,61,Partly Cloudy,36.6,97.9,10.4,6.4,40,0,0,29.71,1006,34.6,94.3,4.2,10,6,231,SW,9,5.6,Moderate,4/10/2026
success,"Shaniwar Peth, Solapur, Maharashtra, India",Solapur,Maharashtra,India,Solapur,Asia/Kolkata,17.68,75.92,8729,17.68,75.92,18.9068,75.6742,2026-04-10T15:31:00.000Z,TRUE,91,68,254,31,28,91,6,11,0,50,Partly Cloudy,40.3,104.6,19,11.8,45,0,0,29.77,1008,37.3,99.1,5.2,6,3,275,W,16.6,10.3,High,4/10/2026
success,"Maninagar, Ahmedabad, Gujarat, India",Ahmedabad,Gujarat,India,Ahmedabad,Asia/Kolkata,23.0225,72.5714,8192,23.0225,72.5714,22.385,71.7453,2026-04-10T15:31:00.000Z,TRUE,26,60,260,11,30,21,15,10,0,25,Overcast,37.5,99.4,32.3,20.1,33,0,0,29.56,1001,38.3,100.9,5.8,5,3,248,WSW,28.1,17.4,High,4/10/2026
success,"Peenya, Bangalore, Karnataka, India",Bangalore,Karnataka,India,Bangalore,Asia/Kolkata,12.9789,77.5917,3758,12.9789,77.5917,14.5204,75.7224,2026-04-10T15:31:00.000Z,TRUE,26,61,264,8,28,19,15,2,0,50,Partly Cloudy,31.3,88.3,20.3,12.6,70,0,0.09,29.91,1013,28.2,82.8,2.2,6,3,277,W,17.6,11,Moderate,4/10/2026
success,"Kazhikundram, Chennai, Tamil Nadu, India",Chennai,Tamil Nadu,India,Chennai,Asia/Kolkata,13.0825,80.275,11279,13.0825,80.275,10.9094,78.3665,2026-04-11T15:31:00.000Z,TRUE,48,87,278,6,30,35,29,2,0,100,Mist,38.1,100.6,29.1,18.1,71,0,0.01,29.68,1005,32.2,90,1.4,4,2,123,ESE,22.3,13.9,Low,4/11/2026
success,"Ramachandrapuram, Hyderabad, Telangana, India",Hyderabad,Telangana,India,Hyderabad,Asia/Kolkata,17.4399,78.4983,14140,17.4399,78.4983,17.8496,79.1152,2026-04-11T15:31:00.000Z,TRUE,28,63,317,6,22,21,16,3,0,50,Partly Cloudy,37.3,99.2,10.8,6.7,42,0,0,29.77,1008,35.1,95.2,3.4,6,3,276,W,3.6,2.2,Moderate,4/11/2026
success,"Dhakuria, Kolkata, West Bengal, India",Kolkata,West Bengal,India,Kolkata,Asia/Kolkata,22.5325,88.3521,12458,22.5325,88.3521,22.9965,87.6856,2026-04-11T15:31:00.000Z,TRUE,71,117,227,13,28,51,42,2,0,50,Mist,42.8,109,18.9,11.7,71,0.32,8.09,29.62,1003,33.1,91.6,2.5,4.5,2,183,S,15.1,9.4,Moderate,4/11/2026
success,"Mahalakshmi, Mumbai, Maharashtra, India",Mumbai,Maharashtra,India,Mumbai,Asia/Kolkata,19.0761,72.8775,11921,19.0761,72.8775,18.9068,75.6742,2026-04-11T15:31:00.000Z,TRUE,23,57,236,6,21,19,13,6,0,50,Mist,44.2,111.5,30.7,19.1,63,0,0.01,29.74,1007,34.3,93.7,5.7,4,2,241,WSW,23.4,14.5,High,4/11/2026
success,"Vivek Vihar, New Delhi, Delhi, India",New Delhi,Delhi,India,New Delhi,Asia/Kolkata,28.6325,77.2205,10118,28.6325,77.2205,28.6274,77.1717,2026-04-11T15:31:00.000Z,TRUE,46,84,171,17,40,35,27,7,0,50,Partly Cloudy,31,87.7,8.7,5.4,47,0,0,29.68,1005,33.1,91.6,4.1,6,3,167,SSE,7.6,4.7,Moderate,4/11/2026
success,"Dhankawadi, Pune, Maharashtra, India",Pune,Maharashtra,India,Pune,Asia/Kolkata,18.5203,73.8567,3763,18.5203,73.8567,18.9068,75.6742,2026-04-11T15:31:00.000Z,TRUE,24,59,150,13,39,19,14,2,0,14,Sunny,25.2,77.4,29.4,18.3,38,0,0,29.73,1007,34.1,93.4,5.8,10,6,259,W,25.6,15.9,High,4/11/2026
success,"Talkatora, Lucknow, Uttar Pradesh, India",Lucknow,Uttar Pradesh,India,Lucknow,Asia/Kolkata,26.85,80.95,8188,26.85,80.95,27.1303,80.8597,2026-04-11T15:31:00.000Z,TRUE,65,110,358,18,41,47,39,10,0,75,Mist,41.4,106.6,10.8,6.7,47,0,0,29.65,1004,35.1,95.2,3.5,5,3,234,SW,3.6,2.2,Moderate,4/11/2026
success,"Haibowal Khurd, Ludhiana, Punjab, India",Ludhiana,Punjab,India,Ludhiana,Asia/Kolkata,30.91,75.85,11272,30.91,75.85,30.9293,75.5005,2026-04-11T15:31:00.000Z,TRUE,38,74,308,24,33,30,23,3,0,75,Patchy rain nearby,31.7,89.1,28.6,17.8,21,0,0.01,29.5,999,40.5,105,2.9,10,6,137,SE,24.8,15.4,Moderate,4/11/2026
success,"Sector D Industrial Area, Bhopal, Madhya Pradesh, India",Bhopal,Madhya Pradesh,India,Bhopal,Asia/Kolkata,23.2599,77.4126,11275,23.2599,77.4126,23.8143,77.5341,2026-04-12T15:31:00.000Z,TRUE,42,79,295,8,28,33,25,2,0,50,Partly Cloudy,36.1,97,21.5,13.4,33,0,0,29.68,1005,37.3,99.1,5,6,3,250,WSW,18.7,11.6,Moderate,4/12/2026
success,"Khoh, Gurgaon, Haryana, India",Gurgaon,Haryana,India,Gurgaon,Asia/Kolkata,28.456,77.029,12445,28.456,77.029,29,76,2026-04-12T15:31:00.000Z,TRUE,42,80,299,6,38,30,25,2,0,50,Partly Cloudy,31,87.7,19.9,12.3,47,0,0,29.68,1005,33.1,91.6,4.7,6,3,69,ENE,17.3,10.7,Moderate,4/12/2026
success,"Kaloor, Kochi, Kerala, India",Kochi,Kerala,India,Kochi,Asia/Kolkata,9.9312,76.2673,12812,9.9312,76.2673,10.3529,76.512,2026-04-12T15:31:00.000Z,TRUE,25,56,281,6,39,22,15,2,0,75,Mist,35.5,95.8,17,10.6,70,0,0.08,29.8,1009,30.1,86.2,4.5,5,3,282,WNW,13.3,8.3,Moderate,4/12/2026
success,"Shastri Nagar, Bhubaneswar, Odisha, India",Bhubaneswar,Odisha,India,Bhubaneswar,Asia/Kolkata,20.2644,85.8281,8856A6EF1338,20.2644,85.8281,20.5431,84.6897,2026-04-12T15:31:00.000Z,TRUE,47,87,70,6,62,34,28,2,0,5,Sunny,28.6,83.5,27.3,17,40,0,0,29.57,1001,37.3,99.1,2.6,10,6,171,S,23.8,14.8,Moderate,4/12/2026
success,"Gandhi Nagar Colony, Ranchi, Jharkhand, India",Ranchi,Jharkhand,India,Ranchi,Asia/Kolkata,23.36,85.33,VIR18962,23.36,85.33,23.456,85.2557,2026-04-12T15:31:00.000Z,TRUE,64,107,292,3,1,46,38,1,0,50,Mist,29.4,84.9,27.4,17,66,0.02,0.55,29.8,1009,29,84.2,1.9,4,2,252,WSW,20.2,12.5,Low,4/12/2026
success,"Vidya Nagar, Madgaon, Goa, India",Madgaon,Goa,India,Madgaon,Asia/Kolkata,15.33,73.98,ACA704868534,15.33,73.98,15.3005,74.0855,2026-04-12T15:31:00.000Z,TRUE,18,55,,,,15,11,,0,75,Patchy rain nearby,35.6,96.1,17.1,10.6,59,0,0.02,29.78,1008,31.5,88.6,4.7,10,6,269,W,14.4,8.9,Moderate,4/12/2026
success,"Jhotwara, Jaipur, Rajasthan, India",Jaipur,Rajasthan,India,Jaipur,Asia/Kolkata,26.8845,75.7933,11304,26.8845,75.7933,26.8106,73.7685,2026-04-12T15:31:00.000Z,TRUE,44,83,309,29,34,34,26,6,0,50,Mist,43,109.4,26.1,16.2,42,0,0,29.65,1004,37.1,98.8,5.2,4,2,201,SSW,22.7,14.1,High,4/12/2026
success,"Ie, Raipur, Chhattisgarh, India",Raipur,Chhattisgarh,India,Raipur,Asia/Kolkata,21.2444,81.6306,VIR18914,21.2444,81.6306,21.6637,81.8406,2026-04-12T15:31:00.000Z,TRUE,50,90,148,4,27,35,30,2,0,17,Sunny,34.7,94.5,15.3,9.5,20,0,0,29.51,999,41.3,106.3,3.6,10,6,225,SW,13.3,8.3,Moderate,4/12/2026
success,"Pan Bazaar, Guwahati, Assam, India",Guwahati,Assam,India,Guwahati,Asia/Kolkata,26.1722,91.7458,13729,26.1722,91.7458,26.4074,93.2551,2026-04-12T15:31:00.000Z,TRUE,66,111,240,6,33,50,40,26,0,75,Rain Thunder,28.3,83,9,5.6,94,0.01,0.21,29.65,1004,26.4,79.5,0.4,2.5,1,168,S,6.5,4,Low,4/12/2026
success,"Kidwaipuri, Patna, Bihar, India",Patna,Bihar,India,Patna,Asia/Kolkata,25.594,85.1376,8674,25.594,85.1376,25.6441,85.9065,2026-04-13T15:31:00.000Z,TRUE,73,121,199,16,32,54,44,2,0,25,Mist,32.8,91.1,16.6,10.3,60,0,0,29.62,1003,34,93.2,2.9,5,3,87,E,14.4,8.9,Moderate,4/13/2026
success,"Landour, Dehradun, Uttarakhand, India",Dehradun,Uttarakhand,India,Dehradun,Asia/Kolkata,30.345,78.029,12541,30.345,78.029,30.0417,79.0897,2026-04-13T15:31:00.000Z,TRUE,14,39,290,4,35,11,8,2,0,31,Partly Cloudy,19,66.2,19.5,12.1,43,0,0,29.71,1006,25.1,77.2,3.9,10,6,33,NE,12.6,7.8,Moderate,4/13/2026
success,"Bani, Shimla, Himachal Pradesh, India",Shimla,Himachal Pradesh,India,Shimla,Asia/Kolkata,31.1033,77.1722,VIR21213,31.1033,77.1722,31.9292,77.1828,2026-04-13T15:31:00.000Z,TRUE,20,51,313,5,42,14,12,2,0,75,Patchy rain nearby,21.4,70.5,6.1,3.8,35,0,0.01,29.68,1005,26.2,79.1,1,10,6,153,SSE,4,2.5,Low,4/13/2026
success,"Nhpc Quarters, Gangtok, Sikkim, India",Gangtok,Sikkim,India,Gangtok,Asia/Kolkata,27.33,88.62,VIR7722,27.33,88.62,27.601,88.4541,2026-04-13T15:31:00.000Z,TRUE,35,70,231,103,32,29,21,2,0,76,Patchy rain nearby,16.3,61.3,9,5.6,79,0.01,0.2,29.83,1010,21.5,70.7,2.4,9,5,209,SSW,6.5,4,Moderate,4/13/2026
success,"Yeyyadi, Mangalore, Karnataka, India",Mangalore,Karnataka,India,Mangalore,Asia/Kolkata,12.8681,74.8425,13718,12.8681,74.8425,14.5204,75.7224,2026-04-13T15:31:00.000Z,TRUE,36,34,288,2,24,36,8,2,0,75,Partly Cloudy,31.4,88.5,16.9,10.5,89,0,0.06,29.83,1010,28.3,82.9,2.7,6,3,208,SSW,13.3,8.3,Moderate,4/13/2026
success,"S P Pudur, Salem, Tamil Nadu, India",Salem,Tamil Nadu,India,Salem,Asia/Kolkata,11.65,78.15,VIR20001,11.65,78.15,10.9094,78.3665,2026-04-13T15:31:00.000Z,TRUE,32,65,41,6,41,26,19,2,0,61,Partly Cloudy,36.6,97.9,10.4,6.4,40,0,0,29.71,1006,34.6,94.3,4.2,10,6,231,SW,9,5.6,Moderate,4/13/2026
success,"Shaniwar Peth, Solapur, Maharashtra, India",Solapur,Maharashtra,India,Solapur,Asia/Kolkata,17.68,75.92,8729,17.68,75.92,18.9068,75.6742,2026-04-13T15:31:00.000Z,TRUE,91,68,254,31,28,91,6,11,0,50,Partly Cloudy,40.3,104.6,19,11.8,45,0,0,29.77,1008,37.3,99.1,5.2,6,3,275,W,16.6,10.3,High,4/13/2026
success,"Maninagar, Ahmedabad, Gujarat, India",Ahmedabad,Gujarat,India,Ahmedabad,Asia/Kolkata,23.0225,72.5714,8192,23.0225,72.5714,22.385,71.7453,2026-04-14T15:31:00.000Z,TRUE,26,60,260,11,30,21,15,10,0,25,Overcast,37.5,99.4,32.3,20.1,33,0,0,29.56,1001,38.3,100.9,5.8,5,3,248,WSW,28.1,17.4,High,4/14/2026
success,"Peenya, Bangalore, Karnataka, India",Bangalore,Karnataka,India,Bangalore,Asia/Kolkata,12.9789,77.5917,3758,12.9789,77.5917,14.5204,75.7224,2026-04-14T15:31:00.000Z,TRUE,26,61,264,8,28,19,15,2,0,50,Partly Cloudy,31.3,88.3,20.3,12.6,70,0,0.09,29.91,1013,28.2,82.8,2.2,6,3,277,W,17.6,11,Moderate,4/14/2026
success,"Kazhikundram, Chennai, Tamil Nadu, India",Chennai,Tamil Nadu,India,Chennai,Asia/Kolkata,13.0825,80.275,11279,13.0825,80.275,10.9094,78.3665,2026-04-14T15:31:00.000Z,TRUE,48,87,278,6,30,35,29,2,0,100,Mist,38.1,100.6,29.1,18.1,71,0,0.01,29.68,1005,32.2,90,1.4,4,2,123,ESE,22.3,13.9,Low,4/14/2026
success,"Ramachandrapuram, Hyderabad, Telangana, India",Hyderabad,Telangana,India,Hyderabad,Asia/Kolkata,17.4399,78.4983,14140,17.4399,78.4983,17.8496,79.1152,2026-04-14T15:31:00.000Z,TRUE,28,63,317,6,22,21,16,3,0,50,Partly Cloudy,37.3,99.2,10.8,6.7,42,0,0,29.77,1008,35.1,95.2,3.4,6,3,276,W,3.6,2.2,Moderate,4/14/2026
success,"Dhakuria, Kolkata, West Bengal, India",Kolkata,West Bengal,India,Kolkata,Asia/Kolkata,22.5325,88.3521,12458,22.5325,88.3521,22.9965,87.6856,2026-04-14T15:31:00.000Z,TRUE,71,117,227,13,28,51,42,2,0,50,Mist,42.8,109,18.9,11.7,71,0.32,8.09,29.62,1003,33.1,91.6,2.5,4.5,2,183,S,15.1,9.4,Moderate,4/14/2026
success,"Mahalakshmi, Mumbai, Maharashtra, India",Mumbai,Maharashtra,India,Mumbai,Asia/Kolkata,19.0761,72.8775,11921,19.0761,72.8775,18.9068,75.6742,2026-04-14T15:31:00.000Z,TRUE,23,57,236,6,21,19,13,6,0,50,Mist,44.2,111.5,30.7,19.1,63,0,0.01,29.74,1007,34.3,93.7,5.7,4,2,241,WSW,23.4,14.5,High,4/14/2026
success,"Vivek Vihar, New Delhi, Delhi, India",New Delhi,Delhi,India,New Delhi,Asia/Kolkata,28.6325,77.2205,10118,28.6325,77.2205,28.6274,77.1717,2026-04-14T15:31:00.000Z,TRUE,46,84,171,17,40,35,27,7,0,50,Partly Cloudy,31,87.7,8.7,5.4,47,0,0,29.68,1005,33.1,91.6,4.1,6,3,167,SSE,7.6,4.7,Moderate,4/14/2026
success,"Dhankawadi, Pune, Maharashtra, India",Pune,Maharashtra,India,Pune,Asia/Kolkata,18.5203,73.8567,3763,18.5203,73.8567,18.9068,75.6742,2026-04-15T15:31:00.000Z,TRUE,24,59,150,13,39,19,14,2,0,14,Sunny,25.2,77.4,29.4,18.3,38,0,0,29.73,1007,34.1,93.4,5.8,10,6,259,W,25.6,15.9,High,4/15/2026
success,"Talkatora, Lucknow, Uttar Pradesh, India",Lucknow,Uttar Pradesh,India,Lucknow,Asia/Kolkata,26.85,80.95,8188,26.85,80.95,27.1303,80.8597,2026-04-15T15:31:00.000Z,TRUE,65,110,358,18,41,47,39,10,0,75,Mist,41.4,106.6,10.8,6.7,47,0,0,29.65,1004,35.1,95.2,3.5,5,3,234,SW,3.6,2.2,Moderate,4/15/2026
success,"Haibowal Khurd, Ludhiana, Punjab, India",Ludhiana,Punjab,India,Ludhiana,Asia/Kolkata,30.91,75.85,11272,30.91,75.85,30.9293,75.5005,2026-04-15T15:31:00.000Z,TRUE,38,74,308,24,33,30,23,3,0,75,Patchy rain nearby,31.7,89.1,28.6,17.8,21,0,0.01,29.5,999,40.5,105,2.9,10,6,137,SE,24.8,15.4,Moderate,4/15/2026
success,"Sector D Industrial Area, Bhopal, Madhya Pradesh, India",Bhopal,Madhya Pradesh,India,Bhopal,Asia/Kolkata,23.2599,77.4126,11275,23.2599,77.4126,23.8143,77.5341,2026-04-15T15:31:00.000Z,TRUE,42,79,295,8,28,33,25,2,0,50,Partly Cloudy,36.1,97,21.5,13.4,33,0,0,29.68,1005,37.3,99.1,5,6,3,250,WSW,18.7,11.6,Moderate,4/15/2026
success,"Khoh, Gurgaon, Haryana, India",Gurgaon,Haryana,India,Gurgaon,Asia/Kolkata,28.456,77.029,12445,28.456,77.029,29,76,2026-04-15T15:31:00.000Z,TRUE,42,80,299,6,38,30,25,2,0,50,Partly Cloudy,31,87.7,19.9,12.3,47,0,0,29.68,1005,33.1,91.6,4.7,6,3,69,ENE,17.3,10.7,Moderate,4/15/2026
success,"Kaloor, Kochi, Kerala, India",Kochi,Kerala,India,Kochi,Asia/Kolkata,9.9312,76.2673,12812,9.9312,76.2673,10.3529,76.512,2026-04-15T15:31:00.000Z,TRUE,25,56,281,6,39,22,15,2,0,75,Mist,35.5,95.8,17,10.6,70,0,0.08,29.8,1009,30.1,86.2,4.5,5,3,282,WNW,13.3,8.3,Moderate,4/15/2026
success,"Shastri Nagar, Bhubaneswar, Odisha, India",Bhubaneswar,Odisha,India,Bhubaneswar,Asia/Kolkata,20.2644,85.8281,8856A6EF1338,20.2644,85.8281,20.5431,84.6897,2026-04-15T15:31:00.000Z,TRUE,47,87,70,6,62,34,28,2,0,5,Sunny,28.6,83.5,27.3,17,40,0,0,29.57,1001,37.3,99.1,2.6,10,6,171,S,23.8,14.8,Moderate,4/15/2026
success,"Gandhi Nagar Colony, Ranchi, Jharkhand, India",Ranchi,Jharkhand,India,Ranchi,Asia/Kolkata,23.36,85.33,VIR18962,23.36,85.33,23.456,85.2557,2026-04-16T15:31:00.000Z,TRUE,64,107,292,3,1,46,38,1,0,50,Mist,29.4,84.9,27.4,17,66,0.02,0.55,29.8,1009,29,84.2,1.9,4,2,252,WSW,20.2,12.5,Low,4/16/2026
success,"Vidya Nagar, Madgaon, Goa, India",Madgaon,Goa,India,Madgaon,Asia/Kolkata,15.33,73.98,ACA704868534,15.33,73.98,15.3005,74.0855,2026-04-16T15:31:00.000Z,TRUE,18,55,,,,15,11,,0,75,Patchy rain nearby,35.6,96.1,17.1,10.6,59,0,0.02,29.78,1008,31.5,88.6,4.7,10,6,269,W,14.4,8.9,Moderate,4/16/2026
success,"Jhotwara, Jaipur, Rajasthan, India",Jaipur,Rajasthan,India,Jaipur,Asia/Kolkata,26.8845,75.7933,11304,26.8845,75.7933,26.8106,73.7685,2026-04-16T15:31:00.000Z,TRUE,44,83,309,29,34,34,26,6,0,50,Mist,43,109.4,26.1,16.2,42,0,0,29.65,1004,37.1,98.8,5.2,4,2,201,SSW,22.7,14.1,High,4/16/2026
success,"Ie, Raipur, Chhattisgarh, India",Raipur,Chhattisgarh,India,Raipur,Asia/Kolkata,21.2444,81.6306,VIR18914,21.2444,81.6306,21.6637,81.8406,2026-04-16T15:31:00.000Z,TRUE,50,90,148,4,27,35,30,2,0,17,Sunny,34.7,94.5,15.3,9.5,20,0,0,29.51,999,41.3,106.3,3.6,10,6,225,SW,13.3,8.3,Moderate,4/16/2026
success,"Pan Bazaar, Guwahati, Assam, India",Guwahati,Assam,India,Guwahati,Asia/Kolkata,26.1722,91.7458,13729,26.1722,91.7458,26.4074,93.2551,2026-04-16T15:31:00.000Z,TRUE,66,111,240,6,33,50,40,26,0,75,Rain Thunder,28.3,83,9,5.6,94,0.01,0.21,29.65,1004,26.4,79.5,0.4,2.5,1,168,S,6.5,4,Low,4/16/2026
success,"Kidwaipuri, Patna, Bihar, India",Patna,Bihar,India,Patna,Asia/Kolkata,25.594,85.1376,8674,25.594,85.1376,25.6441,85.9065,2026-04-16T15:31:00.000Z,TRUE,73,121,199,16,32,54,44,2,0,25,Mist,32.8,91.1,16.6,10.3,60,0,0,29.62,1003,34,93.2,2.9,5,3,87,E,14.4,8.9,Moderate,4/16/2026
success,"Landour, Dehradun, Uttarakhand, India",Dehradun,Uttarakhand,India,Dehradun,Asia/Kolkata,30.345,78.029,12541,30.345,78.029,30.0417,79.0897,2026-04-16T15:31:00.000Z,TRUE,14,39,290,4,35,11,8,2,0,31,Partly Cloudy,19,66.2,19.5,12.1,43,0,0,29.71,1006,25.1,77.2,3.9,10,6,33,NE,12.6,7.8,Moderate,4/16/2026
success,"Bani, Shimla, Himachal Pradesh, India",Shimla,Himachal Pradesh,India,Shimla,Asia/Kolkata,31.1033,77.1722,VIR21213,31.1033,77.1722,31.9292,77.1828,2026-04-17T15:31:00.000Z,TRUE,20,51,313,5,42,14,12,2,0,75,Patchy rain nearby,21.4,70.5,6.1,3.8,35,0,0.01,29.68,1005,26.2,79.1,1,10,6,153,SSE,4,2.5,Low,4/17/2026
success,"Nhpc Quarters, Gangtok, Sikkim, India",Gangtok,Sikkim,India,Gangtok,Asia/Kolkata,27.33,88.62,VIR7722,27.33,88.62,27.601,88.4541,2026-04-17T15:31:00.000Z,TRUE,35,70,231,103,32,29,21,2,0,76,Patchy rain nearby,16.3,61.3,9,5.6,79,0.01,0.2,29.83,1010,21.5,70.7,2.4,9,5,209,SSW,6.5,4,Moderate,4/17/2026
success,"Yeyyadi, Mangalore, Karnataka, India",Mangalore,Karnataka,India,Mangalore,Asia/Kolkata,12.8681,74.8425,13718,12.8681,74.8425,14.5204,75.7224,2026-04-17T15:31:00.000Z,TRUE,36,34,288,2,24,36,8,2,0,75,Partly Cloudy,31.4,88.5,16.9,10.5,89,0,0.06,29.83,1010,28.3,82.9,2.7,6,3,208,SSW,13.3,8.3,Moderate,4/17/2026
success,"S P Pudur, Salem, Tamil Nadu, India",Salem,Tamil Nadu,India,Salem,Asia/Kolkata,11.65,78.15,VIR20001,11.65,78.15,10.9094,78.3665,2026-04-17T15:31:00.000Z,TRUE,32,65,41,6,41,26,19,2,0,61,Partly Cloudy,36.6,97.9,10.4,6.4,40,0,0,29.71,1006,34.6,94.3,4.2,10,6,231,SW,9,5.6,Moderate,4/17/2026
success,"Shaniwar Peth, Solapur, Maharashtra, India",Solapur,Maharashtra,India,Solapur,Asia/Kolkata,17.68,75.92,8729,17.68,75.92,18.9068,75.6742,2026-04-17T15:31:00.000Z,TRUE,91,68,254,31,28,91,6,11,0,50,Partly Cloudy,40.3,104.6,19,11.8,45,0,0,29.77,1008,37.3,99.1,5.2,6,3,275,W,16.6,10.3,High,4/17/2026
success,"Bopal, Ahmedabad, Gujarat, India",Ahmedabad,Gujarat,India,Ahmedabad,Asia/Kolkata,23.0225,72.5714,13747,23.0225,72.5714,22.385,71.7453,2026-04-20T19:01:00.000Z,TRUE,38,74,267,11,36,31,22,8,0,0,Overcast,35.2,95.3,45.3,28.2,50,0,0,29.56,1001,35.4,95.7,0,5,3,251,WSW,30.6,19,Low,4/20/2026
success,"Devasthanagalu, Bangalore, Karnataka, India",Bangalore,Karnataka,India,Bangalore,Asia/Kolkata,12.9789,77.5917,PLLODA000567,12.9789,77.5917,14.5204,75.7224,2026-04-20T19:01:00.000Z,TRUE,30,64,350,10,25,21,18,2,0,75,Partly Cloudy,25,77.1,30.7,19.1,89,0,0,29.91,1013,23.2,73.8,0,6,3,230,SW,22.7,14.1,Low,4/20/2026
success,"Arumbakkam, Chennai, Tamil Nadu, India",Chennai,Tamil Nadu,India,Chennai,Asia/Kolkata,13.0825,80.275,13740,13.0825,80.275,10.9094,78.3665,2026-04-20T19:01:00.000Z,TRUE,63,106,261,5,24,48,38,2,0,100,Mist,41.2,106.2,39.3,24.4,71,0,0.01,29.71,1006,32.3,90.1,0,4,2,183,S,28.1,17.4,Low,4/20/2026
success,"Kompally, Hyderabad, Telangana, India",Hyderabad,Telangana,India,Hyderabad,Asia/Kolkata,17.4399,78.4983,14149,17.4399,78.4983,17.8496,79.1152,2026-04-20T19:01:00.000Z,TRUE,42,80,261,6,22,31,25,3,0,50,Partly Cloudy,41.7,107,40.7,25.3,44,0,0,29.74,1007,34.2,93.6,0,6,3,202,SSW,26.6,16.6,Low,4/20/2026
success,"Dhakuria, Kolkata, West Bengal, India",Kolkata,West Bengal,India,Kolkata,Asia/Kolkata,22.5325,88.3521,12458,22.5325,88.3521,22.9965,87.6856,2026-04-25T19:11:00.000Z,TRUE,81,125,331,14,28,57,48,24,0,50,Mist,35.2,95.4,32.4,20.1,89,0,0,29.65,1004,30,86,0,4,2,173,S,22,13.6,Low,4/25/2026
success,"Mulund West, Mumbai, Maharashtra, India",Mumbai,Maharashtra,India,Mumbai,Asia/Kolkata,19.1972,72.9722,13708,19.1972,72.9722,18.9068,75.6742,2026-04-25T19:11:00.000Z,TRUE,25,59,259,10,23,21,15,5,0,50,Mist,37,98.5,27.1,16.8,67,0,0,29.74,1007,32.2,90,0,5,3,241,WSW,22.3,13.9,Low,4/25/2026
success,"Vivek Vihar, New Delhi, Delhi, India",New Delhi,Delhi,India,New Delhi,Asia/Kolkata,28.6325,77.2205,10118,28.6325,77.2205,28.6274,77.1717,2026-04-25T19:11:00.000Z,TRUE,57,97,234,17,38,43,34,7,0,0,Rain Shower,33.6,92.4,28.5,17.7,55,0.01,0.37,29.65,1004,31.3,88.3,0,6,3,259,W,22,13.6,Low,4/25/2026
success,"Shivajinagar, Pune, Maharashtra, India",Pune,Maharashtra,India,Pune,Asia/Kolkata,18.5203,73.8567,3760,18.5203,73.8567,18.9068,75.6742,2026-04-25T19:11:00.000Z,TRUE,27,63,157,14,37,21,16,2,0,20,Clear,29.8,85.6,31.5,19.6,60,0,0,29.79,1009,28.2,82.8,0,10,6,260,W,27.4,17,Low,4/25/2026
success,"Gomti Nagar, Lucknow, Uttar Pradesh, India",Lucknow,Uttar Pradesh,India,Lucknow,Asia/Kolkata,26.85,80.95,12468,26.85,80.95,27.1303,80.8597,2026-04-28T19:11:00.000Z,TRUE,93,142,238,17,42,65,54,2,0,25,Mist,31,87.8,15.8,9.8,53,0,0,29.59,1002,33,91.4,0,5,3,70,ENE,9,5.6,Low,4/28/2026
success,"Kalal Majra, Ludhiana, Punjab, India",Ludhiana,Punjab,India,Ludhiana,Asia/Kolkata,30.91,75.85,11309,30.91,75.85,30.9293,75.5005,2026-04-28T19:11:00.000Z,TRUE,43,79,214,25,37,34,25,2,0,83,Patchy rain nearby,30.7,87.3,13.3,8.3,25,0,0.04,29.53,1000,36.5,97.7,0,10,6,123,SE,9,5.6,Low,4/28/2026
success,"Tatya Tope Nagar, Bhopal, Madhya Pradesh, India",Bhopal,Madhya Pradesh,India,Bhopal,Asia/Kolkata,23.2599,77.4126,12429,23.2599,77.4126,23.8143,77.5341,2026-04-28T19:11:00.000Z,TRUE,47,84,295,10,41,37,28,2,0,25,Clear,35.5,95.8,25.4,15.8,29,0,0,29.65,1004,36.4,97.5,0,6,3,252,WSW,17.6,11,Low,4/28/2026
success,"Baliawas, Gurgaon, Haryana, India",Gurgaon,Haryana,India,Gurgaon,Asia/Kolkata,28.456,77.029,11300,28.456,77.029,29,76,2026-04-28T19:11:00.000Z,TRUE,41,78,290,7,36,30,24,2,0,0,Patchy rain nearby,32.1,89.8,29,18,55,0,0.01,29.65,1004,31.3,88.3,0,6,3,302,WNW,25.2,15.7,Low,4/28/2026
success,"Edayar, Kochi, Kerala, India",Kochi,Kerala,India,Kochi,Asia/Kolkata,9.9312,76.2673,11919,9.9312,76.2673,10.3529,76.512,2026-05-02T19:11:01.000Z,TRUE,36,72,285,7,34,25,22,2,0,77,Patchy rain nearby,30,86,13.3,8.3,78,0,0.07,29.88,1012,27.2,80.9,0,10,6,301,WNW,8.6,5.4,Low,5/2/2026
success,"Arunika Vihar, Bhubaneswar, Odisha, India",Bhubaneswar,Odisha,India,Bhubaneswar,Asia/Kolkata,20.2644,85.8281,VIR2431,20.2644,85.8281,20.5431,84.6897,2026-05-02T19:11:01.000Z,TRUE,69,110,72,7,64,48,40,2,0,75,Thunder Possible,32.1,89.8,24.9,15.5,74,0,0,29.68,1005,28.4,83.1,0,4,2,182,S,19.1,11.9,Low,5/2/2026
success,"Gandhi Nagar Colony, Ranchi, Jharkhand, India",Ranchi,Jharkhand,India,Ranchi,Asia/Kolkata,23.36,85.33,VIR18962,23.36,85.33,23.456,85.2557,2026-05-02T19:11:01.000Z,TRUE,111,154,315,3,74,71,63,1,0,50,Mist,29.9,85.8,5.1,3.2,70,0,0,29.77,1008,28.2,82.8,0,3.5,2,123,ESE,3.6,2.2,Low,5/2/2026
success,"Vidya Nagar, Madgaon, Goa, India",Madgaon,Goa,India,Madgaon,Asia/Kolkata,15.33,73.98,ACA704868534,15.33,73.98,15.3005,74.0855,2026-05-02T19:11:01.000Z,TRUE,26,63,,,,20,16,,0,85,Patchy rain nearby,33,91.4,16.1,10,77,0.01,0.21,29.81,1010,28.5,83.4,0,9,5,259,W,10.1,6.3,Low,5/2/2026
success,"Jhotwara, Jaipur, Rajasthan, India",Jaipur,Rajasthan,India,Jaipur,Asia/Kolkata,26.8845,75.7933,11304,26.8845,75.7933,26.8106,73.7685,2026-05-02T19:11:01.000Z,TRUE,53,94,426,32,40,40,32,4,0,4,Clear,31.7,89.1,26.3,16.3,19,0,0,29.49,999,39.1,102.4,0,10,6,270,W,17.6,11,Low,5/2/2026
success,"Ie, Raipur, Chhattisgarh, India",Raipur,Chhattisgarh,India,Raipur,Asia/Kolkata,21.2444,81.6306,VIR18914,21.2444,81.6306,21.6637,81.8406,2026-05-02T19:11:01.000Z,TRUE,64,108,279,5,42,47,38,3,0,87,Patchy rain nearby,27.6,81.7,24.7,15.3,31,0,0.09,29.6,1002,35.5,95.9,0,10,6,347,NNW,20.2,12.5,Low,5/2/2026
success,"Satgaon, Guwahati, Assam, India",Guwahati,Assam,India,Guwahati,Asia/Kolkata,26.1397,91.7925,8CBFEA3AA68C,26.1397,91.7925,26.4074,93.2551,2026-05-10T19:11:01.000Z,TRUE,104,140,342,6,6,74,56,20,0,75,Mist,31.1,88.1,14.4,8.9,89,0.06,1.42,29.65,1004,27.1,80.8,0,2.5,1,183,S,6.8,4.3,Low,5/10/2026
success,"Khajpura, Patna, Bihar, India",Patna,Bihar,India,Patna,Asia/Kolkata,25.594,85.1376,12742,25.594,85.1376,25.6441,85.9065,2026-05-10T19:11:01.000Z,TRUE,93,146,225,14,41,68,55,1,0,0,Mist,33.4,92.1,27.4,17,67,0,0.12,29.59,1002,33.3,91.9,0,4.5,2,64,ENE,15.1,9.4,Low,5/10/2026
success,"Landour, Dehradun, Uttarakhand, India",Dehradun,Uttarakhand,India,Dehradun,Asia/Kolkata,30.345,78.029,12541,30.345,78.029,30.0417,79.0897,2026-05-10T19:11:01.000Z,TRUE,17,46,285,4,33,12,10,2,0,24,Clear,18.4,65.1,17.9,11.1,54,0,0,29.72,1006,24.7,76.5,0,10,6,36,NE,12.2,7.6,Low,5/10/2026
success,"Bani, Shimla, Himachal Pradesh, India",Shimla,Himachal Pradesh,India,Shimla,Asia/Kolkata,31.1033,77.1722,VIR21213,31.1033,77.1722,31.9292,77.1828,2026-05-10T19:11:01.000Z,TRUE,15,44,37,6,66,11,9,2,0,79,Patchy rain nearby,12.6,54.7,19.8,12.3,74,0.01,0.15,29.81,1009,18.9,66,0,10,6,76,ENE,11.5,7.2,Low,5/10/2026
success,"Nhpc Quarters, Gangtok, Sikkim, India",Gangtok,Sikkim,India,Gangtok,Asia/Kolkata,27.33,88.62,VIR7722,27.33,88.62,27.601,88.4541,2026-05-16T19:11:01.000Z,TRUE,46,84,221,100,38,38,28,2,0,89,Patchy rain nearby,10.3,50.5,10.8,6.7,91,0.02,0.48,29.87,1012,14.5,58.1,0,9,5,55,NE,3.6,2.2,Low,5/16/2026
success,"Yeyyadi, Mangalore, Karnataka, India",Mangalore,Karnataka,India,Mangalore,Asia/Kolkata,12.8681,74.8425,13718,12.8681,74.8425,14.5204,75.7224,2026-05-16T19:11:01.000Z,TRUE,38,73,298,2,27,36,23,2,0,75,Partly Cloudy,27.3,81.1,13.4,8.3,89,0,0.1,29.83,1010,25.4,77.7,0,6,3,219,SW,9,5.6,Low,5/16/2026
success,"S P Pudur, Salem, Tamil Nadu, India",Salem,Tamil Nadu,India,Salem,Asia/Kolkata,11.65,78.15,VIR20001,11.65,78.15,10.9094,78.3665,2026-05-16T19:11:01.000Z,TRUE,33,67,45,7,35,30,20,2,0,86,Patchy rain nearby,31.2,88.2,9.7,6,62,0.01,0.33,29.8,1009,28.9,84.1,0,9,5,220,SW,7.2,4.5,Low,5/16/2026
success,"Shaniwar Peth, Solapur, Maharashtra, India",Solapur,Maharashtra,India,Solapur,Asia/Kolkata,17.68,75.92,8729,17.68,75.92,18.9068,75.6742,2026-05-16T19:11:01.000Z,TRUE,82,64,264,32,28,82,4,14,0,48,Partly Cloudy,28.8,83.8,19.3,12,35,0,0,29.68,1005,35.7,96.3,0,10,6,258,W,15.1,9.4,Low,5/16/2026
success,"Bopal, Ahmedabad, Gujarat, India",Ahmedabad,Gujarat,India,Ahmedabad,Asia/Kolkata,23.0225,72.5714,13747,23.0225,72.5714,22.385,71.7453,2026-05-20T19:11:01.000Z,TRUE,38,74,267,11,36,31,22,8,0,0,Overcast,35.2,95.3,45.3,28.2,50,0,0,29.56,1001,35.4,95.7,0,5,3,251,WSW,30.6,19,Low,5/20/2026
success,"Devasthanagalu, Bangalore, Karnataka, India",Bangalore,Karnataka,India,Bangalore,Asia/Kolkata,12.9789,77.5917,PLLODA000567,12.9789,77.5917,14.5204,75.7224,2026-05-20T19:11:01.000Z,TRUE,30,64,350,10,25,21,18,2,0,75,Partly Cloudy,25,77.1,30.7,19.1,89,0,0,29.91,1013,23.2,73.8,0,6,3,230,SW,22.7,14.1,Low,5/20/2026
success,"Arumbakkam, Chennai, Tamil Nadu, India",Chennai,Tamil Nadu,India,Chennai,Asia/Kolkata,13.0825,80.275,13740,13.0825,80.275,10.9094,78.3665,2026-05-20T19:11:01.000Z,TRUE,63,106,261,5,24,48,38,2,0,100,Mist,41.2,106.2,39.3,24.4,71,0,0.01,29.71,1006,32.3,90.1,0,4,2,183,S,28.1,17.4,Low,5/20/2026
success,"Kompally, Hyderabad, Telangana, India",Hyderabad,Telangana,India,Hyderabad,Asia/Kolkata,17.4399,78.4983,14149,17.4399,78.4983,17.8496,79.1152,2026-05-25T19:11:01.000Z,TRUE,42,80,261,6,22,31,25,3,0,50,Partly Cloudy,41.7,107,40.7,25.3,44,0,0,29.74,1007,34.2,93.6,0,6,3,202,SSW,26.6,16.6,Low,5/25/2026
success,"Dhakuria, Kolkata, West Bengal, India",Kolkata,West Bengal,India,Kolkata,Asia/Kolkata,22.5325,88.3521,12458,22.5325,88.3521,22.9965,87.6856,2026-05-25T19:11:01.000Z,TRUE,81,125,331,14,28,57,48,24,0,50,Mist,35.2,95.4,32.4,20.1,89,0,0,29.65,1004,30,86,0,4,2,173,S,22,13.6,Low,5/25/2026
success,"Mulund West, Mumbai, Maharashtra, India",Mumbai,Maharashtra,India,Mumbai,Asia/Kolkata,19.1972,72.9722,13708,19.1972,72.9722,18.9068,75.6742,2026-05-25T19:11:01.000Z,TRUE,25,59,259,10,23,21,15,5,0,50,Mist,37,98.5,27.1,16.8,67,0,0,29.74,1007,32.2,90,0,5,3,241,WSW,22.3,13.9,Low,5/25/2026
success,"Vivek Vihar, New Delhi, Delhi, India",New Delhi,Delhi,India,New Delhi,Asia/Kolkata,28.6325,77.2205,10118,28.6325,77.2205,28.6274,77.1717,2026-05-25T19:11:01.000Z,TRUE,57,97,234,17,38,43,34,7,0,0,Rain Shower,33.6,92.4,28.5,17.7,55,0.01,0.37,29.65,1004,31.3,88.3,0,6,3,259,W,22,13.6,Low,5/25/2026
success,"Shivajinagar, Pune, Maharashtra, India",Pune,Maharashtra,India,Pune,Asia/Kolkata,18.5203,73.8567,3760,18.5203,73.8567,18.9068,75.6742,2026-05-25T19:11:01.000Z,TRUE,27,63,157,14,37,21,16,2,0,20,Clear,29.8,85.6,31.5,19.6,60,0,0,29.79,1009,28.2,82.8,0,10,6,260,W,27.4,17,Low,5/25/2026
success,"Gomti Nagar, Lucknow, Uttar Pradesh, India",Lucknow,Uttar Pradesh,India,Lucknow,Asia/Kolkata,26.85,80.95,12468,26.85,80.95,27.1303,80.8597,2026-05-25T19:11:01.000Z,TRUE,93,142,238,17,42,65,54,2,0,25,Mist,31,87.8,15.8,9.8,53,0,0,29.59,1002,33,91.4,0,5,3,70,ENE,9,5.6,Low,5/25/2026
success,"Kalal Majra, Ludhiana, Punjab, India",Ludhiana,Punjab,India,Ludhiana,Asia/Kolkata,30.91,75.85,11309,30.91,75.85,30.9293,75.5005,2026-05-28T19:11:01.000Z,TRUE,43,79,214,25,37,34,25,2,0,83,Patchy rain nearby,30.7,87.3,13.3,8.3,25,0,0.04,29.53,1000,36.5,97.7,0,10,6,123,SE,9,5.6,Low,5/28/2026
success,"Tatya Tope Nagar, Bhopal, Madhya Pradesh, India",Bhopal,Madhya Pradesh,India,Bhopal,Asia/Kolkata,23.2599,77.4126,12429,23.2599,77.4126,23.8143,77.5341,2026-05-28T19:11:01.000Z,TRUE,47,84,295,10,41,37,28,2,0,25,Clear,35.5,95.8,25.4,15.8,29,0,0,29.65,1004,36.4,97.5,0,6,3,252,WSW,17.6,11,Low,5/28/2026
success,"Baliawas, Gurgaon, Haryana, India",Gurgaon,Haryana,India,Gurgaon,Asia/Kolkata,28.456,77.029,11300,28.456,77.029,29,76,2026-05-28T19:11:01.000Z,TRUE,42,79,289,7,35,31,25,2,0,0,Patchy rain nearby,32.1,89.8,29,18,55,0,0.01,29.65,1004,31.3,88.3,0,6,3,302,WNW,25.2,15.7,Low,5/28/2026
success,"Edayar, Kochi, Kerala, India",Kochi,Kerala,India,Kochi,Asia/Kolkata,9.9312,76.2673,11919,9.9312,76.2673,10.3529,76.512,2026-05-28T19:11:01.000Z,TRUE,36,72,285,7,34,25,22,2,0,77,Patchy rain nearby,30,86,13.3,8.3,78,0,0.07,29.88,1012,27.2,80.9,0,10,6,301,WNW,8.6,5.4,Low,5/28/2026
success,"Arunika Vihar, Bhubaneswar, Odisha, India",Bhubaneswar,Odisha,India,Bhubaneswar,Asia/Kolkata,20.2644,85.8281,VIR2431,20.2644,85.8281,20.5431,84.6897,2026-06-01T19:11:01.000Z,TRUE,69,110,72,7,64,48,40,2,0,75,Thunder Possible,32.1,89.8,24.9,15.5,74,0,0,29.68,1005,28.4,83.1,0,4,2,182,S,19.1,11.9,Low,6/1/2026
success,"Gandhi Nagar Colony, Ranchi, Jharkhand, India",Ranchi,Jharkhand,India,Ranchi,Asia/Kolkata,23.36,85.33,VIR18962,23.36,85.33,23.456,85.2557,2026-06-01T19:11:01.000Z,TRUE,111,154,315,3,74,71,63,1,0,50,Mist,29.9,85.8,5.1,3.2,70,0,0,29.77,1008,28.2,82.8,0,3.5,2,123,ESE,3.6,2.2,Low,6/1/2026
success,"Vidya Nagar, Madgaon, Goa, India",Madgaon,Goa,India,Madgaon,Asia/Kolkata,15.33,73.98,ACA704868534,15.33,73.98,15.3005,74.0855,2026-06-01T19:11:01.000Z,TRUE,26,63,,,,20,16,,0,85,Patchy rain nearby,33,91.4,16.1,10,77,0.01,0.21,29.81,1010,28.5,83.4,0,9,5,259,W,10.1,6.3,Low,6/1/2026
success,"Jhotwara, Jaipur, Rajasthan, India",Jaipur,Rajasthan,India,Jaipur,Asia/Kolkata,26.8845,75.7933,11304,26.8845,75.7933,26.8106,73.7685,2026-06-01T19:11:01.000Z,TRUE,53,94,426,32,40,40,32,4,0,4,Clear,31.7,89.1,26.3,16.3,19,0,0,29.49,999,39.1,102.4,0,10,6,270,W,17.6,11,Low,6/1/2026
success,"Ie, Raipur, Chhattisgarh, India",Raipur,Chhattisgarh,India,Raipur,Asia/Kolkata,21.2444,81.6306,VIR18914,21.2444,81.6306,21.6637,81.8406,2026-06-01T19:11:01.000Z,TRUE,64,108,279,5,42,47,38,3,0,87,Patchy rain nearby,27.6,81.7,24.7,15.3,31,0,0.09,29.6,1002,35.5,95.9,0,10,6,347,NNW,20.2,12.5,Low,6/1/2026
success,"Satgaon, Guwahati, Assam, India",Guwahati,Assam,India,Guwahati,Asia/Kolkata,26.1397,91.7925,8CBFEA3AA68C,26.1397,91.7925,26.4074,93.2551,2026-06-01T19:11:01.000Z,TRUE,104,140,342,6,6,74,56,20,0,75,Mist,31.1,88.1,14.4,8.9,89,0.06,1.42,29.65,1004,27.1,80.8,0,2.5,1,183,S,6.8,4.3,Low,6/1/2026
success,"Khajpura, Patna, Bihar, India",Patna,Bihar,India,Patna,Asia/Kolkata,25.594,85.1376,12742,25.594,85.1376,25.6441,85.9065,2026-06-05T19:11:01.000Z,TRUE,93,146,225,14,41,68,55,1,0,0,Mist,33.4,92.1,27.4,17,67,0,0.12,29.59,1002,33.3,91.9,0,4.5,2,64,ENE,15.1,9.4,Low,6/5/2026
success,"Landour, Dehradun, Uttarakhand, India",Dehradun,Uttarakhand,India,Dehradun,Asia/Kolkata,30.345,78.029,12541,30.345,78.029,30.0417,79.0897,2026-06-05T19:11:01.000Z,TRUE,17,46,285,4,33,12,10,2,0,24,Clear,18.4,65.1,17.9,11.1,54,0,0,29.72,1006,24.7,76.5,0,10,6,36,NE,12.2,7.6,Low,6/5/2026
success,"Bani, Shimla, Himachal Pradesh, India",Shimla,Himachal Pradesh,India,Shimla,Asia/Kolkata,31.1033,77.1722,VIR21213,31.1033,77.1722,31.9292,77.1828,2026-06-05T19:11:01.000Z,TRUE,15,44,37,6,66,11,9,2,0,79,Patchy rain nearby,12.6,54.7,19.8,12.3,74,0.01,0.15,29.81,1009,18.9,66,0,10,6,76,ENE,11.5,7.2,Low,6/5/2026
success,"Nhpc Quarters, Gangtok, Sikkim, India",Gangtok,Sikkim,India,Gangtok,Asia/Kolkata,27.33,88.62,VIR7722,27.33,88.62,27.601,88.4541,2026-06-05T19:11:01.000Z,TRUE,46,84,221,100,38,38,28,2,0,89,Patchy rain nearby,10.3,50.5,10.8,6.7,91,0.02,0.48,29.87,1012,14.5,58.1,0,9,5,55,NE,3.6,2.2,Low,6/5/2026
success,"Yeyyadi, Mangalore, Karnataka, India",Mangalore,Karnataka,India,Mangalore,Asia/Kolkata,12.8681,74.8425,13718,12.8681,74.8425,14.5204,75.7224,2026-06-05T19:11:01.000Z,TRUE,38,73,298,2,27,36,23,2,0,75,Partly Cloudy,27.3,81.1,13.4,8.3,89,0,0.1,29.83,1010,25.4,77.7,0,6,3,219,SW,9,5.6,Low,6/5/2026
success,"S P Pudur, Salem, Tamil Nadu, India",Salem,Tamil Nadu,India,Salem,Asia/Kolkata,11.65,78.15,VIR20001,11.65,78.15,10.9094,78.3665,2026-06-05T19:11:01.000Z,TRUE,33,67,45,7,35,30,20,2,0,86,Patchy rain nearby,31.2,88.2,9.7,6,62,0.01,0.33,29.8,1009,28.9,84.1,0,9,5,220,SW,7.2,4.5,Low,6/5/2026
success,"Shaniwar Peth, Solapur, Maharashtra, India",Solapur,Maharashtra,India,Solapur,Asia/Kolkata,17.68,75.92,8729,17.68,75.92,18.9068,75.6742,2026-06-07T19:11:01.000Z,TRUE,82,64,264,32,28,82,4,14,0,48,Partly Cloudy,28.8,83.8,19.3,12,35,0,0,29.68,1005,35.7,96.3,0,10,6,258,W,15.1,9.4,Low,6/7/2026
success,"Bopal, Ahmedabad, Gujarat, India",Ahmedabad,Gujarat,India,Ahmedabad,Asia/Kolkata,23.0225,72.5714,13747,23.0225,72.5714,22.385,71.7453,2026-06-07T19:11:01.000Z,TRUE,38,74,267,11,36,31,22,8,0,0,Overcast,35.2,95.3,45.3,28.2,50,0,0,29.56,1001,35.4,95.7,0,5,3,251,WSW,30.6,19,Low,6/7/2026
success,"Devasthanagalu, Bangalore, Karnataka, India",Bangalore,Karnataka,India,Bangalore,Asia/Kolkata,12.9789,77.5917,PLLODA000567,12.9789,77.5917,14.5204,75.7224,2026-06-07T19:11:01.000Z,TRUE,30,64,350,10,25,21,18,2,0,75,Partly Cloudy,25,77.1,30.7,19.1,89,0,0,29.91,1013,23.2,73.8,0,6,3,230,SW,22.7,14.1,Low,6/7/2026
success,"Arumbakkam, Chennai, Tamil Nadu, India",Chennai,Tamil Nadu,India,Chennai,Asia/Kolkata,13.0825,80.275,13740,13.0825,80.275,10.9094,78.3665,2026-06-07T19:11:01.000Z,TRUE,63,106,261,5,24,48,38,2,0,100,Mist,41.2,106.2,39.3,24.4,71,0,0.01,29.71,1006,32.3,90.1,0,4,2,183,S,28.1,17.4,Low,6/7/2026
success,"Kompally, Hyderabad, Telangana, India",Hyderabad,Telangana,India,Hyderabad,Asia/Kolkata,17.4399,78.4983,14149,17.4399,78.4983,17.8496,79.1152,2026-06-07T19:11:01.000Z,TRUE,42,80,261,6,22,31,25,3,0,50,Partly Cloudy,41.7,107,40.7,25.3,44,0,0,29.74,1007,34.2,93.6,0,6,3,202,SSW,26.6,16.6,Low,6/7/2026
success,"Dhakuria, Kolkata, West Bengal, India",Kolkata,West Bengal,India,Kolkata,Asia/Kolkata,22.5325,88.3521,12458,22.5325,88.3521,22.9965,87.6856,2026-06-08T19:11:01.000Z,TRUE,81,125,331,14,28,57,48,24,0,50,Mist,35.2,95.4,32.4,20.1,89,0,0,29.65,1004,30,86,0,4,2,173,S,22,13.6,Low,6/8/2026
success,"Mulund West, Mumbai, Maharashtra, India",Mumbai,Maharashtra,India,Mumbai,Asia/Kolkata,19.1972,72.9722,13708,19.1972,72.9722,18.9068,75.6742,2026-06-08T19:11:01.000Z,TRUE,25,59,259,10,23,21,15,5,0,50,Mist,37,98.5,27.1,16.8,67,0,0,29.74,1007,32.2,90,0,5,3,241,WSW,22.3,13.9,Low,6/8/2026
success,"Vivek Vihar, New Delhi, Delhi, India",New Delhi,Delhi,India,New Delhi,Asia/Kolkata,28.6325,77.2205,10118,28.6325,77.2205,28.6274,77.1717,2026-06-08T19:11:01.000Z,TRUE,57,97,234,17,38,43,34,7,0,0,Rain Shower,33.6,92.4,28.5,17.7,55,0.01,0.37,29.65,1004,31.3,88.3,0,6,3,259,W,22,13.6,Low,6/8/2026
success,"Shivajinagar, Pune, Maharashtra, India",Pune,Maharashtra,India,Pune,Asia/Kolkata,18.5203,73.8567,3760,18.5203,73.8567,18.9068,75.6742,2026-06-08T19:11:01.000Z,TRUE,27,63,157,14,37,21,16,2,0,20,Clear,29.8,85.6,31.5,19.6,60,0,0,29.79,1009,28.2,82.8,0,10,6,260,W,27.4,17,Low,6/8/2026
success,"Gomti Nagar, Lucknow, Uttar Pradesh, India",Lucknow,Uttar Pradesh,India,Lucknow,Asia/Kolkata,26.85,80.95,12468,26.85,80.95,27.1303,80.8597,2026-06-09T19:11:01.000Z,TRUE,93,142,238,17,42,65,54,2,0,25,Mist,31,87.8,15.8,9.8,53,0,0,29.59,1002,33,91.4,0,5,3,70,ENE,9,5.6,Low,6/9/2026
success,"Kalal Majra, Ludhiana, Punjab, India",Ludhiana,Punjab,India,Ludhiana,Asia/Kolkata,30.91,75.85,11309,30.91,75.85,30.9293,75.5005,2026-06-09T19:11:01.000Z,TRUE,43,79,216,24,38,34,25,2,0,83,Patchy rain nearby,30.7,87.3,13.3,8.3,25,0,0.04,29.53,1000,36.5,97.7,0,10,6,123,SE,9,5.6,Low,6/9/2026
success,"Tatya Tope Nagar, Bhopal, Madhya Pradesh, India",Bhopal,Madhya Pradesh,India,Bhopal,Asia/Kolkata,23.2599,77.4126,12429,23.2599,77.4126,23.8143,77.5341,2026-06-09T19:11:01.000Z,TRUE,47,84,295,10,41,37,28,2,0,25,Clear,35.5,95.8,25.4,15.8,29,0,0,29.65,1004,36.4,97.5,0,6,3,252,WSW,17.6,11,Low,6/9/2026
success,"Baliawas, Gurgaon, Haryana, India",Gurgaon,Haryana,India,Gurgaon,Asia/Kolkata,28.456,77.029,11300,28.456,77.029,29,76,2026-06-09T19:11:01.000Z,TRUE,42,79,289,7,35,31,25,2,0,0,Patchy rain nearby,32.1,89.8,29,18,55,0,0.01,29.65,1004,31.3,88.3,0,6,3,302,WNW,25.2,15.7,Low,6/9/2026
success,"Edayar, Kochi, Kerala, India",Kochi,Kerala,India,Kochi,Asia/Kolkata,9.9312,76.2673,11919,9.9312,76.2673,10.3529,76.512,2026-06-09T19:11:01.000Z,TRUE,36,72,285,7,34,25,22,2,0,77,Patchy rain nearby,30,86,13.3,8.3,78,0,0.07,29.88,1012,27.2,80.9,0,10,6,301,WNW,8.6,5.4,Low,6/9/2026
success,"Arunika Vihar, Bhubaneswar, Odisha, India",Bhubaneswar,Odisha,India,Bhubaneswar,Asia/Kolkata,20.2644,85.8281,VIR2431,20.2644,85.8281,20.5431,84.6897,2026-06-10T19:11:01.000Z,TRUE,69,110,72,7,64,48,40,2,0,75,Thunder Possible,32.1,89.8,24.9,15.5,74,0,0,29.68,1005,28.4,83.1,0,4,2,182,S,19.1,11.9,Low,6/10/2026
success,"Gandhi Nagar Colony, Ranchi, Jharkhand, India",Ranchi,Jharkhand,India,Ranchi,Asia/Kolkata,23.36,85.33,VIR18962,23.36,85.33,23.456,85.2557,2026-06-10T19:11:01.000Z,TRUE,111,154,315,3,74,71,63,1,0,50,Mist,29.9,85.8,5.1,3.2,70,0,0,29.77,1008,28.2,82.8,0,3.5,2,123,ESE,3.6,2.2,Low,6/10/2026
success,"Vidya Nagar, Madgaon, Goa, India",Madgaon,Goa,India,Madgaon,Asia/Kolkata,15.33,73.98,ACA704868534,15.33,73.98,15.3005,74.0855,2026-06-10T19:11:01.000Z,TRUE,26,63,,,,20,16,,0,85,Patchy rain nearby,33,91.4,16.1,10,77,0.01,0.21,29.81,1010,28.5,83.4,0,9,5,259,W,10.1,6.3,Low,6/10/2026
success,"Jhotwara, Jaipur, Rajasthan, India",Jaipur,Rajasthan,India,Jaipur,Asia/Kolkata,26.8845,75.7933,11304,26.8845,75.7933,26.8106,73.7685,2026-06-10T19:11:01.000Z,TRUE,53,94,426,32,40,40,32,4,0,4,Clear,31.7,89.1,26.3,16.3,19,0,0,29.49,999,39.1,102.4,0,10,6,270,W,17.6,11,Low,6/10/2026
success,"Ie, Raipur, Chhattisgarh, India",Raipur,Chhattisgarh,India,Raipur,Asia/Kolkata,21.2444,81.6306,VIR18914,21.2444,81.6306,21.6637,81.8406,2026-06-10T19:11:01.000Z,TRUE,64,108,279,5,42,47,38,3,0,87,Patchy rain nearby,27.6,81.7,24.7,15.3,31,0,0.09,29.6,1002,35.5,95.9,0,10,6,347,NNW,20.2,12.5,Low,6/10/2026
success,"Satgaon, Guwahati, Assam, India",Guwahati,Assam,India,Guwahati,Asia/Kolkata,26.1397,91.7925,8CBFEA3AA68C,26.1397,91.7925,26.4074,93.2551,2026-06-10T19:11:01.000Z,TRUE,104,140,342,6,6,74,56,20,0,75,Mist,31.1,88.1,14.4,8.9,89,0.06,1.42,29.65,1004,27.1,80.8,0,2.5,1,183,S,6.8,4.3,Low,6/10/2026
success,"Khajpura, Patna, Bihar, India",Patna,Bihar,India,Patna,Asia/Kolkata,25.594,85.1376,12742,25.594,85.1376,25.6441,85.9065,2026-06-10T19:11:01.000Z,TRUE,93,146,225,14,41,68,55,1,0,0,Mist,33.4,92.1,27.4,17,67,0,0.12,29.59,1002,33.3,91.9,0,4.5,2,64,ENE,15.1,9.4,Low,6/10/2026
success,"Landour, Dehradun, Uttarakhand, India",Dehradun,Uttarakhand,India,Dehradun,Asia/Kolkata,30.345,78.029,12541,30.345,78.029,30.0417,79.0897,2026-06-11T19:11:01.000Z,TRUE,17,46,285,4,33,12,10,2,0,24,Clear,18.4,65.1,17.9,11.1,54,0,0,29.72,1006,24.7,76.5,0,10,6,36,NE,12.2,7.6,Low,6/11/2026
success,"Bani, Shimla, Himachal Pradesh, India",Shimla,Himachal Pradesh,India,Shimla,Asia/Kolkata,31.1033,77.1722,VIR21213,31.1033,77.1722,31.9292,77.1828,2026-06-11T19:11:01.000Z,TRUE,15,44,37,6,66,11,9,2,0,79,Patchy rain nearby,12.6,54.7,19.8,12.3,74,0.01,0.15,29.81,1009,18.9,66,0,10,6,76,ENE,11.5,7.2,Low,6/11/2026
success,"Nhpc Quarters, Gangtok, Sikkim, India",Gangtok,Sikkim,India,Gangtok,Asia/Kolkata,27.33,88.62,VIR7722,27.33,88.62,27.601,88.4541,2026-06-11T19:11:01.000Z,TRUE,46,84,221,100,38,38,28,2,0,89,Patchy rain nearby,10.3,50.5,10.8,6.7,91,0.02,0.48,29.87,1012,14.5,58.1,0,9,5,55,NE,3.6,2.2,Low,6/11/2026
success,"Yeyyadi, Mangalore, Karnataka, India",Mangalore,Karnataka,India,Mangalore,Asia/Kolkata,12.8681,74.8425,13718,12.8681,74.8425,14.5204,75.7224,2026-06-11T19:11:01.000Z,TRUE,38,73,298,2,27,36,23,2,0,75,Partly Cloudy,27.3,81.1,13.4,8.3,89,0,0.1,29.83,1010,25.4,77.7,0,6,3,219,SW,9,5.6,Low,6/11/2026
success,"S P Pudur, Salem, Tamil Nadu, India",Salem,Tamil Nadu,India,Salem,Asia/Kolkata,11.65,78.15,VIR20001,11.65,78.15,10.9094,78.3665,2026-06-11T19:11:01.000Z,TRUE,33,67,45,7,35,30,20,2,0,86,Patchy rain nearby,31.2,88.2,9.7,6,62,0.01,0.33,29.8,1009,28.9,84.1,0,9,5,220,SW,7.2,4.5,Low,6/11/2026
success,"Shaniwar Peth, Solapur, Maharashtra, India",Solapur,Maharashtra,India,Solapur,Asia/Kolkata,17.68,75.92,8729,17.68,75.92,18.9068,75.6742,2026-06-11T19:11:01.000Z,TRUE,82,64,264,32,28,82,4,14,0,48,Partly Cloudy,28.8,83.8,19.3,12,35,0,0,29.68,1005,35.7,96.3,0,10,6,258,W,15.1,9.4,Low,6/11/2026
success,"Bopal, Ahmedabad, Gujarat, India",Ahmedabad,Gujarat,India,Ahmedabad,Asia/Kolkata,23.0225,72.5714,13747,23.0225,72.5714,22.385,71.7453,2026-06-11T19:11:01.000Z,TRUE,36,71,265,11,37,30,21,9,0,0,Overcast,35.2,95.3,45.3,28.2,50,0,0,29.56,1001,35.4,95.7,0,5,3,251,WSW,30.6,19,Low,6/11/2026
success,"Devasthanagalu, Bangalore, Karnataka, India",Bangalore,Karnataka,India,Bangalore,Asia/Kolkata,12.9789,77.5917,PLLODA000567,12.9789,77.5917,14.5204,75.7224,2026-06-11T19:11:01.000Z,TRUE,30,64,350,10,25,21,18,2,0,75,Partly Cloudy,25,77.1,30.7,19.1,89,0,0,29.91,1013,23.2,73.8,0,6,3,230,SW,22.7,14.1,Low,6/11/2026
success,"Arumbakkam, Chennai, Tamil Nadu, India",Chennai,Tamil Nadu,India,Chennai,Asia/Kolkata,13.0825,80.275,13740,13.0825,80.275,10.9094,78.3665,2026-06-12T19:11:01.000Z,TRUE,63,106,261,5,24,48,38,2,0,100,Mist,41.2,106.2,39.3,24.4,71,0,0.01,29.71,1006,32.3,90.1,0,4,2,183,S,28.1,17.4,Low,6/12/2026
success,"Kompally, Hyderabad, Telangana, India",Hyderabad,Telangana,India,Hyderabad,Asia/Kolkata,17.4399,78.4983,14149,17.4399,78.4983,17.8496,79.1152,2026-06-12T19:11:01.000Z,TRUE,42,80,261,6,22,31,25,3,0,50,Partly Cloudy,41.7,107,40.7,25.3,44,0,0,29.74,1007,34.2,93.6,0,6,3,202,SSW,26.6,16.6,Low,6/12/2026
success,"Dhakuria, Kolkata, West Bengal, India",Kolkata,West Bengal,India,Kolkata,Asia/Kolkata,22.5325,88.3521,12458,22.5325,88.3521,22.9965,87.6856,2026-06-12T19:11:01.000Z,TRUE,81,125,331,14,28,57,48,24,0,50,Mist,35.2,95.4,32.4,20.1,89,0,0,29.65,1004,30,86,0,4,2,173,S,22,13.6,Low,6/12/2026
success,"Mulund West, Mumbai, Maharashtra, India",Mumbai,Maharashtra,India,Mumbai,Asia/Kolkata,19.1972,72.9722,13708,19.1972,72.9722,18.9068,75.6742,2026-06-12T19:11:01.000Z,TRUE,25,59,259,10,23,21,15,5,0,50,Mist,37,98.5,27.1,16.8,67,0,0,29.74,1007,32.2,90,0,5,3,241,WSW,22.3,13.9,Low,6/12/2026
success,"Vivek Vihar, New Delhi, Delhi, India",New Delhi,Delhi,India,New Delhi,Asia/Kolkata,28.6325,77.2205,10118,28.6325,77.2205,28.6274,77.1717,2026-06-12T19:11:01.000Z,TRUE,57,97,234,17,38,43,34,7,0,0,Rain Shower,33.6,92.4,28.5,17.7,55,0.01,0.37,29.65,1004,31.3,88.3,0,6,3,259,W,22,13.6,Low,6/12/2026
success,"Shivajinagar, Pune, Maharashtra, India",Pune,Maharashtra,India,Pune,Asia/Kolkata,18.5203,73.8567,3760,18.5203,73.8567,18.9068,75.6742,2026-06-12T19:11:01.000Z,TRUE,27,63,157,14,37,21,16,2,0,20,Clear,29.8,85.6,31.5,19.6,60,0,0,29.79,1009,28.2,82.8,0,10,6,260,W,27.4,17,Low,6/12/2026
success,"Gomti Nagar, Lucknow, Uttar Pradesh, India",Lucknow,Uttar Pradesh,India,Lucknow,Asia/Kolkata,26.85,80.95,12468,26.85,80.95,27.1303,80.8597,2026-06-12T19:11:01.000Z,TRUE,93,142,238,17,42,65,54,2,0,25,Mist,31,87.8,15.8,9.8,53,0,0,29.59,1002,33,91.4,0,5,3,70,ENE,9,5.6,Low,6/12/2026
success,"Kalal Majra, Ludhiana, Punjab, India",Ludhiana,Punjab,India,Ludhiana,Asia/Kolkata,30.91,75.85,11309,30.91,75.85,30.9293,75.5005,2026-06-12T19:11:01.000Z,TRUE,43,79,216,24,38,34,25,2,0,83,Patchy rain nearby,30.7,87.3,13.3,8.3,25,0,0.04,29.53,1000,36.5,97.7,0,10,6,123,SE,9,5.6,Low,6/12/2026
success,"Tatya Tope Nagar, Bhopal, Madhya Pradesh, India",Bhopal,Madhya Pradesh,India,Bhopal,Asia/Kolkata,23.2599,77.4126,12429,23.2599,77.4126,23.8143,77.5341,2026-06-12T19:11:01.000Z,TRUE,47,84,295,10,41,37,28,2,0,25,Clear,35.5,95.8,25.4,15.8,29,0,0,29.65,1004,36.4,97.5,0,6,3,252,WSW,17.6,11,Low,6/12/2026
success,"Baliawas, Gurgaon, Haryana, India",Gurgaon,Haryana,India,Gurgaon,Asia/Kolkata,28.456,77.029,11300,28.456,77.029,29,76,2026-06-12T19:11:01.000Z,TRUE,42,79,289,7,35,31,25,2,0,0,Patchy rain nearby,32.1,89.8,29,18,55,0,0.01,29.65,1004,31.3,88.3,0,6,3,302,WNW,25.2,15.7,Low,6/12/2026
success,"Edayar, Kochi, Kerala, India",Kochi,Kerala,India,Kochi,Asia/Kolkata,9.9312,76.2673,11919,9.9312,76.2673,10.3529,76.512,2026-06-12T19:11:01.000Z,TRUE,36,72,285,7,34,25,22,2,0,77,Patchy rain nearby,30,86,13.3,8.3,78,0,0.07,29.88,1012,27.2,80.9,0,10,6,301,WNW,8.6,5.4,Low,6/12/2026
success,"Arunika Vihar, Bhubaneswar, Odisha, India",Bhubaneswar,Odisha,India,Bhubaneswar,Asia/Kolkata,20.2644,85.8281,VIR2431,20.2644,85.8281,20.5431,84.6897,2026-06-12T19:11:01.000Z,TRUE,69,110,72,7,64,48,40,2,0,75,Thunder Possible,32.1,89.8,24.9,15.5,74,0,0,29.68,1005,28.4,83.1,0,4,2,182,S,19.1,11.9,Low,6/12/2026
success,"Gandhi Nagar Colony, Ranchi, Jharkhand, India",Ranchi,Jharkhand,India,Ranchi,Asia/Kolkata,23.36,85.33,VIR18962,23.36,85.33,23.456,85.2557,2026-06-12T19:11:01.000Z,TRUE,111,154,315,3,74,71,63,1,0,50,Mist,29.9,85.8,5.1,3.2,70,0,0,29.77,1008,28.2,82.8,0,3.5,2,123,ESE,3.6,2.2,Low,6/12/2026
success,"Vidya Nagar, Madgaon, Goa, India",Madgaon,Goa,India,Madgaon,Asia/Kolkata,15.33,73.98,ACA704868534,15.33,73.98,15.3005,74.0855,2026-06-12T19:11:01.000Z,TRUE,26,63,,,,20,16,,0,85,Patchy rain nearby,33,91.4,16.1,10,77,0.01,0.21,29.81,1010,28.5,83.4,0,9,5,259,W,10.1,6.3,Low,6/12/2026
success,"Jhotwara, Jaipur, Rajasthan, India",Jaipur,Rajasthan,India,Jaipur,Asia/Kolkata,26.8845,75.7933,11304,26.8845,75.7933,26.8106,73.7685,2026-06-12T19:11:01.000Z,TRUE,53,94,426,32,40,40,32,4,0,4,Clear,31.7,89.1,26.3,16.3,19,0,0,29.49,999,39.1,102.4,0,10,6,270,W,17.6,11,Low,6/12/2026
success,"Ie, Raipur, Chhattisgarh, India",Raipur,Chhattisgarh,India,Raipur,Asia/Kolkata,21.2444,81.6306,VIR18914,21.2444,81.6306,21.6637,81.8406,2026-06-12T19:11:01.000Z,TRUE,64,108,279,5,42,47,38,3,0,87,Patchy rain nearby,27.6,81.7,24.7,15.3,31,0,0.09,29.6,1002,35.5,95.9,0,10,6,347,NNW,20.2,12.5,Low,6/12/2026
success,"Satgaon, Guwahati, Assam, India",Guwahati,Assam,India,Guwahati,Asia/Kolkata,26.1397,91.7925,8CBFEA3AA68C,26.1397,91.7925,26.4074,93.2551,2026-06-12T19:11:01.000Z,TRUE,104,140,342,6,6,74,56,20,0,75,Mist,31.1,88.1,14.4,8.9,89,0.06,1.42,29.65,1004,27.1,80.8,0,2.5,1,183,S,6.8,4.3,Low,6/12/2026
success,"Khajpura, Patna, Bihar, India",Patna,Bihar,India,Patna,Asia/Kolkata,25.594,85.1376,12742,25.594,85.1376,25.6441,85.9065,2026-06-12T19:11:01.000Z,TRUE,93,146,225,14,41,68,55,1,0,0,Mist,33.4,92.1,27.4,17,67,0,0.12,29.59,1002,33.3,91.9,0,4.5,2,64,ENE,15.1,9.4,Low,6/12/2026
success,"Landour, Dehradun, Uttarakhand, India",Dehradun,Uttarakhand,India,Dehradun,Asia/Kolkata,30.345,78.029,12541,30.345,78.029,30.0417,79.0897,2026-06-12T19:11:01.000Z,TRUE,17,46,285,4,33,12,10,2,0,24,Clear,18.4,65.1,17.9,11.1,54,0,0,29.72,1006,24.7,76.5,0,10,6,36,NE,12.2,7.6,Low,6/12/2026
success,"Bani, Shimla, Himachal Pradesh, India",Shimla,Himachal Pradesh,India,Shimla,Asia/Kolkata,31.1033,77.1722,VIR21213,31.1033,77.1722,31.9292,77.1828,2026-06-12T19:11:01.000Z,TRUE,15,44,37,6,66,11,9,2,0,79,Patchy rain nearby,12.6,54.7,19.8,12.3,74,0.01,0.15,29.81,1009,18.9,66,0,10,6,76,ENE,11.5,7.2,Low,6/12/2026
success,"Nhpc Quarters, Gangtok, Sikkim, India",Gangtok,Sikkim,India,Gangtok,Asia/Kolkata,27.33,88.62,VIR7722,27.33,88.62,27.601,88.4541,2026-06-12T19:11:01.000Z,TRUE,46,84,221,100,38,38,28,2,0,89,Patchy rain nearby,10.3,50.5,10.8,6.7,91,0.02,0.48,29.87,1012,14.5,58.1,0,9,5,55,NE,3.6,2.2,Low,6/12/2026
success,"Yeyyadi, Mangalore, Karnataka, India",Mangalore,Karnataka,India,Mangalore,Asia/Kolkata,12.8681,74.8425,13718,12.8681,74.8425,14.5204,75.7224,2026-06-12T19:11:01.000Z,TRUE,38,73,298,2,27,36,23,2,0,75,Partly Cloudy,27.3,81.1,13.4,8.3,89,0,0.1,29.83,1010,25.4,77.7,0,6,3,219,SW,9,5.6,Low,6/12/2026
success,"S P Pudur, Salem, Tamil Nadu, India",Salem,Tamil Nadu,India,Salem,Asia/Kolkata,11.65,78.15,VIR20001,11.65,78.15,10.9094,78.3665,2026-06-12T19:11:01.000Z,TRUE,33,67,45,7,35,30,20,2,0,86,Patchy rain nearby,31.2,88.2,9.7,6,62,0.01,0.33,29.8,1009,28.9,84.1,0,9,5,220,SW,7.2,4.5,Low,6/12/2026
success,"Shaniwar Peth, Solapur, Maharashtra, India",Solapur,Maharashtra,India,Solapur,Asia/Kolkata,17.68,75.92,8729,17.68,75.92,18.9068,75.6742,2026-06-12T19:11:01.000Z,TRUE,82,64,264,32,28,82,4,14,0,48,Partly Cloudy,28.8,83.8,19.3,12,35,0,0,29.68,1005,35.7,96.3,0,10,6,258,W,15.1,9.4,Low,6/12/2026
success,"Bopal, Ahmedabad, Gujarat, India",Ahmedabad,Gujarat,India,Ahmedabad,Asia/Kolkata,23.0225,72.5714,13747,23.0225,72.5714,22.385,71.7453,2026-06-12T23:51:01.000Z,TRUE,39,76,392,6,15,31,23,9,0,2,Clear,35.6,96.1,23.5,14.6,56,0,0,29.66,1004,31.9,89.3,0,10,6,257,WSW,16.9,10.5,Low,6/12/2026
success,"Peenya, Bangalore, Karnataka, India",Bangalore,Karnataka,India,Bangalore,Asia/Kolkata,12.9789,77.5917,3758,12.9789,77.5917,14.5204,75.7224,2026-06-12T23:51:01.000Z,TRUE,27,62,454,9,20,19,16,2,0,75,Partly Cloudy,24.7,76.4,31.8,19.8,88,0,0.04,30,1016,22.3,72.1,0,6,3,233,SW,18,11.2,Low,6/12/2026
success,"Vyasarpadi, Chennai, Tamil Nadu, India",Chennai,Tamil Nadu,India,Chennai,Asia/Kolkata,13.0825,80.275,13739,13.0825,80.275,10.9094,78.3665,2026-06-12T23:41:02.000Z,TRUE,21,52,375,5,19,17,12,3,0,75,Mist,35.3,95.5,37.4,23.2,84,0,0,29.77,1008,30.2,86.4,0,5,3,203,SSW,25.6,15.9,Low,6/12/2026
success,"Kompally, Hyderabad, Telangana, India",Hyderabad,Telangana,India,Hyderabad,Asia/Kolkata,17.4399,78.4983,14149,17.4399,78.4983,17.8496,79.1152,2026-06-12T23:51:01.000Z,TRUE,25,59,395,5,14,18,15,3,0,100,Rain Thunder,28.3,83,33.4,20.8,74,0.04,1.09,29.88,1012,26.3,79.3,0,3,1,126,SE,18,11.2,Low,6/12/2026
success,"Kamarhati, Kolkata, West Bengal, India",Kolkata,West Bengal,India,Kolkata,Asia/Kolkata,22.6686,88.3704,VIR10804,22.6686,88.3704,22.9965,87.6856,2026-06-12T23:51:01.000Z,TRUE,55,96,343,9,15,40,33,2,0,50,Mist,34,93.3,26.6,16.5,89,0,0,29.68,1005,29.2,84.6,0,3.5,2,177,S,19.1,11.9,Low,6/12/2026
success,"Colaba, Mumbai, Maharashtra, India",Mumbai,Maharashtra,India,Mumbai,Asia/Kolkata,19.0761,72.8775,11962,19.0761,72.8775,18.9068,75.6742,2026-06-12T23:41:01.000Z,TRUE,50,78,352,7,13,42,14,4,0,50,Mist,40.9,105.7,37.7,23.4,71,0,0.04,29.8,1009,32.2,90,0,4,2,247,WSW,27.4,17,Low,6/12/2026
success,"Navjeevan Vihar, New Delhi, Delhi, India",New Delhi,Delhi,India,New Delhi,Asia/Kolkata,28.6325,77.2205,10707,28.6325,77.2205,28.6274,77.1717,2026-06-12T23:51:01.000Z,TRUE,67,114,540,11,16,52,40,3,0,4,Severe sandstorm,28.1,82.6,11.8,7.3,39,0,0,29.6,1003,33.8,92.9,0,2.1,1,178,S,8.6,5.4,Low,6/12/2026
success,"Dehu Road, Pune, Maharashtra, India",Pune,Maharashtra,India,Pune,Asia/Kolkata,18.5203,73.8567,3766,18.5203,73.8567,18.9068,75.6742,2026-06-12T23:51:01.000Z,TRUE,24,59,283,7,31,19,14,2,0,22,Clear,22.4,72.3,22.2,13.8,76,0,0,29.83,1010,25.9,78.6,0,10,6,255,WSW,18.4,11.4,Low,6/12/2026
success,"Gomti Nagar, Lucknow, Uttar Pradesh, India",Lucknow,Uttar Pradesh,India,Lucknow,Asia/Kolkata,26.85,80.95,12468,26.85,80.95,27.1303,80.8597,2026-06-12T23:51:01.000Z,TRUE,114,150,330,13,14,73,62,2,0,0,Mist,29.2,84.6,17.5,10.8,70,0,0,29.68,1005,30.2,86.4,0,5,3,62,ENE,9.7,6,Low,6/12/2026
success,"Kalal Majra, Ludhiana, Punjab, India",Ludhiana,Punjab,India,Ludhiana,Asia/Kolkata,30.91,75.85,11309,30.91,75.85,30.9293,75.5005,2026-06-12T23:51:00.000Z,TRUE,63,105,397,15,22,48,37,3,0,6,Clear,25.7,78.3,20.3,12.6,40,0,0,29.61,1003,31.9,89.4,0,10,6,90,E,11.2,6.9,Low,6/12/2026
success,"Bagsewaniya, Bhopal, Madhya Pradesh, India",Bhopal,Madhya Pradesh,India,Bhopal,Asia/Kolkata,23.2599,77.4126,VIR2430,23.2599,77.4126,23.8143,77.5341,2026-06-12T23:41:01.000Z,TRUE,40,77,366,6,21,29,24,3,0,8,Clear,29.4,84.9,16.1,10,27,0,0,29.63,1003,35.5,95.9,0,10,6,264,W,10.4,6.5,Low,6/12/2026
success,"Khoh, Gurgaon, Haryana, India",Gurgaon,Haryana,India,Gurgaon,Asia/Kolkata,28.456,77.029,12445,28.456,77.029,29,76,2026-06-12T23:51:01.000Z,TRUE,38,76,317,7,29,31,23,2,0,4,Severe sandstorm,34.2,93.6,9.9,6.2,42,0,0,29.61,1003,32.9,91.3,0,2.1,1,168,SSE,6.8,4.3,Low,6/12/2026
success,"Edayar, Kochi, Kerala, India",Kochi,Kerala,India,Kochi,Asia/Kolkata,9.9312,76.2673,11919,9.9312,76.2673,10.3529,76.512,2026-06-12T23:51:01.000Z,TRUE,62,105,281,7,31,43,37,2,0,84,Patchy rain nearby,24.3,75.7,10.8,6.7,82,0.02,0.59,29.92,1013,25.9,78.7,0,9,5,182,S,3.6,2.2,Low,6/12/2026
success,"Laxmi Sagar, Bhubaneswar, Odisha, India",Bhubaneswar,Odisha,India,Bhubaneswar,Asia/Kolkata,20.2644,85.8281,PLLODA000512,20.2644,85.8281,20.5431,84.6897,2026-06-12T23:41:02.000Z,TRUE,53,93,287,7,31,37,32,2,0,75,Mist,32,89.6,24.7,15.3,74,0,0,29.71,1006,28.2,82.8,0,4,2,193,SSW,12.6,7.8,Low,6/12/2026
success,"Gandhi Nagar Colony, Ranchi, Jharkhand, India",Ranchi,Jharkhand,India,Ranchi,Asia/Kolkata,23.36,85.33,VIR18962,23.36,85.33,23.456,85.2557,2026-06-12T23:51:01.000Z,TRUE,85,138,542,3,75,61,51,1,0,75,Mist,25.7,78.3,22.2,13.8,89,0,0,29.83,1010,25,77,0,3,1,165,SSE,14.4,8.9,Low,6/12/2026
success,"Vidya Nagar, Madgaon, Goa, India",Madgaon,Goa,India,Madgaon,Asia/Kolkata,15.33,73.98,ACA704868534,15.33,73.98,15.3005,74.0855,2026-06-12T23:51:23.000Z,TRUE,21,57,,,,16,12,,0,73,Rain Shower,32.2,90,18.3,11.4,81,0.01,0.26,29.84,1010,28,82.3,0,10,6,271,W,10.8,6.7,Low,6/12/2026
success,"Dholai, Jaipur, Rajasthan, India",Jaipur,Rajasthan,India,Jaipur,Asia/Kolkata,26.8845,75.7933,48F6EE56C1E4,26.8845,75.7933,26.8106,73.7685,2026-06-12T23:51:23.000Z,TRUE,20,55,323,7,27,16,12,3,0,75,Rain Thunder,31.4,88.5,25.5,15.8,46,0,0.01,29.77,1008,31.4,88.5,0,3.2,1,136,SE,18.7,11.6,Low,6/12/2026
success,"Ie, Raipur, Chhattisgarh, India",Raipur,Chhattisgarh,India,Raipur,Asia/Kolkata,21.2444,81.6306,VIR18914,21.2444,81.6306,21.6637,81.8406,2026-06-12T23:41:02.000Z,TRUE,56,97,390,5,30,38,34,3,0,44,Smoky haze,25.9,78.6,25.7,16,36,0,0,29.66,1004,33.7,92.7,0,10,6,161,SSE,19.8,12.3,Low,6/12/2026
success,"Rukmini Gaon, Guwahati, Assam, India",Guwahati,Assam,India,Guwahati,Asia/Kolkata,26.1397,91.7925,8856A6ED60B0,26.1397,91.7925,26.4074,93.2551,2026-06-12T23:41:24.000Z,TRUE,88,138,419,6,6,64,52,8,0,75,Mist,30.4,86.7,11.2,6.9,94,0.04,0.94,29.71,1006,26.3,79.3,0,2.5,1,200,SSW,5.4,3.4,Low,6/12/2026
success,"Kidwaipuri, Patna, Bihar, India",Patna,Bihar,India,Patna,Asia/Kolkata,25.594,85.1376,8674,25.594,85.1376,25.6441,85.9065,2026-06-12T23:51:01.000Z,TRUE,102,149,635,5,14,71,58,1,0,0,Mist,32.5,90.6,30.5,18.9,71,0,0,29.65,1004,31.3,88.3,0,4,2,109,ESE,22,13.6,Low,6/12/2026
success,"Landour, Dehradun, Uttarakhand, India",Dehradun,Uttarakhand,India,Dehradun,Asia/Kolkata,30.345,78.029,12541,30.345,78.029,30.0417,79.0897,2026-06-12T23:51:00.000Z,TRUE,29,63,316,5,22,21,17,2,0,10,Clear,14.2,57.6,23.2,14.4,70,0,0,29.81,1010,20.5,69,0,10,6,42,NE,12.2,7.6,Low,6/12/2026
success,"Bani, Shimla, Himachal Pradesh, India",Shimla,Himachal Pradesh,India,Shimla,Asia/Kolkata,31.1033,77.1722,VIR21213,31.1033,77.1722,31.9292,77.1828,2026-06-12T23:51:01.000Z,TRUE,21,54,287,7,33,14,12,2,0,6,Clear,13.1,55.6,17.5,10.9,71,0,0,29.84,1010,19,66.2,0,6.6,4,80,E,9.7,6,Low,6/12/2026
success,"Nhpc Quarters, Gangtok, Sikkim, India",Gangtok,Sikkim,India,Gangtok,Asia/Kolkata,27.33,88.62,VIR7722,27.33,88.62,27.601,88.4541,2026-06-12T23:51:01.000Z,TRUE,50,89,238,6,27,40,30,2,0,77,Patchy rain nearby,9.7,49.5,10.6,6.6,90,0.01,0.17,29.89,1012,10.3,50.5,0,9,5,33,NNE,5,3.1,Low,6/12/2026
success,"New Mangalore, Mangalore, Karnataka, India",Mangalore,Karnataka,India,Mangalore,Asia/Kolkata,12.8681,74.8425,VIR13789,12.8681,74.8425,14.5204,75.7224,2026-06-12T23:51:01.000Z,TRUE,35,69,290,1,16,28,21,2,0,75,Light Rain,27.1,80.8,11.9,7.4,89,0.02,0.44,29.85,1011,25.1,77.2,0,4,2,236,WSW,7.6,4.7,Low,6/12/2026
success,"S P Pudur, Salem, Tamil Nadu, India",Salem,Tamil Nadu,India,Salem,Asia/Kolkata,11.65,78.15,VIR20001,11.65,78.15,10.9094,78.3665,2026-06-12T23:51:01.000Z,TRUE,22,52,260,7,30,20,13,2,0,31,Partly Cloudy,19.1,66.4,9.7,6,89,0,0,29.87,1011,24.4,76,0,10,6,209,SSW,6.8,4.3,Low,6/12/2026
success,"Shaniwar Peth, Solapur, Maharashtra, India",Solapur,Maharashtra,India,Solapur,Asia/Kolkata,17.68,75.92,8729,17.68,75.92,18.9068,75.6742,2026-06-12T23:51:00.000Z,TRUE,22,53,514,4,8,20,14,13,0,4,Clear,32.1,89.8,38.2,23.8,57,0,0,29.74,1007,29.9,85.9,0,10,6,264,W,29.5,18.3,Low,6/12/2026
success,"Chandkheda, Ahmedabad, Gujarat, India",Ahmedabad,Gujarat,India,Ahmedabad,Asia/Kolkata,23.0225,72.5714,13750,23.0225,72.5714,22.385,71.7453,2026-06-13T23:11:01.000Z,TRUE,35,71,440,6,15,27,21,7,0,0,Clear,34.9,94.8,33,20.5,59,0,0,29.68,1005,31.1,88,0,10,6,266,W,24.1,15,Low,6/13/2026
success,"Ganganagar, Bangalore, Karnataka, India",Bangalore,Karnataka,India,Bangalore,Asia/Kolkata,12.9789,77.5917,11428,12.9789,77.5917,14.5204,75.7224,2026-06-13T23:11:00.000Z,TRUE,33,69,375,6,22,23,20,2,0,75,Partly Cloudy,25.2,77.4,21.3,13.3,89,0,0,29.97,1015,23.2,73.8,0,6,3,273,W,14.8,9.2,Low,6/13/2026
success,"Vyasarpadi, Chennai, Tamil Nadu, India",Chennai,Tamil Nadu,India,Chennai,Asia/Kolkata,13.0825,80.275,13739,13.0825,80.275,10.9094,78.3665,2026-06-13T23:11:01.000Z,TRUE,31,65,384,4,20,22,18,2,0,75,Rain Thunder,32.8,91,28.4,17.6,79,0,0.1,29.77,1008,29.2,84.6,0,5,3,240,WSW,19.4,12.1,Low,6/13/2026
success,"Kondapur, Hyderabad, Telangana, India",Hyderabad,Telangana,India,Hyderabad,Asia/Kolkata,17.3617,78.4747,11284,17.3617,78.4747,17.8496,79.1152,2026-06-13T23:11:01.000Z,TRUE,35,72,361,5,16,25,21,2,0,75,Light Rain,25.8,78.5,12,7.4,69,0,0.01,29.85,1011,24.3,75.7,0,3,1,151,SSE,7.9,4.9,Low,6/13/2026
success,"Hastings, Kolkata, West Bengal, India",Kolkata,West Bengal,India,Kolkata,Asia/Kolkata,22.5325,88.3521,VIR11676,22.5325,88.3521,22.9965,87.6856,2026-06-13T23:11:01.000Z,TRUE,64,109,395,11,14,48,39,2,0,50,Mist,34.5,94.1,28.8,17.9,84,0,0,29.65,1004,29.1,84.4,0,3.2,1,180,S,20.5,12.8,Low,6/13/2026
success,"Kandivali East, Mumbai, Maharashtra, India",Mumbai,Maharashtra,India,Mumbai,Asia/Kolkata,19.1972,72.9722,13711,19.1972,72.9722,18.9068,75.6742,2026-06-13T23:11:01.000Z,TRUE,22,54,246,7,12,17,13,4,0,50,Mist,40.9,105.5,31,19.3,67,0,0.01,29.8,1009,32.3,90.1,0,4,2,263,W,23.4,14.5,Low,6/13/2026
success,"Jhandewalan, New Delhi, Delhi, India",New Delhi,Delhi,India,New Delhi,Asia/Kolkata,28.6325,77.2205,2554,28.6325,77.2205,28.6274,77.1717,2026-06-13T23:11:00.000Z,TRUE,120,151,371,8,26,81,64,2,0,0,Mist,31.6,88.8,13.5,8.4,52,0,0,29.65,1004,31.3,88.3,0,4,2,247,WSW,11.2,6.9,Low,6/13/2026
success,"Dhankawadi, Pune, Maharashtra, India",Pune,Maharashtra,India,Pune,Asia/Kolkata,18.5203,73.8567,3763,18.5203,73.8567,18.9068,75.6742,2026-06-13T23:11:00.000Z,TRUE,28,64,285,6,30,21,17,2,0,16,Clear,20.1,68.2,18.8,11.7,81,0,0,29.83,1010,25.4,77.7,0,10,6,262,W,15.5,9.6,Low,6/13/2026
success,"Talkatora, Lucknow, Uttar Pradesh, India",Lucknow,Uttar Pradesh,India,Lucknow,Asia/Kolkata,26.85,80.95,8188,26.85,80.95,27.1303,80.8597,2026-06-13T23:11:00.000Z,TRUE,65,105,538,8,22,45,38,3,0,0,Mist,28.8,83.8,9.8,6.1,70,0,0,29.62,1003,30.1,86.2,0,5,3,307,NW,5.8,3.6,Low,6/13/2026
success,"Haibowal Khurd, Ludhiana, Punjab, India",Ludhiana,Punjab,India,Ludhiana,Asia/Kolkata,30.91,75.85,11272,30.91,75.85,30.9293,75.5005,2026-06-13T23:11:00.000Z,TRUE,79,113,408,8,26,53,43,2,0,2,Clear,27,80.6,17.5,10.9,34,0,0,29.57,1001,33,91.4,0,10,6,46,NE,10.1,6.3,Low,6/13/2026
success,"Kasera Bazar, Bhopal, Madhya Pradesh, India",Bhopal,Madhya Pradesh,India,Bhopal,Asia/Kolkata,23.2599,77.4126,PLLODA000552,23.2599,77.4126,23.8143,77.5341,2026-06-13T23:21:01.000Z,TRUE,50,90,311,9,22,37,30,4,0,50,Partly Cloudy,25.5,77.9,13.4,8.3,65,0,0,29.74,1007,26.4,79.5,0,6,3,290,WNW,7.9,4.9,Low,6/13/2026
success,"Masani, Gurgaon, Haryana, India",Gurgaon,Haryana,India,Gurgaon,Asia/Kolkata,28.456,77.029,VIR8642,28.456,77.029,29,76,2026-06-13T23:21:01.000Z,TRUE,132,152,347,6,28,88,68,2,0,0,Mist,31.8,89.3,12.5,7.8,52,0,0,29.65,1004,31.3,88.3,0,4,2,255,WSW,9.7,6,Low,6/13/2026
success,"Eroor South, Kochi, Kerala, India",Kochi,Kerala,India,Kochi,Asia/Kolkata,9.9312,76.2673,B0A60451D99C,9.9312,76.2673,10.3529,76.512,2026-06-13T23:21:23.000Z,TRUE,52,92,271,6,28,37,32,2,0,50,Mist,31.1,88,6.8,4.2,89,0.01,0.2,29.88,1012,27.2,81,0,3.5,2,298,WNW,4,2.5,Low,6/13/2026
success,"Laxmi Sagar, Bhubaneswar, Odisha, India",Bhubaneswar,Odisha,India,Bhubaneswar,Asia/Kolkata,20.2644,85.8281,PLLODA000512,20.2644,85.8281,20.5431,84.6897,2026-06-13T23:21:01.000Z,TRUE,82,132,286,6,30,60,49,2,0,75,Rain Thunder,35,95.1,15.2,9.4,79,0,0,29.65,1004,31.1,88,0,3.5,2,200,SSW,10.1,6.3,Low,6/13/2026
success,"Gandhi Nagar Colony, Ranchi, Jharkhand, India",Ranchi,Jharkhand,India,Ranchi,Asia/Kolkata,23.36,85.33,VIR18962,23.36,85.33,23.456,85.2557,2026-06-13T23:21:01.000Z,TRUE,81,133,540,3,1,59,49,1,0,75,Mist,24.6,76.2,15.2,9.4,89,0,0,29.8,1009,23.3,73.9,0,2.5,1,160,SSE,9,5.6,Low,6/13/2026
success,"Fatorda, Madgaon, Goa, India",Madgaon,Goa,India,Madgaon,Asia/Kolkata,15.33,73.98,ACA7048689E8,15.33,73.98,15.3005,74.0855,2026-06-13T23:21:23.000Z,TRUE,25,62,,,,19,15,,0,77,Patchy rain nearby,31.4,88.5,13,8.1,82,0.01,0.16,29.85,1011,27.6,81.7,0,9,5,300,WNW,7.9,4.9,Low,6/13/2026
success,"Ward 27, Jaipur, Rajasthan, India",Jaipur,Rajasthan,India,Jaipur,Asia/Kolkata,26.8845,75.7933,VIR10340,26.8845,75.7933,26.8106,73.7685,2026-06-13T23:21:01.000Z,TRUE,69,115,664,34,9,52,41,5,0,0,Mist,31.6,88.9,4.5,2.8,62,0,0,29.71,1006,30.3,86.5,0,3.5,2,252,WSW,3.6,2.2,Low,6/13/2026
success,"Ie, Raipur, Chhattisgarh, India",Raipur,Chhattisgarh,India,Raipur,Asia/Kolkata,21.2444,81.6306,VIR18914,21.2444,81.6306,21.6637,81.8406,2026-06-13T23:21:01.000Z,TRUE,72,120,289,5,30,55,43,2,0,31,Partly Cloudy,26.8,80.2,26.8,16.6,37,0,0,29.61,1003,34.5,94.2,0,10,6,225,SW,19.1,11.9,Low,6/13/2026
success,"Ulubari, Guwahati, Assam, India",Guwahati,Assam,India,Guwahati,Asia/Kolkata,26.1722,91.7458,8856A6EEFA38,26.1722,91.7458,26.4074,93.2551,2026-06-13T23:21:23.000Z,TRUE,66,111,356,6,5,49,40,9,0,75,Mist,32.2,90,11.3,7,94,0,0.09,29.65,1004,27.2,81,0,3,1,193,SSW,5.4,3.4,Low,6/13/2026
success,"Gulzarbagh, Patna, Bihar, India",Patna,Bihar,India,Patna,Asia/Kolkata,25.594,85.1376,VIR17517,25.594,85.1376,25.6441,85.9065,2026-06-13T23:21:01.000Z,TRUE,78,128,424,6,15,59,47,2,0,50,Mist,28.8,83.8,26.9,16.7,79,0,0,29.62,1003,29.1,84.4,0,3,1,101,ESE,18,11.2,Low,6/13/2026
success,"Landour, Dehradun, Uttarakhand, India",Dehradun,Uttarakhand,India,Dehradun,Asia/Kolkata,30.345,78.029,12541,30.345,78.029,30.0417,79.0897,2026-06-13T23:11:00.000Z,TRUE,50,91,367,4,21,38,30,2,0,10,Clear,13.9,57,22.9,14.2,67,0,0,29.76,1008,20.3,68.5,0,10,6,45,NE,12.2,7.6,Low,6/13/2026
success,"Bani, Shimla, Himachal Pradesh, India",Shimla,Himachal Pradesh,India,Shimla,Asia/Kolkata,31.1033,77.1722,VIR21213,31.1033,77.1722,31.9292,77.1828,2026-06-13T23:21:01.000Z,TRUE,14,42,271,6,28,11,8,2,0,5,Smoky haze,13.6,56.5,16.2,10.1,71,0,0,29.78,1009,19.4,66.9,0,9,5,74,ENE,9,5.6,Low,6/13/2026
success,"Nhpc Quarters, Gangtok, Sikkim, India",Gangtok,Sikkim,India,Gangtok,Asia/Kolkata,27.33,88.62,VIR7722,27.33,88.62,27.601,88.4541,2026-06-13T23:11:01.000Z,TRUE,31,64,259,5,25,28,18,2,0,78,Rain Shower,10.8,51.4,10.8,6.7,94,0.03,0.78,29.84,1010,15.1,59.2,0,10,6,55,NE,3.6,2.2,Low,6/13/2026
success,"Yeyyadi, Mangalore, Karnataka, India",Mangalore,Karnataka,India,Mangalore,Asia/Kolkata,12.8681,74.8425,13718,12.8681,74.8425,14.5204,75.7224,2026-06-13T23:21:01.000Z,TRUE,48,86,282,1,15,38,29,2,0,75,Partly Cloudy,27.5,81.5,17.3,10.7,94,0.01,0.18,29.85,1011,25.3,77.5,0,6,3,302,WNW,11.2,6.9,Low,6/13/2026
success,"S P Pudur, Salem, Tamil Nadu, India",Salem,Tamil Nadu,India,Salem,Asia/Kolkata,11.65,78.15,VIR20001,11.65,78.15,10.9094,78.3665,2026-06-13T23:21:01.000Z,TRUE,30,63,281,5,29,24,18,2,0,80,Patchy rain nearby,19.2,66.6,9.1,5.7,88,0.01,0.19,29.86,1011,24.4,75.9,0,9,5,205,SSW,6.1,3.8,Low,6/13/2026
success,"Shaniwar Peth, Solapur, Maharashtra, India",Solapur,Maharashtra,India,Solapur,Asia/Kolkata,17.68,75.92,8729,17.68,75.92,18.9068,75.6742,2026-06-13T23:21:00.000Z,TRUE,21,51,285,6,24,18,12,1,0,86,Patchy rain nearby,30.6,87.1,25.5,15.8,63,0.02,0.61,29.78,1008,28.5,83.2,0,9,5,288,WNW,19.8,12.3,Low,6/13/2026
success,"Maninagar, Ahmedabad, Gujarat, India",Ahmedabad,Gujarat,India,Ahmedabad,Asia/Kolkata,23.0225,72.5714,8192,23.0225,72.5714,22.385,71.7453,2026-06-14T23:21:01.000Z,TRUE,30,66,323,7,14,23,18,8,0,25,Overcast,36.6,97.9,33.6,20.9,46,0,0,29.65,1004,32.3,90.1,0,4,2,271,W,25.6,15.9,Low,6/14/2026
success,"Deepanjali Nagar, Bangalore, Karnataka, India",Bangalore,Karnataka,India,Bangalore,Asia/Kolkata,12.9789,77.5917,11312,12.9789,77.5917,14.5204,75.7224,2026-06-14T23:21:01.000Z,TRUE,35,72,286,6,28,25,21,2,0,75,Partly Cloudy,21.1,70,11.4,7.1,94,0,0,29.97,1015,21.1,70,0,6,3,287,WNW,7.2,4.5,Low,6/14/2026
success,"Irumbuliyur, Chennai, Tamil Nadu, India",Chennai,Tamil Nadu,India,Chennai,Asia/Kolkata,13.0825,80.275,12431,13.0825,80.275,10.9094,78.3665,2026-06-14T23:21:01.000Z,TRUE,31,66,374,5,21,23,19,2,0,50,Mist,36.8,98.2,26.5,16.5,75,0,0,29.71,1006,31.2,88.2,0,5,3,225,SW,17.6,11,Low,6/14/2026
success,"Kompally, Hyderabad, Telangana, India",Hyderabad,Telangana,India,Hyderabad,Asia/Kolkata,17.4399,78.4983,14149,17.4399,78.4983,17.8496,79.1152,2026-06-14T23:21:02.000Z,TRUE,39,76,289,6,23,28,23,2,0,50,Mist,28.9,84,12.5,7.8,58,0,0,29.8,1009,28.1,82.6,0,5,3,254,WSW,6.5,4,Low,6/14/2026
success,"Kamarhati, Kolkata, West Bengal, India",Kolkata,West Bengal,India,Kolkata,Asia/Kolkata,22.6686,88.3704,VIR10804,22.6686,88.3704,22.9965,87.6856,2026-06-14T23:11:02.000Z,TRUE,56,96,323,8,15,40,33,2,0,50,Mist,35,94.9,25.5,15.9,89,0,0,29.62,1003,30.1,86.2,0,3.5,2,184,S,15.8,9.8,Low,6/14/2026
success,"Collector Colony Chembur, Mumbai, Maharashtra, India",Mumbai,Maharashtra,India,Mumbai,Asia/Kolkata,19.0761,72.8775,12464,19.0761,72.8775,18.9068,75.6742,2026-06-14T23:21:01.000Z,TRUE,18,49,315,7,16,15,11,3,0,50,Mist,36.8,98.3,26.9,16.7,71,0,0.01,29.8,1009,31,87.8,0,4,2,270,W,19.8,12.3,Low,6/14/2026
success,"Vivek Vihar, New Delhi, Delhi, India",New Delhi,Delhi,India,New Delhi,Asia/Kolkata,28.6325,77.2205,10118,28.6325,77.2205,28.6274,77.1717,2026-06-14T23:21:01.000Z,TRUE,60,103,371,8,28,48,36,2,0,50,Rain Thunder,34.5,94.1,29.8,18.5,50,0,0,29.59,1002,34.2,93.6,0,4.5,2,264,W,22.3,13.9,Low,6/14/2026
success,"Shivajinagar, Pune, Maharashtra, India",Pune,Maharashtra,India,Pune,Asia/Kolkata,18.5203,73.8567,3760,18.5203,73.8567,18.9068,75.6742,2026-06-14T23:21:01.000Z,TRUE,21,55,285,6,30,16,12,2,0,10,Clear,23.4,74.1,22.1,13.7,73,0,0,29.84,1010,26.1,79,0,10,6,274,W,19.1,11.9,Low,6/14/2026
success,"South City Block D, Lucknow, Uttar Pradesh, India",Lucknow,Uttar Pradesh,India,Lucknow,Asia/Kolkata,26.85,80.95,13721,26.85,80.95,27.1303,80.8597,2026-06-14T23:21:02.000Z,TRUE,70,114,322,10,23,52,41,2,0,0,Mist,30.6,87,15.2,9.5,59,0,0,29.59,1002,32.1,89.8,0,5,3,284,WNW,7.9,4.9,Low,6/14/2026
success,"Haibowal Khurd, Ludhiana, Punjab, India",Ludhiana,Punjab,India,Ludhiana,Asia/Kolkata,30.91,75.85,11272,30.91,75.85,30.9293,75.5005,2026-06-14T23:21:01.000Z,TRUE,91,134,386,8,27,65,52,2,0,5,Clear,28,82.4,16.8,10.4,28,0,0,29.51,999,33.8,92.8,0,10,6,18,NNE,9.4,5.8,Low,6/14/2026
success,"Kasera Bazar, Bhopal, Madhya Pradesh, India",Bhopal,Madhya Pradesh,India,Bhopal,Asia/Kolkata,23.2599,77.4126,PLLODA000552,23.2599,77.4126,23.8143,77.5341,2026-06-14T23:21:02.000Z,TRUE,33,69,534,13,19,25,20,3,0,16,Clear,30.1,86.2,21.5,13.3,41,0,0,29.69,1006,30.3,86.5,0,10,6,268,W,14,8.7,Low,6/14/2026
success,"Sector 46, Gurgaon, Haryana, India",Gurgaon,Haryana,India,Gurgaon,Asia/Kolkata,28.456,77.029,12816,28.456,77.029,29,76,2026-06-14T23:21:01.000Z,TRUE,36,74,340,6,29,28,22,2,0,50,Rain Thunder,34.8,94.7,26.3,16.3,50,0,0,29.59,1002,34.2,93.6,0,4.5,2,271,W,21.2,13.2,Low,6/14/2026
success,"Edayar, Kochi, Kerala, India",Kochi,Kerala,India,Kochi,Asia/Kolkata,9.9312,76.2673,11919,9.9312,76.2673,10.3529,76.512,2026-06-14T23:21:01.000Z,TRUE,58,100,294,6,31,42,35,2,0,76,Patchy rain nearby,26.9,80.4,21.9,13.6,86,0.08,1.98,29.87,1012,26.5,79.7,0,9,5,319,NW,13.7,8.5,Low,6/14/2026
success,"Arunika Vihar, Bhubaneswar, Odisha, India",Bhubaneswar,Odisha,India,Bhubaneswar,Asia/Kolkata,20.2644,85.8281,VIR2431,20.2644,85.8281,20.5431,84.6897,2026-06-14T23:21:02.000Z,TRUE,52,93,291,6,32,36,32,2,0,75,Mist,29.6,85.3,26.5,16.4,79,0,0.02,29.65,1004,27.2,81,0,4,2,224,SW,12.6,7.8,Low,6/14/2026
success,"Gandhi Nagar Colony, Ranchi, Jharkhand, India",Ranchi,Jharkhand,India,Ranchi,Asia/Kolkata,23.36,85.33,VIR18962,23.36,85.33,23.456,85.2557,2026-06-14T23:11:02.000Z,TRUE,69,114,279,6,30,50,41,2,0,100,Rain Thunder,24.3,75.7,13.8,8.5,100,0,0,29.77,1008,22.2,72,0,1.5,0,207,SSW,7.9,4.9,Low,6/14/2026
success,"Vidya Nagar, Madgaon, Goa, India",Madgaon,Goa,India,Madgaon,Asia/Kolkata,15.33,73.98,ACA704868534,15.33,73.98,15.3005,74.0855,2026-06-14T23:21:24.000Z,TRUE,24,60,,,,17,14,,0,16,Clear,32,89.6,15.6,9.7,81,0,0,29.83,1010,27.9,82.2,0,10,6,301,WNW,9.4,5.8,Low,6/14/2026
success,"Jhotwara, Jaipur, Rajasthan, India",Jaipur,Rajasthan,India,Jaipur,Asia/Kolkata,26.8845,75.7933,11304,26.8845,75.7933,26.8106,73.7685,2026-06-14T23:11:01.000Z,TRUE,23,57,678,37,13,18,13,4,0,100,Mist,27,80.6,26.2,16.3,58,0,0.04,29.68,1005,27.3,81.1,0,2.8,1,200,SSW,16.9,10.5,Low,6/14/2026
success,"Ie, Raipur, Chhattisgarh, India",Raipur,Chhattisgarh,India,Raipur,Asia/Kolkata,21.2444,81.6306,VIR18914,21.2444,81.6306,21.6637,81.8406,2026-06-14T23:21:02.000Z,TRUE,59,101,297,5,29,41,36,2,0,14,Clear,29.7,85.5,11.5,7.2,33,0,0,29.59,1002,35.3,95.5,0,10,6,260,W,8.3,5.1,Low,6/14/2026
success,"Railway Colony, Guwahati, Assam, India",Guwahati,Assam,India,Guwahati,Asia/Kolkata,26.1397,91.7925,11844,26.1397,91.7925,26.4074,93.2551,2026-06-14T23:21:01.000Z,TRUE,73,121,386,5,6,56,44,7,0,75,Mist,34.7,94.5,5.3,3.3,94,0.03,0.68,29.62,1003,28.1,82.6,0,2.5,1,191,SSW,3.6,2.2,Low,6/14/2026
success,"Khajpura, Patna, Bihar, India",Patna,Bihar,India,Patna,Asia/Kolkata,25.594,85.1376,12742,25.594,85.1376,25.6441,85.9065,2026-06-14T23:21:01.000Z,TRUE,98,149,444,4,15,74,57,3,0,0,Mist,30.6,87.2,22,13.6,63,0,0,29.59,1002,32.4,90.3,0,4,2,302,WNW,10.8,6.7,Low,6/14/2026
success,"Landour, Dehradun, Uttarakhand, India",Dehradun,Uttarakhand,India,Dehradun,Asia/Kolkata,30.345,78.029,12541,30.345,78.029,30.0417,79.0897,2026-06-14T23:21:01.000Z,TRUE,66,111,361,4,27,48,40,2,0,3,Clear,16.4,61.5,22.4,13.9,54,0,0,29.67,1005,22.7,72.8,0,10,6,39,NE,11.5,7.2,Low,6/14/2026
success,"Bani, Shimla, Himachal Pradesh, India",Shimla,Himachal Pradesh,India,Shimla,Asia/Kolkata,31.1033,77.1722,VIR21213,31.1033,77.1722,31.9292,77.1828,2026-06-14T23:21:02.000Z,TRUE,23,58,284,6,30,16,14,2,0,3,Clear,15.6,60.1,14.5,9,55,0,0,29.71,1006,21.2,70.1,0,10,6,70,ENE,8.3,5.1,Low,6/14/2026
success,"Nhpc Quarters, Gangtok, Sikkim, India",Gangtok,Sikkim,India,Gangtok,Asia/Kolkata,27.33,88.62,VIR7722,27.33,88.62,27.601,88.4541,2026-06-14T23:21:02.000Z,TRUE,63,107,223,5,26,44,38,2,0,82,Rain Shower,10.4,50.7,10.8,6.7,94,0.04,0.98,29.82,1010,14.7,58.5,0,10,6,45,NE,3.6,2.2,Low,6/14/2026
success,"Yeyyadi, Mangalore, Karnataka, India",Mangalore,Karnataka,India,Mangalore,Asia/Kolkata,12.8681,74.8425,13718,12.8681,74.8425,14.5204,75.7224,2026-06-14T23:21:02.000Z,TRUE,64,108,295,2,14,54,38,2,0,50,Partly Cloudy,28.9,84.1,9,5.6,89,0,0.03,29.85,1011,26.1,79,0,6,3,306,NW,5.8,3.6,Low,6/14/2026
success,"S P Pudur, Salem, Tamil Nadu, India",Salem,Tamil Nadu,India,Salem,Asia/Kolkata,11.65,78.15,VIR20001,11.65,78.15,10.9094,78.3665,2026-06-14T23:21:02.000Z,TRUE,32,65,270,6,28,23,19,2,0,77,Patchy rain nearby,23,73.4,5.3,3.3,77,0,0.08,29.84,1010,25.7,78.2,0,10,6,243,WSW,3.6,2.2,Low,6/14/2026
success,"Shaniwar Peth, Solapur, Maharashtra, India",Solapur,Maharashtra,India,Solapur,Asia/Kolkata,17.68,75.92,8729,17.68,75.92,18.9068,75.6742,2026-06-14T23:21:01.000Z,TRUE,19,48,282,6,30,14,12,2,0,11,Clear,31.2,88.2,47.8,29.7,52,0,0,29.77,1008,29.8,85.7,0,10,6,305,NW,38.2,23.7,Low,6/14/2026
success,"Bopal, Ahmedabad, Gujarat, India",Ahmedabad,Gujarat,India,Ahmedabad,Asia/Kolkata,23.0225,72.5714,13747,23.0225,72.5714,22.385,71.7453,2026-06-15T01:31:00.000Z,TRUE,32,68,259,8,19,25,19,7,0,50,Overcast,35.2,95.4,28.4,17.6,52,0,0,29.68,1005,31.1,88,0,4,2,260,W,19.8,12.3,Low,6/15/2026
success,"Ganganagar, Bangalore, Karnataka, India",Bangalore,Karnataka,India,Bangalore,Asia/Kolkata,12.9789,77.5917,11428,12.9789,77.5917,14.5204,75.7224,2026-06-15T01:31:00.000Z,TRUE,29,65,277,7,21,22,17,3,0,25,Clear,25.1,77.3,18.8,11.7,83,0,0,29.97,1015,23.2,73.8,0,6,3,265,W,13,8.1,Low,6/15/2026
success,"Periya Thoppu, Chennai, Tamil Nadu, India",Chennai,Tamil Nadu,India,Chennai,Asia/Kolkata,13.0825,80.275,8185,13.0825,80.275,10.9094,78.3665,2026-06-15T01:31:00.000Z,TRUE,42,80,261,5,30,31,25,2,0,75,Mist,37.8,100.1,36.8,22.9,75,0,0,29.68,1005,31.1,88,0,4,2,195,SSW,24.1,15,Low,6/15/2026
success,"Sanathnagar, Hyderabad, Telangana, India",Hyderabad,Telangana,India,Hyderabad,Asia/Kolkata,17.4399,78.4983,8182,17.4399,78.4983,17.8496,79.1152,2026-06-15T01:31:00.000Z,TRUE,36,73,207,7,20,27,21,2,0,31,Partly Cloudy,25.4,77.7,18.5,11.5,36,0,0,29.66,1004,31.5,88.8,0,8.5,5,265,W,11.2,6.9,Low,6/15/2026
success,"Fort William, Kolkata, West Bengal, India",Kolkata,West Bengal,India,Kolkata,Asia/Kolkata,22.5325,88.3521,12457,22.5325,88.3521,22.9965,87.6856,2026-06-15T01:31:00.000Z,TRUE,58,99,245,10,21,42,34,2,0,50,Mist,37.5,99.6,24.7,15.3,89,0,0,29.62,1003,30.3,86.5,0,3.2,1,187,S,17.6,11,Low,6/15/2026
success,"Malad West, Mumbai, Maharashtra, India",Mumbai,Maharashtra,India,Mumbai,Asia/Kolkata,19.29,72.85,13803,19.29,72.85,18.9068,75.6742,2026-06-15T01:31:00.000Z,TRUE,19,50,242,13,19,15,11,5,0,50,Mist,35.8,96.3,21.3,13.2,71,0,0,29.8,1009,31,87.8,0,3.5,2,268,W,16.2,10.1,Low,6/15/2026
success,"Anand Vihar, New Delhi, Delhi, India",New Delhi,Delhi,India,New Delhi,Asia/Kolkata,28.6325,77.2205,2553,28.6325,77.2205,28.6274,77.1717,2026-06-15T01:31:00.000Z,TRUE,71,116,298,29,20,56,42,6,0,7,Severe sandstorm,27.8,82,7.1,4.4,34,0,0,29.56,1001,32.8,91.1,0,2.4,1,204,SSW,5.4,3.4,Low,6/15/2026
success,"Shivajinagar, Pune, Maharashtra, India",Pune,Maharashtra,India,Pune,Asia/Kolkata,18.5203,73.8567,3760,18.5203,73.8567,18.9068,75.6742,2026-06-15T01:31:00.000Z,TRUE,31,67,136,14,29,23,19,2,0,20,Clear,19.6,67.3,16.6,10.3,71,0,0,29.82,1010,25.3,77.5,0,10,6,274,W,13.7,8.5,Low,6/15/2026
success,"Gomti Nagar, Lucknow, Uttar Pradesh, India",Lucknow,Uttar Pradesh,India,Lucknow,Asia/Kolkata,26.85,80.95,12468,26.85,80.95,27.1303,80.8597,2026-06-15T01:31:00.000Z,TRUE,42,80,259,19,28,32,25,2,0,0,Mist,28.9,84,33.8,21,46,0,0,29.59,1002,31.1,88,0,5,3,265,W,22.3,13.9,Low,6/15/2026
success,"Phase 2, Ludhiana, Punjab, India",Ludhiana,Punjab,India,Ludhiana,Asia/Kolkata,30.91,75.85,VIR13356,30.91,75.85,30.9293,75.5005,2026-06-15T01:31:00.000Z,TRUE,71,109,319,28,31,53,40,4,0,6,Clear,31.6,88.9,8.2,5.1,42,0,0,29.56,1001,31.2,88.2,0,5.2,3,170,S,5.4,3.4,Low,6/15/2026
success,"Bagsewaniya, Bhopal, Madhya Pradesh, India",Bhopal,Madhya Pradesh,India,Bhopal,Asia/Kolkata,23.2599,77.4126,VIR2430,23.2599,77.4126,23.8143,77.5341,2026-06-15T01:31:00.000Z,TRUE,36,73,110,10,39,28,22,4,0,75,Mist,25.2,77.4,21.5,13.4,65,0,0.01,29.74,1007,25,77,0,5,3,252,WSW,12.6,7.8,Low,6/15/2026
success,"Khoh, Gurgaon, Haryana, India",Gurgaon,Haryana,India,Gurgaon,Asia/Kolkata,28.456,77.029,12445,28.456,77.029,29,76,2026-06-15T01:31:00.000Z,TRUE,60,103,313,10,26,45,36,2,0,4,Haze,26.9,80.4,9.6,6,36,0,0,29.55,1001,32.2,89.9,0,3.2,1,185,S,6.5,4,Low,6/15/2026
success,"Kaloor, Kochi, Kerala, India",Kochi,Kerala,India,Kochi,Asia/Kolkata,9.9312,76.2673,12812,9.9312,76.2673,10.3529,76.512,2026-06-15T01:31:00.000Z,TRUE,28,62,280,6,28,22,17,2,0,50,Mist,36.1,96.9,20.9,13,94,0.01,0.29,29.83,1010,28.4,83.1,0,4,2,307,NW,13,8.1,Low,6/15/2026
success,"Arunika Vihar, Bhubaneswar, Odisha, India",Bhubaneswar,Odisha,India,Bhubaneswar,Asia/Kolkata,20.2644,85.8281,VIR2431,20.2644,85.8281,20.5431,84.6897,2026-06-15T01:31:00.000Z,TRUE,60,102,66,6,66,44,36,2,0,50,Mist,34,93.2,14.8,9.2,89,0,0,29.62,1003,29.4,84.9,0,3,1,194,SSW,10.1,6.3,Low,6/15/2026
success,"Sector 2, Ranchi, Jharkhand, India",Ranchi,Jharkhand,India,Ranchi,Asia/Kolkata,23.36,85.33,8CBFEA374DE0,23.36,85.33,23.456,85.2557,2026-06-15T01:31:00.000Z,TRUE,68,113,298,3,1,50,40,1,0,75,Mist,26.4,79.5,22.6,14,70,0,0,29.77,1008,26.2,79.2,0,3,1,213,SSW,14.4,8.9,Low,6/15/2026
success,"Vidya Nagar, Madgaon, Goa, India",Madgaon,Goa,India,Madgaon,Asia/Kolkata,15.33,73.98,ACA704868534,15.33,73.98,15.3005,74.0855,2026-06-15T01:31:00.000Z,TRUE,23,60,,,,16,14,,0,87,Patchy rain nearby,32.4,90.3,23.5,14.6,83,0,0.03,29.79,1009,27.9,82.3,0,10,6,313,NW,15.8,9.8,Low,6/15/2026
success,"Dholai, Jaipur, Rajasthan, India",Jaipur,Rajasthan,India,Jaipur,Asia/Kolkata,26.8845,75.7933,48F6EE56C1E4,26.8845,75.7933,26.8106,73.7685,2026-06-15T01:31:00.000Z,TRUE,50,90,290,57,20,39,30,6,0,0,Mist,31,87.9,6.8,4.2,49,0,0,29.71,1006,30.3,86.5,0,3.5,2,130,SE,4.7,2.9,Low,6/15/2026
success,"Ie, Raipur, Chhattisgarh, India",Raipur,Chhattisgarh,India,Raipur,Asia/Kolkata,21.2444,81.6306,VIR18914,21.2444,81.6306,21.6637,81.8406,2026-06-15T01:31:00.000Z,TRUE,46,85,26,5,48,34,28,26,0,7,Clear,33.6,92.5,10.9,6.8,41,0,0,29.6,1002,32.7,90.8,0,10,6,251,WSW,8.3,5.1,Low,6/15/2026
success,"Pan Bazaar, Guwahati, Assam, India",Guwahati,Assam,India,Guwahati,Asia/Kolkata,26.1722,91.7458,13729,26.1722,91.7458,26.4074,93.2551,2026-06-15T01:31:00.000Z,TRUE,81,131,283,5,8,67,48,23,0,75,Mist,33.4,92,7.6,4.7,100,0,0.03,29.65,1004,27,80.6,0,3,1,178,S,3.6,2.2,Low,6/15/2026
success,"Mustafapur, Patna, Bihar, India",Patna,Bihar,India,Patna,Asia/Kolkata,25.594,85.1376,8CBFEA3759BC,25.594,85.1376,25.6441,85.9065,2026-06-15T01:31:00.000Z,TRUE,157,164,240,10,29,98,77,3,0,25,Mist,33.2,91.8,24,14.9,67,0,0,29.59,1002,32.1,89.8,0,3.5,2,84,E,14.4,8.9,Low,6/15/2026
success,"New Subhash Nagar, Dehradun, Uttarakhand, India",Dehradun,Uttarakhand,India,Dehradun,Asia/Kolkata,30.345,78.029,VIR5694,30.345,78.029,30.0417,79.0897,2026-06-15T01:31:00.000Z,TRUE,37,73,240,4,35,28,22,2,0,9,Clear,17.7,63.9,15.1,9.4,50,0,0,29.68,1005,23.1,73.6,0,10,6,56,ENE,7.2,4.5,Low,6/15/2026
success,"Bani, Shimla, Himachal Pradesh, India",Shimla,Himachal Pradesh,India,Shimla,Asia/Kolkata,31.1033,77.1722,VIR21213,31.1033,77.1722,31.9292,77.1828,2026-06-15T01:31:00.000Z,TRUE,17,50,270,6,31,12,10,2,0,5,Clear,15.5,59.9,15.3,9.5,52,0,0,29.76,1008,21.2,70.2,0,10,6,74,ENE,9,5.6,Low,6/15/2026
success,"Nhpc Quarters, Gangtok, Sikkim, India",Gangtok,Sikkim,India,Gangtok,Asia/Kolkata,27.33,88.62,VIR7722,27.33,88.62,27.601,88.4541,2026-06-15T01:31:00.000Z,TRUE,23,43,210,74,16,23,11,2,0,72,Patchy rain nearby,6.3,43.3,8.3,5.2,88,0,0.01,29.86,1011,11.1,51.9,0,10,6,37,NE,4,2.5,Low,6/15/2026
success,"Yeyyadi, Mangalore, Karnataka, India",Mangalore,Karnataka,India,Mangalore,Asia/Kolkata,12.8681,74.8425,13718,12.8681,74.8425,14.5204,75.7224,2026-06-15T01:31:00.000Z,TRUE,46,83,282,4,34,30,28,2,0,50,Partly Cloudy,31,87.9,20.7,12.9,94,0,0.13,29.83,1010,27,80.6,0,6,3,316,NW,13.7,8.5,Low,6/15/2026
success,"S P Pudur, Salem, Tamil Nadu, India",Salem,Tamil Nadu,India,Salem,Asia/Kolkata,11.65,78.15,VIR20001,11.65,78.15,10.9094,78.3665,2026-06-15T01:31:00.000Z,TRUE,38,73,41,6,28,34,23,2,0,19,Clear,24,75.2,13.4,8.3,78,0,0,29.76,1008,26,78.8,0,10,6,214,SW,7.9,4.9,Low,6/15/2026
success,"Nirali Basti, Solapur, Maharashtra, India",Solapur,Maharashtra,India,Solapur,Asia/Kolkata,17.68,75.92,VIR21643,17.68,75.92,18.9068,75.6742,2026-06-15T01:31:00.000Z,TRUE,74,59,40,5,30,74,10,2,0,8,Clear,30.3,86.5,42,26.1,55,0,0,29.74,1007,29,84.2,0,10,6,307,NW,33.1,20.6,Low,6/15/2026
success,"Bopal, Ahmedabad, Gujarat, India",Ahmedabad,Gujarat,India,Ahmedabad,Asia/Kolkata,23.0225,72.5714,13747,23.0225,72.5714,22.385,71.7453,2026-06-17T01:21:01.000Z,TRUE,32,67,213,14,40,24,19,19,0,50,Overcast,36.9,98.3,29.5,18.3,52,0,0,29.71,1006,32,89.6,0,4,2,270,W,21.2,13.2,Low,6/17/2026
success,"Peenya, Bangalore, Karnataka, India",Bangalore,Karnataka,India,Bangalore,Asia/Kolkata,12.9789,77.5917,3758,12.9789,77.5917,14.5204,75.7224,2026-06-17T01:11:01.000Z,TRUE,45,84,175,11,32,33,27,2,0,50,Partly Cloudy,27.2,80.9,14.5,9,79,0,0,29.94,1014,25.1,77.2,0,6,3,240,WSW,9,5.6,Low,6/17/2026
success,"Vyasarpadi, Chennai, Tamil Nadu, India",Chennai,Tamil Nadu,India,Chennai,Asia/Kolkata,13.0825,80.275,13739,13.0825,80.275,10.9094,78.3665,2026-06-17T01:21:01.000Z,TRUE,46,84,122,7,30,35,28,2,0,50,Mist,37.2,99.1,22.9,14.2,84,0,0,29.71,1006,31.3,88.3,0,5,3,197,SSW,14,8.7,Low,6/17/2026
success,"Chanchalguda, Hyderabad, Telangana, India",Hyderabad,Telangana,India,Hyderabad,Asia/Kolkata,17.3617,78.4747,14135,17.3617,78.4747,17.8496,79.1152,2026-06-17T01:21:01.000Z,TRUE,44,83,160,10,32,32,26,4,0,9,Smoky haze,25.7,78.3,14.2,8.8,40,0,0,29.68,1005,31.3,88.4,0,8.5,5,208,SSW,8.3,5.1,Low,6/17/2026
success,"Cossipore, Kolkata, West Bengal, India",Kolkata,West Bengal,India,Kolkata,Asia/Kolkata,22.5944,88.2515,9145,22.5944,88.2515,22.9965,87.6856,2026-06-17T01:21:00.000Z,TRUE,52,92,202,23,34,38,31,2,0,50,Mist,34.8,94.6,27.4,17,89,0,0,29.68,1005,29.3,84.7,0,3.5,2,187,S,19.1,11.9,Low,6/17/2026
success,"Kandivali East, Mumbai, Maharashtra, India",Mumbai,Maharashtra,India,Mumbai,Asia/Kolkata,19.1972,72.9722,13711,19.1972,72.9722,18.9068,75.6742,2026-06-17T01:11:01.000Z,TRUE,17,45,172,19,32,14,10,6,0,25,Mist,36.9,98.4,24.4,15.2,71,0,0.04,29.8,1009,31.1,88,0,4,2,252,WSW,18.7,11.6,Low,6/17/2026
success,"Puth Khurd, New Delhi, Delhi, India",New Delhi,Delhi,India,New Delhi,Asia/Kolkata,28.6325,77.2205,11267,28.6325,77.2205,28.6274,77.1717,2026-06-17T01:21:00.000Z,TRUE,36,71,246,28,27,28,21,5,0,21,Haze,26.7,80.1,13.1,8.1,39,0,0,29.6,1002,32.7,90.8,0,3.9,2,256,WSW,10.1,6.3,Low,6/17/2026
success,"Ideal Colony Kothrud, Pune, Maharashtra, India",Pune,Maharashtra,India,Pune,Asia/Kolkata,18.5203,73.8567,8679,18.5203,73.8567,18.9068,75.6742,2026-06-17T01:21:01.000Z,TRUE,23,59,156,14,33,17,14,2,0,16,Clear,18,64.4,17.8,11.1,77,0,0,29.82,1010,24.9,76.8,0,10,6,281,WNW,15.1,9.4,Low,6/17/2026
success,"South City Block D, Lucknow, Uttar Pradesh, India",Lucknow,Uttar Pradesh,India,Lucknow,Asia/Kolkata,26.85,80.95,13721,26.85,80.95,27.1303,80.8597,2026-06-17T01:21:01.000Z,TRUE,62,105,74,27,64,47,37,2,0,50,Mist,31.2,88.1,20.8,12.9,56,0,0,29.65,1004,32.4,90.3,0,5,3,284,WNW,11.5,7.2,Low,6/17/2026
success,"Maherna Kalan, Ludhiana, Punjab, India",Ludhiana,Punjab,India,Ludhiana,Asia/Kolkata,30.91,75.85,PLLODA000136,30.91,75.85,30.9293,75.5005,2026-06-17T01:11:01.000Z,TRUE,34,68,93,41,44,29,20,2,0,16,Clear,31.9,89.4,20.9,13,45,0,0,29.6,1002,31.2,88.1,0,5.6,3,243,WSW,15.8,9.8,Low,6/17/2026
success,"Kasera Bazar, Bhopal, Madhya Pradesh, India",Bhopal,Madhya Pradesh,India,Bhopal,Asia/Kolkata,23.2599,77.4126,PLLODA000552,23.2599,77.4126,23.8143,77.5341,2026-06-17T01:21:01.000Z,TRUE,41,78,34,13,56,30,24,9,0,80,Patchy rain nearby,30,86,23.1,14.4,45,0,0.08,29.68,1005,29.7,85.5,0,10,6,276,W,13.3,8.3,Low,6/17/2026
success,"Mandikhera, Gurgaon, Haryana, India",Gurgaon,Haryana,India,Gurgaon,Asia/Kolkata,27.5498,76.6355,11920,27.5498,76.6355,29,76,2026-06-17T01:21:01.000Z,TRUE,41,79,237,12,32,30,25,2,0,16,Clear,32.4,90.3,11.9,7.4,44,0,0,29.59,1002,31.6,88.9,0,6.6,4,345,NNW,7.6,4.7,Low,6/17/2026
success,"Kaloor, Kochi, Kerala, India",Kochi,Kerala,India,Kochi,Asia/Kolkata,9.9312,76.2673,12812,9.9312,76.2673,10.3529,76.512,2026-06-17T01:21:00.000Z,TRUE,24,57,275,7,30,17,14,2,0,50,Mist,33,91.5,20.6,12.8,94,0.03,0.74,29.83,1010,27.3,81.1,0,5,3,285,WNW,12.6,7.8,Low,6/17/2026
success,"Arunika Vihar, Bhubaneswar, Odisha, India",Bhubaneswar,Odisha,India,Bhubaneswar,Asia/Kolkata,20.2644,85.8281,VIR2431,20.2644,85.8281,20.5431,84.6897,2026-06-17T01:21:01.000Z,TRUE,51,91,66,6,67,36,31,2,0,75,Mist,33,91.3,26.1,16.2,79,0,0,29.65,1004,28.3,82.9,0,4,2,200,SSW,19.1,11.9,Low,6/17/2026
success,"Gandhi Nagar Colony, Ranchi, Jharkhand, India",Ranchi,Jharkhand,India,Ranchi,Asia/Kolkata,23.36,85.33,VIR18962,23.36,85.33,23.456,85.2557,2026-06-17T01:21:01.000Z,TRUE,62,105,70,71,50,47,38,2,0,75,Mist,26.7,80.1,30,18.6,66,0,0,29.8,1009,27.1,80.8,0,3,1,210,SSW,18,11.2,Low,6/17/2026
success,"Vidya Nagar, Madgaon, Goa, India",Madgaon,Goa,India,Madgaon,Asia/Kolkata,15.33,73.98,ACA704868534,15.33,73.98,15.3005,74.0855,2026-06-17T01:21:23.000Z,TRUE,30,68,,,,20,18,,0,87,Patchy rain nearby,31.9,89.4,19.9,12.4,85,0,0.11,29.79,1009,27.6,81.7,0,10,6,308,NW,13,8.1,Low,6/17/2026
success,"Dholai, Jaipur, Rajasthan, India",Jaipur,Rajasthan,India,Jaipur,Asia/Kolkata,26.8845,75.7933,48F6EE56C1E4,26.8845,75.7933,26.8106,73.7685,2026-06-17T01:21:23.000Z,TRUE,29,64,59,74,36,22,17,2,0,50,Mist,27.1,80.9,13.7,8.5,62,0,0,29.74,1007,27.4,81.3,0,3.5,2,53,NE,9.4,5.8,Low,6/17/2026
success,"Ie, Raipur, Chhattisgarh, India",Raipur,Chhattisgarh,India,Raipur,Asia/Kolkata,21.2444,81.6306,VIR18914,21.2444,81.6306,21.6637,81.8406,2026-06-17T01:21:01.000Z,TRUE,65,110,51,38,30,51,39,2,0,72,Patchy rain nearby,29.4,84.9,10.9,6.8,32,0,0.05,29.62,1003,35,94.9,0,10,6,275,W,7.9,4.9,Low,6/17/2026
success,"Ulubari, Guwahati, Assam, India",Guwahati,Assam,India,Guwahati,Asia/Kolkata,26.1722,91.7458,8856A6EEFA38,26.1722,91.7458,26.4074,93.2551,2026-06-17T01:21:23.000Z,TRUE,76,125,35,6,32,60,46,33,0,75,Mist,31.2,88.2,6.8,4.2,94,0,0,29.65,1004,27,80.6,0,2.5,1,209,SSW,3.6,2.2,Low,6/17/2026
success,"Ashiana Digha Road, Patna, Bihar, India",Patna,Bihar,India,Patna,Asia/Kolkata,25.594,85.1376,PLLODA000626,25.594,85.1376,25.6441,85.9065,2026-06-17T01:21:01.000Z,TRUE,146,161,100,28,41,85,74,2,0,50,Mist,35,95.1,23.9,14.9,71,0,0,29.62,1003,33.2,91.8,0,3.5,2,95,E,16.2,10.1,Low,6/17/2026
success,"Shivalik Nagar, Dehradun, Uttarakhand, India",Dehradun,Uttarakhand,India,Dehradun,Asia/Kolkata,30.345,78.029,PLLODA000300,30.345,78.029,30.0417,79.0897,2026-06-17T01:21:01.000Z,TRUE,64,108,139,7,53,47,38,2,0,11,Smoky haze,27.5,81.5,13.5,8.4,46,0,0,29.63,1003,27.3,81.1,0,9,5,23,NNE,6.8,4.3,Low,6/17/2026
success,"Bani, Shimla, Himachal Pradesh, India",Shimla,Himachal Pradesh,India,Shimla,Asia/Kolkata,31.1033,77.1722,VIR21213,31.1033,77.1722,31.9292,77.1828,2026-06-17T01:21:01.000Z,TRUE,65,111,281,7,31,49,39,2,0,6,Clear,14.9,58.8,16.7,10.4,64,0,0,29.79,1009,20.7,69.3,0,10,6,73,ENE,9.4,5.8,Low,6/17/2026
success,"Nhpc Quarters, Gangtok, Sikkim, India",Gangtok,Sikkim,India,Gangtok,Asia/Kolkata,27.33,88.62,VIR7722,27.33,88.62,27.601,88.4541,2026-06-17T01:21:01.000Z,TRUE,30,62,42,146,30,19,18,2,0,75,Patchy rain nearby,6.7,44.1,8.3,5.2,90,0.01,0.19,29.86,1011,11.4,52.6,0,9,5,32,NNE,4,2.5,Low,6/17/2026
success,"Yeyyadi, Mangalore, Karnataka, India",Mangalore,Karnataka,India,Mangalore,Asia/Kolkata,12.8681,74.8425,13718,12.8681,74.8425,14.5204,75.7224,2026-06-17T01:21:01.000Z,TRUE,21,51,275,6,38,16,12,2,0,25,Patchy rain nearby,33.8,92.8,21.7,13.5,84,0,0.08,29.83,1010,28.2,82.8,0,6,3,299,WNW,14.4,8.9,Low,6/17/2026
success,"S P Pudur, Salem, Tamil Nadu, India",Salem,Tamil Nadu,India,Salem,Asia/Kolkata,11.65,78.15,VIR20001,11.65,78.15,10.9094,78.3665,2026-06-17T01:21:01.000Z,TRUE,44,80,39,7,31,44,26,2,0,28,Partly Cloudy,27.7,81.9,10.4,6.5,71,0,0,29.78,1008,26.8,80.2,0,10,6,185,S,6.8,4.3,Low,6/17/2026
success,"Shaniwar Peth, Solapur, Maharashtra, India",Solapur,Maharashtra,India,Solapur,Asia/Kolkata,17.68,75.92,8729,17.68,75.92,18.9068,75.6742,2026-06-17T01:21:00.000Z,TRUE,79,62,34,30,49,79,13,2,0,7,Clear,30.8,87.4,38.2,23.8,52,0,0,29.73,1007,29.6,85.2,0,10,6,309,NW,29.9,18.6,Low,6/17/2026